A,B,C,Desc,Answer
0.62,1.42,0.25,mvejmejcxaxkbhncsjpmbezdoochlhpw,answer 1
1.07,-3.86,0.25,mvejmejcxaxkbhncsjpmbezdoochlhpw,answer 2
0.29,2.1,0.25,mvejmejcxaxkbhncsjpmbezdoochlhpw,answer 3
0.86,0.29,0.25,mvejmejcxaxkbhncsjpmbezdoochlhpw,answer 4
0,2.39,0.25,mvejmejcxaxkbhncsjpmbezdoochlhpw,answer 5
-0.2,0.06,0.25,mvejmejcxaxkbhncsjpmbezdoochlhpw,answer 6
-0.31,-1.93,0.25,mvejmejcxaxkbhncsjpmbezdoochlhpw,answer 7
0.45,-0.46,0.25,mvejmejcxaxkbhncsjpmbezdoochlhpw,answer 8
1.19,-1.38,0.25,mvejmejcxaxkbhncsjpmbezdoochlhpw,answer 9
1.36,-2.86,0.25,mvejmejcxaxkbhncsjpmbezdoochlhpw,answer 10
0.15,2.38,0.25,mvejmejcxaxkbhncsjpmbezdoochlhpw,answer 11
0.67,1.56,0.25,mvejmejcxaxkbhncsjpmbezdoochlhpw,answer 12
-0.43,1.17,0.25,mvejmejcxaxkbhncsjpmbezdoochlhpw,answer 13
1.97,-1.06,0.25,mvejmejcxaxkbhncsjpmbezdoochlhpw,answer 14
-0.24,-0.3,0.25,mvejmejcxaxkbhncsjpmbezdoochlhpw,answer 15
0.38,1.47,0.25,mvejmejcxaxkbhncsjpmbezdoochlhpw,answer 16
1.08,1.16,0.25,mvejmejcxaxkbhncsjpmbezdoochlhpw,answer 17
0.4,-0.14,0.25,mvejmejcxaxkbhncsjpmbezdoochlhpw,answer 18
0.85,2,0.25,mvejmejcxaxkbhncsjpmbezdoochlhpw,answer 19
-0.33,-2.65,0.25,mvejmejcxaxkbhncsjpmbezdoochlhpw,answer 20
1.92,-2.82,0.25,mvejmejcxaxkbhncsjpmbezdoochlhpw,answer 21
-0.31,-2.12,0.25,mvejmejcxaxkbhncsjpmbezdoochlhpw,answer 22
0.37,-2.69,0.25,mvejmejcxaxkbhncsjpmbezdoochlhpw,answer 23
0.93,1.26,0.25,mvejmejcxaxkbhncsjpmbezdoochlhpw,answer 24
0.84,2.69,0.25,mvejmejcxaxkbhncsjpmbezdoochlhpw,answer 25
0,-0.84,0.25,mvejmejcxaxkbhncsjpmbezdoochlhpw,answer 26
0.68,-3.75,0.25,mvejmejcxaxkbhncsjpmbezdoochlhpw,answer 27
-0.06,-2.72,0.25,mvejmejcxaxkbhncsjpmbezdoochlhpw,answer 28
0.22,0.51,0.25,mvejmejcxaxkbhncsjpmbezdoochlhpw,answer 29
1.19,3,0.25,mvejmejcxaxkbhncsjpmbezdoochlhpw,answer 30
-0.02,-0.33,0.25,mvejmejcxaxkbhncsjpmbezdoochlhpw,answer 31
-0.44,-2.83,0.25,mvejmejcxaxkbhncsjpmbezdoochlhpw,answer 32
-0.38,-1.85,0.25,mvejmejcxaxkbhncsjpmbezdoochlhpw,answer 33
0.05,-2.6,0.25,mvejmejcxaxkbhncsjpmbezdoochlhpw,answer 34
0.76,-2.82,0.25,mvejmejcxaxkbhncsjpmbezdoochlhpw,answer 35
0.42,-1.58,0.25,mvejmejcxaxkbhncsjpmbezdoochlhpw,answer 36
1.41,-1.43,0.25,mvejmejcxaxkbhncsjpmbezdoochlhpw,answer 37
1.53,3.12,0.25,mvejmejcxaxkbhncsjpmbezdoochlhpw,answer 38
1.35,3.37,0.25,mvejmejcxaxkbhncsjpmbezdoochlhpw,answer 39
1.02,-2.34,0.25,mvejmejcxaxkbhncsjpmbezdoochlhpw,answer 40
1.63,-1.39,0.25,mvejmejcxaxkbhncsjpmbezdoochlhpw,answer 41
1.57,1.39,0.25,mvejmejcxaxkbhncsjpmbezdoochlhpw,answer 42
0.72,-3.84,0.25,mvejmejcxaxkbhncsjpmbezdoochlhpw,answer 43
1.59,0.9,0.25,mvejmejcxaxkbhncsjpmbezdoochlhpw,answer 44
1.96,2.02,0.25,mvejmejcxaxkbhncsjpmbezdoochlhpw,answer 45
0.15,-1.78,0.25,mvejmejcxaxkbhncsjpmbezdoochlhpw,answer 46
1.33,-1.44,0.25,mvejmejcxaxkbhncsjpmbezdoochlhpw,answer 47
1.92,3.31,0.25,mvejmejcxaxkbhncsjpmbezdoochlhpw,answer 48
-0.21,-0.37,0.25,mvejmejcxaxkbhncsjpmbezdoochlhpw,answer 49
1.88,-1.63,0.25,mvejmejcxaxkbhncsjpmbezdoochlhpw,answer 50
1.98,2.99,0.25,mvejmejcxaxkbhncsjpmbezdoochlhpw,answer 51
0.4,3.91,0.25,mvejmejcxaxkbhncsjpmbezdoochlhpw,answer 52
0.98,-1.22,0.25,mvejmejcxaxkbhncsjpmbezdoochlhpw,answer 53
1.64,-0.8,0.25,mvejmejcxaxkbhncsjpmbezdoochlhpw,answer 54
1.18,-2.14,0.25,mvejmejcxaxkbhncsjpmbezdoochlhpw,answer 55
1.17,-0.16,0.25,mvejmejcxaxkbhncsjpmbezdoochlhpw,answer 56
1.48,-1.53,0.25,mvejmejcxaxkbhncsjpmbezdoochlhpw,answer 57
1.03,-0.51,0.25,mvejmejcxaxkbhncsjpmbezdoochlhpw,answer 58
0.01,3.8,0.25,mvejmejcxaxkbhncsjpmbezdoochlhpw,answer 59
1.04,-0.51,0.25,mvejmejcxaxkbhncsjpmbezdoochlhpw,answer 60
1.95,-2.23,0.25,mvejmejcxaxkbhncsjpmbezdoochlhpw,answer 61
0.9,-3.15,0.25,mvejmejcxaxkbhncsjpmbezdoochlhpw,answer 62
1.39,4,0.25,mvejmejcxaxkbhncsjpmbezdoochlhpw,answer 63
1.55,2.91,0.25,mvejmejcxaxkbhncsjpmbezdoochlhpw,answer 64
0.81,-3.99,0.25,mvejmejcxaxkbhncsjpmbezdoochlhpw,answer 65
1.47,-1.19,0.25,mvejmejcxaxkbhncsjpmbezdoochlhpw,answer 66
1.33,0.76,0.25,mvejmejcxaxkbhncsjpmbezdoochlhpw,answer 67
-0.01,0.52,0.25,mvejmejcxaxkbhncsjpmbezdoochlhpw,answer 68
0.55,0.16,0.25,mvejmejcxaxkbhncsjpmbezdoochlhpw,answer 69
1.76,-0.09,0.25,mvejmejcxaxkbhncsjpmbezdoochlhpw,answer 70
-0.05,-3.9,0.25,mvejmejcxaxkbhncsjpmbezdoochlhpw,answer 71
0.8,-3.85,0.25,mvejmejcxaxkbhncsjpmbezdoochlhpw,answer 72
-0.19,-2.8,0.25,mvejmejcxaxkbhncsjpmbezdoochlhpw,answer 73
-0.19,2.87,0.25,mvejmejcxaxkbhncsjpmbezdoochlhpw,answer 74
0.79,3.64,0.25,mvejmejcxaxkbhncsjpmbezdoochlhpw,answer 75
-0.1,2.74,0.25,mvejmejcxaxkbhncsjpmbezdoochlhpw,answer 76
0.96,-1.11,0.25,mvejmejcxaxkbhncsjpmbezdoochlhpw,answer 77
-0.32,1.75,0.25,mvejmejcxaxkbhncsjpmbezdoochlhpw,answer 78
0.23,1.87,0.25,mvejmejcxaxkbhncsjpmbezdoochlhpw,answer 79
1.48,-2.71,0.25,mvejmejcxaxkbhncsjpmbezdoochlhpw,answer 80
1.13,2.64,0.25,mvejmejcxaxkbhncsjpmbezdoochlhpw,answer 81
0.15,3.78,0.25,mvejmejcxaxkbhncsjpmbezdoochlhpw,answer 82
-0.47,1.94,0.25,mvejmejcxaxkbhncsjpmbezdoochlhpw,answer 83
1.41,0.61,0.25,mvejmejcxaxkbhncsjpmbezdoochlhpw,answer 84
1.32,-3.67,0.25,mvejmejcxaxkbhncsjpmbezdoochlhpw,answer 85
0.24,-0.14,0.25,mvejmejcxaxkbhncsjpmbezdoochlhpw,answer 86
1.82,1.15,0.25,mvejmejcxaxkbhncsjpmbezdoochlhpw,answer 87
0.48,3,0.25,mvejmejcxaxkbhncsjpmbezdoochlhpw,answer 88
-0.31,-0.26,0.25,mvejmejcxaxkbhncsjpmbezdoochlhpw,answer 89
1.64,3.13,0.25,mvejmejcxaxkbhncsjpmbezdoochlhpw,answer 90
0.27,-0.56,0.25,mvejmejcxaxkbhncsjpmbezdoochlhpw,answer 91
-0.07,3.67,0.25,mvejmejcxaxkbhncsjpmbezdoochlhpw,answer 92
0.09,-2.91,0.25,mvejmejcxaxkbhncsjpmbezdoochlhpw,answer 93
-0.27,3.96,0.25,mvejmejcxaxkbhncsjpmbezdoochlhpw,answer 94
1.3,3.25,0.25,mvejmejcxaxkbhncsjpmbezdoochlhpw,answer 95
0.74,-3.07,0.25,mvejmejcxaxkbhncsjpmbezdoochlhpw,answer 96
0.93,-0.2,0.25,mvejmejcxaxkbhncsjpmbezdoochlhpw,answer 97
1.73,-3.68,0.25,mvejmejcxaxkbhncsjpmbezdoochlhpw,answer 98
-0.2,-1.22,0.25,mvejmejcxaxkbhncsjpmbezdoochlhpw,answer 99
0.52,1.92,0.25,mvejmejcxaxkbhncsjpmbezdoochlhpw,answer 100
0.02,3.15,0.25,mvejmejcxaxkbhncsjpmbezdoochlhpw,answer 101
1.63,0.27,0.25,mvejmejcxaxkbhncsjpmbezdoochlhpw,answer 102
0.44,1.24,0.25,mvejmejcxaxkbhncsjpmbezdoochlhpw,answer 103
1.13,0.06,0.25,mvejmejcxaxkbhncsjpmbezdoochlhpw,answer 104
1.68,1.44,0.25,mvejmejcxaxkbhncsjpmbezdoochlhpw,answer 105
0.89,3.01,0.25,mvejmejcxaxkbhncsjpmbezdoochlhpw,answer 106
0.28,0.81,0.25,mvejmejcxaxkbhncsjpmbezdoochlhpw,answer 107
-0.38,-1.44,0.25,mvejmejcxaxkbhncsjpmbezdoochlhpw,answer 108
1.68,-2.96,0.25,mvejmejcxaxkbhncsjpmbezdoochlhpw,answer 109
1.9,1.87,0.25,mvejmejcxaxkbhncsjpmbezdoochlhpw,answer 110
1.27,-3.01,0.25,mvejmejcxaxkbhncsjpmbezdoochlhpw,answer 111
-0.02,2.27,0.25,mvejmejcxaxkbhncsjpmbezdoochlhpw,answer 112
1.52,-0.76,0.25,mvejmejcxaxkbhncsjpmbezdoochlhpw,answer 113
1.15,2.76,0.25,mvejmejcxaxkbhncsjpmbezdoochlhpw,answer 114
1.49,-3.82,0.25,mvejmejcxaxkbhncsjpmbezdoochlhpw,answer 115
1.27,-1.94,0.25,mvejmejcxaxkbhncsjpmbezdoochlhpw,answer 116
1.5,0.51,0.25,mvejmejcxaxkbhncsjpmbezdoochlhpw,answer 117
0.99,3.14,0.25,mvejmejcxaxkbhncsjpmbezdoochlhpw,answer 118
0.81,1.4,0.25,mvejmejcxaxkbhncsjpmbezdoochlhpw,answer 119
0.81,-3.63,0.25,mvejmejcxaxkbhncsjpmbezdoochlhpw,answer 120
1.19,-2.6,0.25,mvejmejcxaxkbhncsjpmbezdoochlhpw,answer 121
0.48,0.26,0.25,mvejmejcxaxkbhncsjpmbezdoochlhpw,answer 122
1.68,-2.51,0.25,mvejmejcxaxkbhncsjpmbezdoochlhpw,answer 123
1.8,-3.25,0.25,mvejmejcxaxkbhncsjpmbezdoochlhpw,answer 124
1.28,-0.12,0.25,mvejmejcxaxkbhncsjpmbezdoochlhpw,answer 125
1.91,-0.65,0.25,mvejmejcxaxkbhncsjpmbezdoochlhpw,answer 126
1.33,1.25,0.25,mvejmejcxaxkbhncsjpmbezdoochlhpw,answer 127
1.64,0.51,0.25,mvejmejcxaxkbhncsjpmbezdoochlhpw,answer 128
0.13,0.13,0.25,mvejmejcxaxkbhncsjpmbezdoochlhpw,answer 129
1,-3.34,0.25,mvejmejcxaxkbhncsjpmbezdoochlhpw,answer 130
1.49,-0.63,0.25,mvejmejcxaxkbhncsjpmbezdoochlhpw,answer 131
0.52,2.75,0.25,mvejmejcxaxkbhncsjpmbezdoochlhpw,answer 132
-0.12,-3.07,0.25,mvejmejcxaxkbhncsjpmbezdoochlhpw,answer 133
0.36,-2.38,0.25,mvejmejcxaxkbhncsjpmbezdoochlhpw,answer 134
0.14,-1.33,0.25,mvejmejcxaxkbhncsjpmbezdoochlhpw,answer 135
-0.21,3.36,0.25,mvejmejcxaxkbhncsjpmbezdoochlhpw,answer 136
1.43,3.63,0.25,mvejmejcxaxkbhncsjpmbezdoochlhpw,answer 137
0.74,2.29,0.25,mvejmejcxaxkbhncsjpmbezdoochlhpw,answer 138
0.97,3.01,0.25,mvejmejcxaxkbhncsjpmbezdoochlhpw,answer 139
0.34,1.73,0.25,mvejmejcxaxkbhncsjpmbezdoochlhpw,answer 140
-0.19,-0.39,0.25,mvejmejcxaxkbhncsjpmbezdoochlhpw,answer 141
1.12,1.86,0.25,mvejmejcxaxkbhncsjpmbezdoochlhpw,answer 142
-0.04,0.01,0.25,mvejmejcxaxkbhncsjpmbezdoochlhpw,answer 143
-0.39,-0.5,0.25,mvejmejcxaxkbhncsjpmbezdoochlhpw,answer 144
1.6,3.96,0.25,mvejmejcxaxkbhncsjpmbezdoochlhpw,answer 145
1.43,-0.78,0.25,mvejmejcxaxkbhncsjpmbezdoochlhpw,answer 146
0.87,1.74,0.25,mvejmejcxaxkbhncsjpmbezdoochlhpw,answer 147
0.9,1.2,0.25,mvejmejcxaxkbhncsjpmbezdoochlhpw,answer 148
1.18,3.5,0.25,mvejmejcxaxkbhncsjpmbezdoochlhpw,answer 149
-0.16,2.3,0.25,mvejmejcxaxkbhncsjpmbezdoochlhpw,answer 150
-0.11,0.01,0.25,mvejmejcxaxkbhncsjpmbezdoochlhpw,answer 151
1.45,-3.21,0.25,mvejmejcxaxkbhncsjpmbezdoochlhpw,answer 152
-0.31,-0.59,0.25,mvejmejcxaxkbhncsjpmbezdoochlhpw,answer 153
1.03,-1.45,0.25,mvejmejcxaxkbhncsjpmbezdoochlhpw,answer 154
1.99,1.78,0.25,mvejmejcxaxkbhncsjpmbezdoochlhpw,answer 155
0.59,0.57,0.25,mvejmejcxaxkbhncsjpmbezdoochlhpw,answer 156
0.62,-1.15,0.25,mvejmejcxaxkbhncsjpmbezdoochlhpw,answer 157
-0.44,-0.63,0.25,mvejmejcxaxkbhncsjpmbezdoochlhpw,answer 158
1.06,1.09,0.25,mvejmejcxaxkbhncsjpmbezdoochlhpw,answer 159
-0.44,-2.24,0.25,mvejmejcxaxkbhncsjpmbezdoochlhpw,answer 160
-0.31,2.52,0.25,mvejmejcxaxkbhncsjpmbezdoochlhpw,answer 161
-0.48,2.02,0.25,mvejmejcxaxkbhncsjpmbezdoochlhpw,answer 162
-0.32,-3.57,0.25,mvejmejcxaxkbhncsjpmbezdoochlhpw,answer 163
1.54,-0.91,0.25,mvejmejcxaxkbhncsjpmbezdoochlhpw,answer 164
-0.35,0.7,0.25,mvejmejcxaxkbhncsjpmbezdoochlhpw,answer 165
0.18,3.82,0.25,mvejmejcxaxkbhncsjpmbezdoochlhpw,answer 166
-0.31,-1.03,0.25,mvejmejcxaxkbhncsjpmbezdoochlhpw,answer 167
1.5,3.85,0.25,mvejmejcxaxkbhncsjpmbezdoochlhpw,answer 168
0.55,0.24,0.25,mvejmejcxaxkbhncsjpmbezdoochlhpw,answer 169
-0.5,-2.17,0.25,mvejmejcxaxkbhncsjpmbezdoochlhpw,answer 170
0.34,1.81,0.25,mvejmejcxaxkbhncsjpmbezdoochlhpw,answer 171
-0.4,-1.41,0.25,mvejmejcxaxkbhncsjpmbezdoochlhpw,answer 172
1.3,-0.16,0.25,mvejmejcxaxkbhncsjpmbezdoochlhpw,answer 173
-0.07,1.66,0.25,mvejmejcxaxkbhncsjpmbezdoochlhpw,answer 174
0.23,0.83,0.25,mvejmejcxaxkbhncsjpmbezdoochlhpw,answer 175
0.34,2.27,0.25,mvejmejcxaxkbhncsjpmbezdoochlhpw,answer 176
0.08,0.68,0.25,mvejmejcxaxkbhncsjpmbezdoochlhpw,answer 177
-0.42,-3.6,0.25,mvejmejcxaxkbhncsjpmbezdoochlhpw,answer 178
1.18,-3.2,0.25,mvejmejcxaxkbhncsjpmbezdoochlhpw,answer 179
1.14,-1.31,0.25,mvejmejcxaxkbhncsjpmbezdoochlhpw,answer 180
-0.21,-2.12,0.25,mvejmejcxaxkbhncsjpmbezdoochlhpw,answer 181
1.97,2.08,0.25,mvejmejcxaxkbhncsjpmbezdoochlhpw,answer 182
0.9,1.4,0.25,mvejmejcxaxkbhncsjpmbezdoochlhpw,answer 183
-0.08,-2.93,0.25,mvejmejcxaxkbhncsjpmbezdoochlhpw,answer 184
1.48,2.95,0.25,mvejmejcxaxkbhncsjpmbezdoochlhpw,answer 185
-0.01,3.87,0.25,mvejmejcxaxkbhncsjpmbezdoochlhpw,answer 186
-0.48,3.56,0.25,mvejmejcxaxkbhncsjpmbezdoochlhpw,answer 187
0.67,-0.22,0.25,mvejmejcxaxkbhncsjpmbezdoochlhpw,answer 188
1.64,-0.61,0.25,mvejmejcxaxkbhncsjpmbezdoochlhpw,answer 189
0.09,-3.86,0.25,mvejmejcxaxkbhncsjpmbezdoochlhpw,answer 190
0.96,-0.28,0.25,mvejmejcxaxkbhncsjpmbezdoochlhpw,answer 191
1.42,-1.33,0.25,mvejmejcxaxkbhncsjpmbezdoochlhpw,answer 192
1.93,-1.04,0.25,mvejmejcxaxkbhncsjpmbezdoochlhpw,answer 193
0.59,-1.99,0.25,mvejmejcxaxkbhncsjpmbezdoochlhpw,answer 194
1.92,3.68,0.25,mvejmejcxaxkbhncsjpmbezdoochlhpw,answer 195
0.35,-1.22,0.25,mvejmejcxaxkbhncsjpmbezdoochlhpw,answer 196
1.35,2.97,0.25,mvejmejcxaxkbhncsjpmbezdoochlhpw,answer 197
0.61,-3.51,0.25,mvejmejcxaxkbhncsjpmbezdoochlhpw,answer 198
1.29,-0.82,0.25,mvejmejcxaxkbhncsjpmbezdoochlhpw,answer 199
1.17,3.94,0.25,mvejmejcxaxkbhncsjpmbezdoochlhpw,answer 200
0.5,-1.57,0.25,mvejmejcxaxkbhncsjpmbezdoochlhpw,answer 201
0.34,-1.45,0.25,mvejmejcxaxkbhncsjpmbezdoochlhpw,answer 202
1.1,-3.07,0.25,mvejmejcxaxkbhncsjpmbezdoochlhpw,answer 203
0.55,0.86,0.25,mvejmejcxaxkbhncsjpmbezdoochlhpw,answer 204
-0.47,-1.18,0.25,mvejmejcxaxkbhncsjpmbezdoochlhpw,answer 205
0.71,-0.23,0.25,mvejmejcxaxkbhncsjpmbezdoochlhpw,answer 206
0.69,-3.86,0.25,mvejmejcxaxkbhncsjpmbezdoochlhpw,answer 207
-0.27,-0.56,0.25,mvejmejcxaxkbhncsjpmbezdoochlhpw,answer 208
0.1,-0.49,0.25,mvejmejcxaxkbhncsjpmbezdoochlhpw,answer 209
-0.03,-0.47,0.25,mvejmejcxaxkbhncsjpmbezdoochlhpw,answer 210
0.1,3.52,0.25,mvejmejcxaxkbhncsjpmbezdoochlhpw,answer 211
1.61,2.03,0.25,mvejmejcxaxkbhncsjpmbezdoochlhpw,answer 212
0.73,3.25,0.25,mvejmejcxaxkbhncsjpmbezdoochlhpw,answer 213
-0.23,-0.64,0.25,mvejmejcxaxkbhncsjpmbezdoochlhpw,answer 214
-0.45,-1.72,0.25,mvejmejcxaxkbhncsjpmbezdoochlhpw,answer 215
-0.35,-1.31,0.25,mvejmejcxaxkbhncsjpmbezdoochlhpw,answer 216
-0.38,-3.31,0.25,mvejmejcxaxkbhncsjpmbezdoochlhpw,answer 217
1.24,1.3,0.25,mvejmejcxaxkbhncsjpmbezdoochlhpw,answer 218
1.24,-0.37,0.25,mvejmejcxaxkbhncsjpmbezdoochlhpw,answer 219
-0.26,-1.55,0.25,mvejmejcxaxkbhncsjpmbezdoochlhpw,answer 220
0.6,2.96,0.25,mvejmejcxaxkbhncsjpmbezdoochlhpw,answer 221
1.05,-1.07,0.25,mvejmejcxaxkbhncsjpmbezdoochlhpw,answer 222
0.93,0.56,0.25,mvejmejcxaxkbhncsjpmbezdoochlhpw,answer 223
0.39,-0.36,0.25,mvejmejcxaxkbhncsjpmbezdoochlhpw,answer 224
-0.47,1.39,0.25,mvejmejcxaxkbhncsjpmbezdoochlhpw,answer 225
-0.18,-0.64,0.25,mvejmejcxaxkbhncsjpmbezdoochlhpw,answer 226
0.84,3.08,0.25,mvejmejcxaxkbhncsjpmbezdoochlhpw,answer 227
0.21,-2.2,0.25,mvejmejcxaxkbhncsjpmbezdoochlhpw,answer 228
1.95,2.66,0.25,mvejmejcxaxkbhncsjpmbezdoochlhpw,answer 229
1.04,-0.46,0.25,mvejmejcxaxkbhncsjpmbezdoochlhpw,answer 230
-0.43,0.43,0.25,mvejmejcxaxkbhncsjpmbezdoochlhpw,answer 231
-0.04,2.91,0.25,mvejmejcxaxkbhncsjpmbezdoochlhpw,answer 232
1.61,-1.98,0.25,mvejmejcxaxkbhncsjpmbezdoochlhpw,answer 233
0.26,2.03,0.25,mvejmejcxaxkbhncsjpmbezdoochlhpw,answer 234
-0.48,1.28,0.25,mvejmejcxaxkbhncsjpmbezdoochlhpw,answer 235
0.18,-2.51,0.25,mvejmejcxaxkbhncsjpmbezdoochlhpw,answer 236
0.57,-2.91,0.25,mvejmejcxaxkbhncsjpmbezdoochlhpw,answer 237
0.52,2.71,0.25,mvejmejcxaxkbhncsjpmbezdoochlhpw,answer 238
0.53,-1.49,0.25,mvejmejcxaxkbhncsjpmbezdoochlhpw,answer 239
0.52,-3.64,0.25,mvejmejcxaxkbhncsjpmbezdoochlhpw,answer 240
1.9,-1.29,0.25,mvejmejcxaxkbhncsjpmbezdoochlhpw,answer 241
-0.37,2.21,0.25,mvejmejcxaxkbhncsjpmbezdoochlhpw,answer 242
1.6,-3.96,0.25,mvejmejcxaxkbhncsjpmbezdoochlhpw,answer 243
0.52,3.65,0.25,mvejmejcxaxkbhncsjpmbezdoochlhpw,answer 244
1.05,-0.84,0.25,mvejmejcxaxkbhncsjpmbezdoochlhpw,answer 245
1.31,3.95,0.25,mvejmejcxaxkbhncsjpmbezdoochlhpw,answer 246
1.32,1.7,0.25,mvejmejcxaxkbhncsjpmbezdoochlhpw,answer 247
-0.17,1.49,0.25,mvejmejcxaxkbhncsjpmbezdoochlhpw,answer 248
1.14,0.25,0.25,mvejmejcxaxkbhncsjpmbezdoochlhpw,answer 249
0.95,0.04,0.25,mvejmejcxaxkbhncsjpmbezdoochlhpw,answer 250
-0.42,-0.68,0.25,mvejmejcxaxkbhncsjpmbezdoochlhpw,answer 251
1.51,3.41,0.25,mvejmejcxaxkbhncsjpmbezdoochlhpw,answer 252
0.15,-1.21,0.25,mvejmejcxaxkbhncsjpmbezdoochlhpw,answer 253
-0.39,-0.05,0.25,mvejmejcxaxkbhncsjpmbezdoochlhpw,answer 254
0.5,-2.45,0.25,mvejmejcxaxkbhncsjpmbezdoochlhpw,answer 255
1.41,-0.19,0.25,mvejmejcxaxkbhncsjpmbezdoochlhpw,answer 256
0.28,-0.45,0.25,mvejmejcxaxkbhncsjpmbezdoochlhpw,answer 257
0.42,1.3,0.25,mvejmejcxaxkbhncsjpmbezdoochlhpw,answer 258
1.31,-0.11,0.25,mvejmejcxaxkbhncsjpmbezdoochlhpw,answer 259
-0.38,-0.59,0.25,mvejmejcxaxkbhncsjpmbezdoochlhpw,answer 260
0.04,2.47,0.25,mvejmejcxaxkbhncsjpmbezdoochlhpw,answer 261
0.86,3.77,0.25,mvejmejcxaxkbhncsjpmbezdoochlhpw,answer 262
-0.21,-1.57,0.25,mvejmejcxaxkbhncsjpmbezdoochlhpw,answer 263
0.52,-1.21,0.25,mvejmejcxaxkbhncsjpmbezdoochlhpw,answer 264
1.58,-2.62,0.25,mvejmejcxaxkbhncsjpmbezdoochlhpw,answer 265
0.56,-0.18,0.25,mvejmejcxaxkbhncsjpmbezdoochlhpw,answer 266
-0.02,-3.72,0.25,mvejmejcxaxkbhncsjpmbezdoochlhpw,answer 267
1.18,2.77,0.25,mvejmejcxaxkbhncsjpmbezdoochlhpw,answer 268
0.61,-3.35,0.25,mvejmejcxaxkbhncsjpmbezdoochlhpw,answer 269
0.24,2.41,0.25,mvejmejcxaxkbhncsjpmbezdoochlhpw,answer 270
1.55,0.74,0.25,mvejmejcxaxkbhncsjpmbezdoochlhpw,answer 271
1.08,-0.8,0.25,mvejmejcxaxkbhncsjpmbezdoochlhpw,answer 272
1.62,0.89,0.25,mvejmejcxaxkbhncsjpmbezdoochlhpw,answer 273
1.14,-3.77,0.25,mvejmejcxaxkbhncsjpmbezdoochlhpw,answer 274
-0.13,-2.07,0.25,mvejmejcxaxkbhncsjpmbezdoochlhpw,answer 275
0.16,3.41,0.25,mvejmejcxaxkbhncsjpmbezdoochlhpw,answer 276
0.56,-0.4,0.25,mvejmejcxaxkbhncsjpmbezdoochlhpw,answer 277
0.47,2.24,0.25,mvejmejcxaxkbhncsjpmbezdoochlhpw,answer 278
1.4,-3.53,0.25,mvejmejcxaxkbhncsjpmbezdoochlhpw,answer 279
0.86,1.58,0.25,mvejmejcxaxkbhncsjpmbezdoochlhpw,answer 280
-0.34,0.5,0.25,mvejmejcxaxkbhncsjpmbezdoochlhpw,answer 281
0.97,-2.93,0.25,mvejmejcxaxkbhncsjpmbezdoochlhpw,answer 282
1.98,4,0.25,mvejmejcxaxkbhncsjpmbezdoochlhpw,answer 283
0.55,-1.56,0.25,mvejmejcxaxkbhncsjpmbezdoochlhpw,answer 284
0.05,-1.77,0.25,mvejmejcxaxkbhncsjpmbezdoochlhpw,answer 285
-0.2,-2.43,0.25,mvejmejcxaxkbhncsjpmbezdoochlhpw,answer 286
1.98,2.16,0.25,mvejmejcxaxkbhncsjpmbezdoochlhpw,answer 287
1.88,0.25,0.25,mvejmejcxaxkbhncsjpmbezdoochlhpw,answer 288
1.45,3.38,0.25,mvejmejcxaxkbhncsjpmbezdoochlhpw,answer 289
-0.11,-1.51,0.25,mvejmejcxaxkbhncsjpmbezdoochlhpw,answer 290
1.7,-2.65,0.25,mvejmejcxaxkbhncsjpmbezdoochlhpw,answer 291
0.3,-2.92,0.25,mvejmejcxaxkbhncsjpmbezdoochlhpw,answer 292
-0.44,0.59,0.25,mvejmejcxaxkbhncsjpmbezdoochlhpw,answer 293
0.28,3.76,0.25,mvejmejcxaxkbhncsjpmbezdoochlhpw,answer 294
0.38,0.23,0.25,mvejmejcxaxkbhncsjpmbezdoochlhpw,answer 295
1.1,0.39,0.25,mvejmejcxaxkbhncsjpmbezdoochlhpw,answer 296
0.46,-3.02,0.25,mvejmejcxaxkbhncsjpmbezdoochlhpw,answer 297
1.29,-2.63,0.25,mvejmejcxaxkbhncsjpmbezdoochlhpw,answer 298
0.1,3.16,0.25,mvejmejcxaxkbhncsjpmbezdoochlhpw,answer 299
0.37,0.83,0.25,mvejmejcxaxkbhncsjpmbezdoochlhpw,answer 300
1.73,2.74,0.25,mvejmejcxaxkbhncsjpmbezdoochlhpw,answer 301
0.09,1.21,0.25,mvejmejcxaxkbhncsjpmbezdoochlhpw,answer 302
0.25,3.87,0.25,mvejmejcxaxkbhncsjpmbezdoochlhpw,answer 303
0.25,1.42,0.25,mvejmejcxaxkbhncsjpmbezdoochlhpw,answer 304
1.85,2.48,0.25,mvejmejcxaxkbhncsjpmbezdoochlhpw,answer 305
-0.37,-1.56,0.25,mvejmejcxaxkbhncsjpmbezdoochlhpw,answer 306
1.47,2.85,0.25,mvejmejcxaxkbhncsjpmbezdoochlhpw,answer 307
-0.41,2.76,0.25,mvejmejcxaxkbhncsjpmbezdoochlhpw,answer 308
0.76,2.35,0.25,mvejmejcxaxkbhncsjpmbezdoochlhpw,answer 309
-0.1,3.36,0.25,mvejmejcxaxkbhncsjpmbezdoochlhpw,answer 310
0.81,-3.04,0.25,mvejmejcxaxkbhncsjpmbezdoochlhpw,answer 311
1.8,-0.53,0.25,mvejmejcxaxkbhncsjpmbezdoochlhpw,answer 312
-0.29,0.83,0.25,mvejmejcxaxkbhncsjpmbezdoochlhpw,answer 313
0.83,-3.3,0.25,mvejmejcxaxkbhncsjpmbezdoochlhpw,answer 314
1.16,3.4,0.25,mvejmejcxaxkbhncsjpmbezdoochlhpw,answer 315
1.13,1.11,0.25,mvejmejcxaxkbhncsjpmbezdoochlhpw,answer 316
0.4,-2.5,0.25,mvejmejcxaxkbhncsjpmbezdoochlhpw,answer 317
0.39,-1.86,0.25,mvejmejcxaxkbhncsjpmbezdoochlhpw,answer 318
1.26,-0.95,0.25,mvejmejcxaxkbhncsjpmbezdoochlhpw,answer 319
0.65,2.26,0.25,mvejmejcxaxkbhncsjpmbezdoochlhpw,answer 320
1.65,-3.41,0.25,mvejmejcxaxkbhncsjpmbezdoochlhpw,answer 321
-0.18,-3.46,0.25,mvejmejcxaxkbhncsjpmbezdoochlhpw,answer 322
0.1,0.97,0.25,mvejmejcxaxkbhncsjpmbezdoochlhpw,answer 323
1.42,-3.06,0.25,mvejmejcxaxkbhncsjpmbezdoochlhpw,answer 324
0.34,2.55,0.25,mvejmejcxaxkbhncsjpmbezdoochlhpw,answer 325
0.26,1.02,0.25,mvejmejcxaxkbhncsjpmbezdoochlhpw,answer 326
0.96,0.61,0.25,mvejmejcxaxkbhncsjpmbezdoochlhpw,answer 327
1.12,-2.22,0.25,mvejmejcxaxkbhncsjpmbezdoochlhpw,answer 328
1.89,2.56,0.25,mvejmejcxaxkbhncsjpmbezdoochlhpw,answer 329
-0.2,-1.48,0.25,mvejmejcxaxkbhncsjpmbezdoochlhpw,answer 330
1.24,-2.85,0.25,mvejmejcxaxkbhncsjpmbezdoochlhpw,answer 331
0.69,-2.52,0.25,mvejmejcxaxkbhncsjpmbezdoochlhpw,answer 332
0.02,0.65,0.25,mvejmejcxaxkbhncsjpmbezdoochlhpw,answer 333
0.96,-3.55,0.25,mvejmejcxaxkbhncsjpmbezdoochlhpw,answer 334
0.67,3.44,0.25,mvejmejcxaxkbhncsjpmbezdoochlhpw,answer 335
0.63,1.9,0.25,mvejmejcxaxkbhncsjpmbezdoochlhpw,answer 336
0.92,-3.34,0.25,mvejmejcxaxkbhncsjpmbezdoochlhpw,answer 337
1.01,-1.77,0.25,mvejmejcxaxkbhncsjpmbezdoochlhpw,answer 338
1.88,-0.92,0.25,mvejmejcxaxkbhncsjpmbezdoochlhpw,answer 339
1.52,2.79,0.25,mvejmejcxaxkbhncsjpmbezdoochlhpw,answer 340
0.52,-3.65,0.25,mvejmejcxaxkbhncsjpmbezdoochlhpw,answer 341
1.77,3.74,0.25,mvejmejcxaxkbhncsjpmbezdoochlhpw,answer 342
1.62,2.42,0.25,mvejmejcxaxkbhncsjpmbezdoochlhpw,answer 343
-0.11,-2.51,0.25,mvejmejcxaxkbhncsjpmbezdoochlhpw,answer 344
0.82,-0.29,0.25,mvejmejcxaxkbhncsjpmbezdoochlhpw,answer 345
1.16,-1.58,0.25,mvejmejcxaxkbhncsjpmbezdoochlhpw,answer 346
0.87,0.61,0.25,mvejmejcxaxkbhncsjpmbezdoochlhpw,answer 347
1.5,-1.88,0.25,mvejmejcxaxkbhncsjpmbezdoochlhpw,answer 348
1.64,3.78,0.25,mvejmejcxaxkbhncsjpmbezdoochlhpw,answer 349
1.81,-2.75,0.25,mvejmejcxaxkbhncsjpmbezdoochlhpw,answer 350
1.16,-2.44,0.25,mvejmejcxaxkbhncsjpmbezdoochlhpw,answer 351
0.72,-2.72,0.25,mvejmejcxaxkbhncsjpmbezdoochlhpw,answer 352
0.15,1.17,0.25,mvejmejcxaxkbhncsjpmbezdoochlhpw,answer 353
-0.01,1.89,0.25,mvejmejcxaxkbhncsjpmbezdoochlhpw,answer 354
1.45,3.89,0.25,mvejmejcxaxkbhncsjpmbezdoochlhpw,answer 355
-0.3,3.1,0.25,mvejmejcxaxkbhncsjpmbezdoochlhpw,answer 356
1.94,-3.85,0.25,mvejmejcxaxkbhncsjpmbezdoochlhpw,answer 357
0.33,3.88,0.25,mvejmejcxaxkbhncsjpmbezdoochlhpw,answer 358
1.13,-3.23,0.25,mvejmejcxaxkbhncsjpmbezdoochlhpw,answer 359
-0.18,-2.14,0.25,mvejmejcxaxkbhncsjpmbezdoochlhpw,answer 360
0.84,2.75,0.25,mvejmejcxaxkbhncsjpmbezdoochlhpw,answer 361
1.39,-0.36,0.25,mvejmejcxaxkbhncsjpmbezdoochlhpw,answer 362
0.25,0.27,0.25,mvejmejcxaxkbhncsjpmbezdoochlhpw,answer 363
0.38,3.54,0.25,mvejmejcxaxkbhncsjpmbezdoochlhpw,answer 364
1.5,1.24,0.25,mvejmejcxaxkbhncsjpmbezdoochlhpw,answer 365
-0.41,-0.11,0.25,mvejmejcxaxkbhncsjpmbezdoochlhpw,answer 366
0.84,1.06,0.25,mvejmejcxaxkbhncsjpmbezdoochlhpw,answer 367
1.51,0.5,0.25,mvejmejcxaxkbhncsjpmbezdoochlhpw,answer 368
0.44,3.76,0.25,mvejmejcxaxkbhncsjpmbezdoochlhpw,answer 369
1.71,0.49,0.25,mvejmejcxaxkbhncsjpmbezdoochlhpw,answer 370
1.59,1.39,0.25,mvejmejcxaxkbhncsjpmbezdoochlhpw,answer 371
1.85,0.77,0.25,mvejmejcxaxkbhncsjpmbezdoochlhpw,answer 372
0.06,1.99,0.25,mvejmejcxaxkbhncsjpmbezdoochlhpw,answer 373
1.33,2.6,0.25,mvejmejcxaxkbhncsjpmbezdoochlhpw,answer 374
0.15,1.55,0.25,mvejmejcxaxkbhncsjpmbezdoochlhpw,answer 375
0.31,-1.51,0.25,mvejmejcxaxkbhncsjpmbezdoochlhpw,answer 376
-0.09,1.86,0.25,mvejmejcxaxkbhncsjpmbezdoochlhpw,answer 377
0.91,1.49,0.25,mvejmejcxaxkbhncsjpmbezdoochlhpw,answer 378
1.19,-1.34,0.25,mvejmejcxaxkbhncsjpmbezdoochlhpw,answer 379
0.61,-3.89,0.25,mvejmejcxaxkbhncsjpmbezdoochlhpw,answer 380
0.95,0.7,0.25,mvejmejcxaxkbhncsjpmbezdoochlhpw,answer 381
0.61,0.87,0.25,mvejmejcxaxkbhncsjpmbezdoochlhpw,answer 382
1.8,0.79,0.25,mvejmejcxaxkbhncsjpmbezdoochlhpw,answer 383
1.47,-0.74,0.25,mvejmejcxaxkbhncsjpmbezdoochlhpw,answer 384
0.31,-3.62,0.25,mvejmejcxaxkbhncsjpmbezdoochlhpw,answer 385
1.66,1.07,0.25,mvejmejcxaxkbhncsjpmbezdoochlhpw,answer 386
1.88,3.43,0.25,mvejmejcxaxkbhncsjpmbezdoochlhpw,answer 387
0.26,-1.75,0.25,mvejmejcxaxkbhncsjpmbezdoochlhpw,answer 388
-0.36,-1.52,0.25,mvejmejcxaxkbhncsjpmbezdoochlhpw,answer 389
-0.46,1.27,0.25,mvejmejcxaxkbhncsjpmbezdoochlhpw,answer 390
1,2.3,0.25,mvejmejcxaxkbhncsjpmbezdoochlhpw,answer 391
0.05,2.95,0.25,mvejmejcxaxkbhncsjpmbezdoochlhpw,answer 392
1.94,-0.72,0.25,mvejmejcxaxkbhncsjpmbezdoochlhpw,answer 393
1.62,-0.28,0.25,mvejmejcxaxkbhncsjpmbezdoochlhpw,answer 394
1.19,3.12,0.25,mvejmejcxaxkbhncsjpmbezdoochlhpw,answer 395
0.2,3.97,0.25,mvejmejcxaxkbhncsjpmbezdoochlhpw,answer 396
1.08,-2.05,0.25,mvejmejcxaxkbhncsjpmbezdoochlhpw,answer 397
0.92,-2.18,0.25,mvejmejcxaxkbhncsjpmbezdoochlhpw,answer 398
0,3.36,0.25,mvejmejcxaxkbhncsjpmbezdoochlhpw,answer 399
1.08,0.23,0.25,mvejmejcxaxkbhncsjpmbezdoochlhpw,answer 400
-0.46,1.55,0.25,mvejmejcxaxkbhncsjpmbezdoochlhpw,answer 401
0.83,0.81,0.25,mvejmejcxaxkbhncsjpmbezdoochlhpw,answer 402
1.4,-2.02,0.25,mvejmejcxaxkbhncsjpmbezdoochlhpw,answer 403
1.81,-1.04,0.25,mvejmejcxaxkbhncsjpmbezdoochlhpw,answer 404
0.29,2.82,0.25,mvejmejcxaxkbhncsjpmbezdoochlhpw,answer 405
-0.13,-2.43,0.25,mvejmejcxaxkbhncsjpmbezdoochlhpw,answer 406
1.21,0.47,0.25,mvejmejcxaxkbhncsjpmbezdoochlhpw,answer 407
-0.29,1.19,0.25,mvejmejcxaxkbhncsjpmbezdoochlhpw,answer 408
1.67,1.26,0.25,mvejmejcxaxkbhncsjpmbezdoochlhpw,answer 409
1.7,0.53,0.25,mvejmejcxaxkbhncsjpmbezdoochlhpw,answer 410
0.42,0.68,0.25,mvejmejcxaxkbhncsjpmbezdoochlhpw,answer 411
1.34,-0.2,0.25,mvejmejcxaxkbhncsjpmbezdoochlhpw,answer 412
1.26,-0.76,0.25,mvejmejcxaxkbhncsjpmbezdoochlhpw,answer 413
0.16,3.13,0.25,mvejmejcxaxkbhncsjpmbezdoochlhpw,answer 414
-0.24,2.29,0.25,mvejmejcxaxkbhncsjpmbezdoochlhpw,answer 415
0.32,3.98,0.25,mvejmejcxaxkbhncsjpmbezdoochlhpw,answer 416
0.79,1.62,0.25,mvejmejcxaxkbhncsjpmbezdoochlhpw,answer 417
1.96,-3.28,0.25,mvejmejcxaxkbhncsjpmbezdoochlhpw,answer 418
-0.4,-1.38,0.25,mvejmejcxaxkbhncsjpmbezdoochlhpw,answer 419
0.84,-1.07,0.25,mvejmejcxaxkbhncsjpmbezdoochlhpw,answer 420
0.95,-0.42,0.25,mvejmejcxaxkbhncsjpmbezdoochlhpw,answer 421
0.26,-1.69,0.25,mvejmejcxaxkbhncsjpmbezdoochlhpw,answer 422
0.13,2.87,0.25,mvejmejcxaxkbhncsjpmbezdoochlhpw,answer 423
1.23,-2.34,0.25,mvejmejcxaxkbhncsjpmbezdoochlhpw,answer 424
0.37,-0.52,0.25,mvejmejcxaxkbhncsjpmbezdoochlhpw,answer 425
-0.36,-3.5,0.25,mvejmejcxaxkbhncsjpmbezdoochlhpw,answer 426
1.58,-3.38,0.25,mvejmejcxaxkbhncsjpmbezdoochlhpw,answer 427
0.89,-1.7,0.25,mvejmejcxaxkbhncsjpmbezdoochlhpw,answer 428
0.37,3.34,0.25,mvejmejcxaxkbhncsjpmbezdoochlhpw,answer 429
0.04,0.77,0.25,mvejmejcxaxkbhncsjpmbezdoochlhpw,answer 430
0.79,-0.52,0.25,mvejmejcxaxkbhncsjpmbezdoochlhpw,answer 431
1.39,1.39,0.25,mvejmejcxaxkbhncsjpmbezdoochlhpw,answer 432
1.3,2.45,0.25,mvejmejcxaxkbhncsjpmbezdoochlhpw,answer 433
0.63,-1.97,0.25,mvejmejcxaxkbhncsjpmbezdoochlhpw,answer 434
1.64,2.66,0.25,mvejmejcxaxkbhncsjpmbezdoochlhpw,answer 435
1.91,-3.41,0.25,mvejmejcxaxkbhncsjpmbezdoochlhpw,answer 436
0.11,-3.77,0.25,mvejmejcxaxkbhncsjpmbezdoochlhpw,answer 437
-0.48,-1.73,0.25,mvejmejcxaxkbhncsjpmbezdoochlhpw,answer 438
0.29,3.93,0.25,mvejmejcxaxkbhncsjpmbezdoochlhpw,answer 439
0.97,-3.77,0.25,mvejmejcxaxkbhncsjpmbezdoochlhpw,answer 440
1.37,0.06,0.25,mvejmejcxaxkbhncsjpmbezdoochlhpw,answer 441
1.16,1.52,0.25,mvejmejcxaxkbhncsjpmbezdoochlhpw,answer 442
0.64,0.78,0.25,mvejmejcxaxkbhncsjpmbezdoochlhpw,answer 443
0.76,1.59,0.25,mvejmejcxaxkbhncsjpmbezdoochlhpw,answer 444
-0.36,-2.83,0.25,mvejmejcxaxkbhncsjpmbezdoochlhpw,answer 445
1.74,-2.62,0.25,mvejmejcxaxkbhncsjpmbezdoochlhpw,answer 446
1.12,-3.56,0.25,mvejmejcxaxkbhncsjpmbezdoochlhpw,answer 447
0.96,-0.17,0.25,mvejmejcxaxkbhncsjpmbezdoochlhpw,answer 448
1.94,0.04,0.25,mvejmejcxaxkbhncsjpmbezdoochlhpw,answer 449
0.44,3,0.25,mvejmejcxaxkbhncsjpmbezdoochlhpw,answer 450
1.72,-0.38,0.25,mvejmejcxaxkbhncsjpmbezdoochlhpw,answer 451
0.68,0.5,0.25,mvejmejcxaxkbhncsjpmbezdoochlhpw,answer 452
0.55,0.23,0.25,mvejmejcxaxkbhncsjpmbezdoochlhpw,answer 453
-0.36,-2.63,0.25,mvejmejcxaxkbhncsjpmbezdoochlhpw,answer 454
0.85,-0.81,0.25,mvejmejcxaxkbhncsjpmbezdoochlhpw,answer 455
1.29,-1.34,0.25,mvejmejcxaxkbhncsjpmbezdoochlhpw,answer 456
-0.01,-3.53,0.25,mvejmejcxaxkbhncsjpmbezdoochlhpw,answer 457
1.54,-1.51,0.25,mvejmejcxaxkbhncsjpmbezdoochlhpw,answer 458
0.64,-3.18,0.25,mvejmejcxaxkbhncsjpmbezdoochlhpw,answer 459
1,-3.3,0.25,mvejmejcxaxkbhncsjpmbezdoochlhpw,answer 460
1.05,0.86,0.25,mvejmejcxaxkbhncsjpmbezdoochlhpw,answer 461
1.69,1.87,0.25,mvejmejcxaxkbhncsjpmbezdoochlhpw,answer 462
-0.43,1.03,0.25,mvejmejcxaxkbhncsjpmbezdoochlhpw,answer 463
0.13,-1.1,0.25,mvejmejcxaxkbhncsjpmbezdoochlhpw,answer 464
-0.01,2.68,0.25,mvejmejcxaxkbhncsjpmbezdoochlhpw,answer 465
0.39,-3.34,0.25,mvejmejcxaxkbhncsjpmbezdoochlhpw,answer 466
1.64,0.51,0.25,mvejmejcxaxkbhncsjpmbezdoochlhpw,answer 467
-0.33,-0.05,0.25,mvejmejcxaxkbhncsjpmbezdoochlhpw,answer 468
1.61,1.73,0.25,mvejmejcxaxkbhncsjpmbezdoochlhpw,answer 469
0.59,0.42,0.25,mvejmejcxaxkbhncsjpmbezdoochlhpw,answer 470
-0.16,3.77,0.25,mvejmejcxaxkbhncsjpmbezdoochlhpw,answer 471
-0.44,-1.34,0.25,mvejmejcxaxkbhncsjpmbezdoochlhpw,answer 472
1,-3.49,0.25,mvejmejcxaxkbhncsjpmbezdoochlhpw,answer 473
1.18,0.26,0.25,mvejmejcxaxkbhncsjpmbezdoochlhpw,answer 474
0.47,1.5,0.25,mvejmejcxaxkbhncsjpmbezdoochlhpw,answer 475
-0.02,1.84,0.25,mvejmejcxaxkbhncsjpmbezdoochlhpw,answer 476
1.21,-0.78,0.25,mvejmejcxaxkbhncsjpmbezdoochlhpw,answer 477
1.1,-2.05,0.25,mvejmejcxaxkbhncsjpmbezdoochlhpw,answer 478
1.71,0.51,0.25,mvejmejcxaxkbhncsjpmbezdoochlhpw,answer 479
1.34,3.09,0.25,mvejmejcxaxkbhncsjpmbezdoochlhpw,answer 480
1.63,-3.2,0.25,mvejmejcxaxkbhncsjpmbezdoochlhpw,answer 481
0.86,1.59,0.25,mvejmejcxaxkbhncsjpmbezdoochlhpw,answer 482
1.9,-3.95,0.25,mvejmejcxaxkbhncsjpmbezdoochlhpw,answer 483
-0.48,-3.94,0.25,mvejmejcxaxkbhncsjpmbezdoochlhpw,answer 484
1.84,-0.72,0.25,mvejmejcxaxkbhncsjpmbezdoochlhpw,answer 485
1.09,2.67,0.25,mvejmejcxaxkbhncsjpmbezdoochlhpw,answer 486
0.41,0.71,0.25,mvejmejcxaxkbhncsjpmbezdoochlhpw,answer 487
0.73,1.82,0.25,mvejmejcxaxkbhncsjpmbezdoochlhpw,answer 488
1.21,-0.66,0.25,mvejmejcxaxkbhncsjpmbezdoochlhpw,answer 489
-0.46,3.24,0.25,mvejmejcxaxkbhncsjpmbezdoochlhpw,answer 490
1.56,2.22,0.25,mvejmejcxaxkbhncsjpmbezdoochlhpw,answer 491
1.77,0.53,0.25,mvejmejcxaxkbhncsjpmbezdoochlhpw,answer 492
0.5,-2.38,0.25,mvejmejcxaxkbhncsjpmbezdoochlhpw,answer 493
1.06,0.77,0.25,mvejmejcxaxkbhncsjpmbezdoochlhpw,answer 494
1.35,1.2,0.25,mvejmejcxaxkbhncsjpmbezdoochlhpw,answer 495
0.58,3.83,0.25,mvejmejcxaxkbhncsjpmbezdoochlhpw,answer 496
-0.24,0.8,0.25,mvejmejcxaxkbhncsjpmbezdoochlhpw,answer 497
1.24,3.7,0.25,mvejmejcxaxkbhncsjpmbezdoochlhpw,answer 498
1.6,2.54,0.25,mvejmejcxaxkbhncsjpmbezdoochlhpw,answer 499
0.18,1.24,0.25,mvejmejcxaxkbhncsjpmbezdoochlhpw,answer 500
0.65,2.66,0.25,mvejmejcxaxkbhncsjpmbezdoochlhpw,answer 501
0.94,-0.72,0.25,mvejmejcxaxkbhncsjpmbezdoochlhpw,answer 502
0.41,-0.27,0.25,mvejmejcxaxkbhncsjpmbezdoochlhpw,answer 503
1.34,2.49,0.25,mvejmejcxaxkbhncsjpmbezdoochlhpw,answer 504
0.49,1.38,0.25,mvejmejcxaxkbhncsjpmbezdoochlhpw,answer 505
-0.47,2.59,0.25,mvejmejcxaxkbhncsjpmbezdoochlhpw,answer 506
-0.36,-3.41,0.25,mvejmejcxaxkbhncsjpmbezdoochlhpw,answer 507
-0.46,1.55,0.25,mvejmejcxaxkbhncsjpmbezdoochlhpw,answer 508
0.69,-3.4,0.25,mvejmejcxaxkbhncsjpmbezdoochlhpw,answer 509
1.37,-0.5,0.25,mvejmejcxaxkbhncsjpmbezdoochlhpw,answer 510
1.32,-0.69,0.25,mvejmejcxaxkbhncsjpmbezdoochlhpw,answer 511
1.93,-1.76,0.25,mvejmejcxaxkbhncsjpmbezdoochlhpw,answer 512
0.21,-3.87,0.25,mvejmejcxaxkbhncsjpmbezdoochlhpw,answer 513
0.78,-0.07,0.25,mvejmejcxaxkbhncsjpmbezdoochlhpw,answer 514
1.31,-2.59,0.25,mvejmejcxaxkbhncsjpmbezdoochlhpw,answer 515
1.81,-1.13,0.25,mvejmejcxaxkbhncsjpmbezdoochlhpw,answer 516
0.33,2.89,0.25,mvejmejcxaxkbhncsjpmbezdoochlhpw,answer 517
0.08,3.96,0.25,mvejmejcxaxkbhncsjpmbezdoochlhpw,answer 518
-0.01,-3.59,0.25,mvejmejcxaxkbhncsjpmbezdoochlhpw,answer 519
0.08,-3.6,0.25,mvejmejcxaxkbhncsjpmbezdoochlhpw,answer 520
1.78,3.31,0.25,mvejmejcxaxkbhncsjpmbezdoochlhpw,answer 521
1,-1.59,0.25,mvejmejcxaxkbhncsjpmbezdoochlhpw,answer 522
0.93,3.72,0.25,mvejmejcxaxkbhncsjpmbezdoochlhpw,answer 523
0.1,-1.55,0.25,mvejmejcxaxkbhncsjpmbezdoochlhpw,answer 524
0.56,-0.33,0.25,mvejmejcxaxkbhncsjpmbezdoochlhpw,answer 525
-0.5,2.77,0.25,mvejmejcxaxkbhncsjpmbezdoochlhpw,answer 526
1.02,0.3,0.25,mvejmejcxaxkbhncsjpmbezdoochlhpw,answer 527
0.78,-3.11,0.25,mvejmejcxaxkbhncsjpmbezdoochlhpw,answer 528
1.25,-0.72,0.25,mvejmejcxaxkbhncsjpmbezdoochlhpw,answer 529
0.87,3.38,0.25,mvejmejcxaxkbhncsjpmbezdoochlhpw,answer 530
0.27,3.22,0.25,mvejmejcxaxkbhncsjpmbezdoochlhpw,answer 531
1.31,-3.09,0.25,mvejmejcxaxkbhncsjpmbezdoochlhpw,answer 532
0.98,3.56,0.25,mvejmejcxaxkbhncsjpmbezdoochlhpw,answer 533
0.75,-2.93,0.25,mvejmejcxaxkbhncsjpmbezdoochlhpw,answer 534
-0.26,3.66,0.25,mvejmejcxaxkbhncsjpmbezdoochlhpw,answer 535
1.12,-0.08,0.25,mvejmejcxaxkbhncsjpmbezdoochlhpw,answer 536
1.98,1.04,0.25,mvejmejcxaxkbhncsjpmbezdoochlhpw,answer 537
1.98,-3.55,0.25,mvejmejcxaxkbhncsjpmbezdoochlhpw,answer 538
0.15,2.4,0.25,mvejmejcxaxkbhncsjpmbezdoochlhpw,answer 539
1.12,3.3,0.25,mvejmejcxaxkbhncsjpmbezdoochlhpw,answer 540
1.15,-0.16,0.25,mvejmejcxaxkbhncsjpmbezdoochlhpw,answer 541
1.87,-1.39,0.25,mvejmejcxaxkbhncsjpmbezdoochlhpw,answer 542
-0.49,-3.31,0.25,mvejmejcxaxkbhncsjpmbezdoochlhpw,answer 543
-0.02,-2,0.25,mvejmejcxaxkbhncsjpmbezdoochlhpw,answer 544
0.2,0.84,0.25,mvejmejcxaxkbhncsjpmbezdoochlhpw,answer 545
0.15,3.07,0.25,mvejmejcxaxkbhncsjpmbezdoochlhpw,answer 546
-0.45,-1.72,0.25,mvejmejcxaxkbhncsjpmbezdoochlhpw,answer 547
-0.42,2.82,0.25,mvejmejcxaxkbhncsjpmbezdoochlhpw,answer 548
1.67,3.65,0.25,mvejmejcxaxkbhncsjpmbezdoochlhpw,answer 549
0.54,1.16,0.25,mvejmejcxaxkbhncsjpmbezdoochlhpw,answer 550
1.62,3.52,0.25,mvejmejcxaxkbhncsjpmbezdoochlhpw,answer 551
1.45,-2.25,0.25,mvejmejcxaxkbhncsjpmbezdoochlhpw,answer 552
0.47,1.68,0.25,mvejmejcxaxkbhncsjpmbezdoochlhpw,answer 553
1.84,-1.14,0.25,mvejmejcxaxkbhncsjpmbezdoochlhpw,answer 554
0.56,1.29,0.25,mvejmejcxaxkbhncsjpmbezdoochlhpw,answer 555
1.69,-3.45,0.25,mvejmejcxaxkbhncsjpmbezdoochlhpw,answer 556
1.39,0.52,0.25,mvejmejcxaxkbhncsjpmbezdoochlhpw,answer 557
0.94,1.14,0.25,mvejmejcxaxkbhncsjpmbezdoochlhpw,answer 558
-0.3,-1.7,0.25,mvejmejcxaxkbhncsjpmbezdoochlhpw,answer 559
-0.3,3.11,0.25,mvejmejcxaxkbhncsjpmbezdoochlhpw,answer 560
1.32,-3.47,0.25,mvejmejcxaxkbhncsjpmbezdoochlhpw,answer 561
-0.09,1.67,0.25,mvejmejcxaxkbhncsjpmbezdoochlhpw,answer 562
1.4,3.22,0.25,mvejmejcxaxkbhncsjpmbezdoochlhpw,answer 563
1.3,0.59,0.25,mvejmejcxaxkbhncsjpmbezdoochlhpw,answer 564
1.64,1.21,0.25,mvejmejcxaxkbhncsjpmbezdoochlhpw,answer 565
1.91,2.03,0.25,mvejmejcxaxkbhncsjpmbezdoochlhpw,answer 566
0.97,-2.3,0.25,mvejmejcxaxkbhncsjpmbezdoochlhpw,answer 567
1.67,-3.73,0.25,mvejmejcxaxkbhncsjpmbezdoochlhpw,answer 568
1.06,0.4,0.25,mvejmejcxaxkbhncsjpmbezdoochlhpw,answer 569
1.22,-1.49,0.25,mvejmejcxaxkbhncsjpmbezdoochlhpw,answer 570
0.04,3.05,0.25,mvejmejcxaxkbhncsjpmbezdoochlhpw,answer 571
0.77,-0.64,0.25,mvejmejcxaxkbhncsjpmbezdoochlhpw,answer 572
0.77,-1.77,0.25,mvejmejcxaxkbhncsjpmbezdoochlhpw,answer 573
0.66,-1.87,0.25,mvejmejcxaxkbhncsjpmbezdoochlhpw,answer 574
-0.03,1.17,0.25,mvejmejcxaxkbhncsjpmbezdoochlhpw,answer 575
1.7,-3.78,0.25,mvejmejcxaxkbhncsjpmbezdoochlhpw,answer 576
-0.12,-0.23,0.25,mvejmejcxaxkbhncsjpmbezdoochlhpw,answer 577
0.51,-0.53,0.25,mvejmejcxaxkbhncsjpmbezdoochlhpw,answer 578
0.72,-3.76,0.25,mvejmejcxaxkbhncsjpmbezdoochlhpw,answer 579
-0.5,-3.68,0.25,mvejmejcxaxkbhncsjpmbezdoochlhpw,answer 580
0.93,3.34,0.25,mvejmejcxaxkbhncsjpmbezdoochlhpw,answer 581
0.56,-1.8,0.25,mvejmejcxaxkbhncsjpmbezdoochlhpw,answer 582
0.67,-0.58,0.25,mvejmejcxaxkbhncsjpmbezdoochlhpw,answer 583
0.85,2.44,0.25,mvejmejcxaxkbhncsjpmbezdoochlhpw,answer 584
1.45,0.91,0.25,mvejmejcxaxkbhncsjpmbezdoochlhpw,answer 585
0.13,-0.79,0.25,mvejmejcxaxkbhncsjpmbezdoochlhpw,answer 586
-0.45,-2.29,0.25,mvejmejcxaxkbhncsjpmbezdoochlhpw,answer 587
0.93,-3.17,0.25,mvejmejcxaxkbhncsjpmbezdoochlhpw,answer 588
1.11,0.35,0.25,mvejmejcxaxkbhncsjpmbezdoochlhpw,answer 589
-0.28,1.89,0.25,mvejmejcxaxkbhncsjpmbezdoochlhpw,answer 590
1.52,4,0.25,mvejmejcxaxkbhncsjpmbezdoochlhpw,answer 591
1.41,2.54,0.25,mvejmejcxaxkbhncsjpmbezdoochlhpw,answer 592
0.18,3.44,0.25,mvejmejcxaxkbhncsjpmbezdoochlhpw,answer 593
-0.38,-2.33,0.25,mvejmejcxaxkbhncsjpmbezdoochlhpw,answer 594
-0.43,-2.72,0.25,mvejmejcxaxkbhncsjpmbezdoochlhpw,answer 595
1.1,-2.14,0.25,mvejmejcxaxkbhncsjpmbezdoochlhpw,answer 596
1.54,-3.45,0.25,mvejmejcxaxkbhncsjpmbezdoochlhpw,answer 597
0.92,-3.9,0.25,mvejmejcxaxkbhncsjpmbezdoochlhpw,answer 598
-0.13,0.15,0.25,mvejmejcxaxkbhncsjpmbezdoochlhpw,answer 599
0.14,3.27,0.25,mvejmejcxaxkbhncsjpmbezdoochlhpw,answer 600
1.39,-1.69,0.25,mvejmejcxaxkbhncsjpmbezdoochlhpw,answer 601
-0.33,-2.79,0.25,mvejmejcxaxkbhncsjpmbezdoochlhpw,answer 602
1.81,3.56,0.25,mvejmejcxaxkbhncsjpmbezdoochlhpw,answer 603
-0.24,-1.5,0.25,mvejmejcxaxkbhncsjpmbezdoochlhpw,answer 604
-0.11,1.33,0.25,mvejmejcxaxkbhncsjpmbezdoochlhpw,answer 605
-0.36,3.62,0.25,mvejmejcxaxkbhncsjpmbezdoochlhpw,answer 606
0.94,2.26,0.25,mvejmejcxaxkbhncsjpmbezdoochlhpw,answer 607
0.15,2.38,0.25,mvejmejcxaxkbhncsjpmbezdoochlhpw,answer 608
0.21,-2.95,0.25,mvejmejcxaxkbhncsjpmbezdoochlhpw,answer 609
-0.26,-2.44,0.25,mvejmejcxaxkbhncsjpmbezdoochlhpw,answer 610
1.61,-3.23,0.25,mvejmejcxaxkbhncsjpmbezdoochlhpw,answer 611
1.37,2.02,0.25,mvejmejcxaxkbhncsjpmbezdoochlhpw,answer 612
1.8,-3.15,0.25,mvejmejcxaxkbhncsjpmbezdoochlhpw,answer 613
0.7,2.28,0.25,mvejmejcxaxkbhncsjpmbezdoochlhpw,answer 614
-0.38,-2.25,0.25,mvejmejcxaxkbhncsjpmbezdoochlhpw,answer 615
-0.09,1.41,0.25,mvejmejcxaxkbhncsjpmbezdoochlhpw,answer 616
0.08,1.35,0.25,mvejmejcxaxkbhncsjpmbezdoochlhpw,answer 617
-0.18,1.61,0.25,mvejmejcxaxkbhncsjpmbezdoochlhpw,answer 618
-0.47,-2.87,0.25,mvejmejcxaxkbhncsjpmbezdoochlhpw,answer 619
-0.17,-2.91,0.25,mvejmejcxaxkbhncsjpmbezdoochlhpw,answer 620
1.45,0.12,0.25,mvejmejcxaxkbhncsjpmbezdoochlhpw,answer 621
1.48,2.11,0.25,mvejmejcxaxkbhncsjpmbezdoochlhpw,answer 622
0.16,-1.42,0.25,mvejmejcxaxkbhncsjpmbezdoochlhpw,answer 623
0.27,-2.38,0.25,mvejmejcxaxkbhncsjpmbezdoochlhpw,answer 624
0.72,1.06,0.25,mvejmejcxaxkbhncsjpmbezdoochlhpw,answer 625
0.98,-3.63,0.25,mvejmejcxaxkbhncsjpmbezdoochlhpw,answer 626
0.68,-1.1,0.25,mvejmejcxaxkbhncsjpmbezdoochlhpw,answer 627
0.88,-0.89,0.25,mvejmejcxaxkbhncsjpmbezdoochlhpw,answer 628
-0.35,-1.66,0.25,mvejmejcxaxkbhncsjpmbezdoochlhpw,answer 629
1.84,-3.06,0.25,mvejmejcxaxkbhncsjpmbezdoochlhpw,answer 630
-0.09,1.45,0.25,mvejmejcxaxkbhncsjpmbezdoochlhpw,answer 631
0.72,-1.95,0.25,mvejmejcxaxkbhncsjpmbezdoochlhpw,answer 632
-0.35,-2.74,0.25,mvejmejcxaxkbhncsjpmbezdoochlhpw,answer 633
1.63,3.78,0.25,mvejmejcxaxkbhncsjpmbezdoochlhpw,answer 634
1.41,-3.05,0.25,mvejmejcxaxkbhncsjpmbezdoochlhpw,answer 635
1.32,-0.46,0.25,mvejmejcxaxkbhncsjpmbezdoochlhpw,answer 636
0.32,3.53,0.25,mvejmejcxaxkbhncsjpmbezdoochlhpw,answer 637
0.9,-2.73,0.25,mvejmejcxaxkbhncsjpmbezdoochlhpw,answer 638
0.74,1.84,0.25,mvejmejcxaxkbhncsjpmbezdoochlhpw,answer 639
1.93,0.88,0.25,mvejmejcxaxkbhncsjpmbezdoochlhpw,answer 640
-0.34,-2.97,0.25,mvejmejcxaxkbhncsjpmbezdoochlhpw,answer 641
0.75,-2.25,0.25,mvejmejcxaxkbhncsjpmbezdoochlhpw,answer 642
1.98,-0.85,0.25,mvejmejcxaxkbhncsjpmbezdoochlhpw,answer 643
0.6,-2.98,0.25,mvejmejcxaxkbhncsjpmbezdoochlhpw,answer 644
1.08,-2.1,0.25,mvejmejcxaxkbhncsjpmbezdoochlhpw,answer 645
-0.27,3.37,0.25,mvejmejcxaxkbhncsjpmbezdoochlhpw,answer 646
0.35,2.26,0.25,mvejmejcxaxkbhncsjpmbezdoochlhpw,answer 647
1.9,-2.69,0.25,mvejmejcxaxkbhncsjpmbezdoochlhpw,answer 648
0.78,-1.54,0.25,mvejmejcxaxkbhncsjpmbezdoochlhpw,answer 649
0.46,0.62,0.25,mvejmejcxaxkbhncsjpmbezdoochlhpw,answer 650
1.06,-0.58,0.25,mvejmejcxaxkbhncsjpmbezdoochlhpw,answer 651
0.17,2.8,0.25,mvejmejcxaxkbhncsjpmbezdoochlhpw,answer 652
1.57,-3.75,0.25,mvejmejcxaxkbhncsjpmbezdoochlhpw,answer 653
1.15,1.2,0.25,mvejmejcxaxkbhncsjpmbezdoochlhpw,answer 654
1.72,1.96,0.25,mvejmejcxaxkbhncsjpmbezdoochlhpw,answer 655
0.66,-3.56,0.25,mvejmejcxaxkbhncsjpmbezdoochlhpw,answer 656
1.37,-2.14,0.25,mvejmejcxaxkbhncsjpmbezdoochlhpw,answer 657
1.8,-0.01,0.25,mvejmejcxaxkbhncsjpmbezdoochlhpw,answer 658
1.98,2.39,0.25,mvejmejcxaxkbhncsjpmbezdoochlhpw,answer 659
-0.46,-3.94,0.25,mvejmejcxaxkbhncsjpmbezdoochlhpw,answer 660
1.61,-1.18,0.25,mvejmejcxaxkbhncsjpmbezdoochlhpw,answer 661
1.03,0.18,0.25,mvejmejcxaxkbhncsjpmbezdoochlhpw,answer 662
0.59,-0.07,0.25,mvejmejcxaxkbhncsjpmbezdoochlhpw,answer 663
1.9,0.62,0.25,mvejmejcxaxkbhncsjpmbezdoochlhpw,answer 664
-0.13,4,0.25,mvejmejcxaxkbhncsjpmbezdoochlhpw,answer 665
1.68,-2.94,0.25,mvejmejcxaxkbhncsjpmbezdoochlhpw,answer 666
1.11,-3.81,0.25,mvejmejcxaxkbhncsjpmbezdoochlhpw,answer 667
1.19,-3.7,0.25,mvejmejcxaxkbhncsjpmbezdoochlhpw,answer 668
1.71,-1.25,0.25,mvejmejcxaxkbhncsjpmbezdoochlhpw,answer 669
0.56,-1.53,0.25,mvejmejcxaxkbhncsjpmbezdoochlhpw,answer 670
1.61,-1.62,0.25,mvejmejcxaxkbhncsjpmbezdoochlhpw,answer 671
1.47,-1.31,0.25,mvejmejcxaxkbhncsjpmbezdoochlhpw,answer 672
0.17,2.42,0.25,mvejmejcxaxkbhncsjpmbezdoochlhpw,answer 673
1.09,2.03,0.25,mvejmejcxaxkbhncsjpmbezdoochlhpw,answer 674
0.6,-1.78,0.25,mvejmejcxaxkbhncsjpmbezdoochlhpw,answer 675
1.52,0.86,0.25,mvejmejcxaxkbhncsjpmbezdoochlhpw,answer 676
1.4,2.22,0.25,mvejmejcxaxkbhncsjpmbezdoochlhpw,answer 677
1.11,0.81,0.25,mvejmejcxaxkbhncsjpmbezdoochlhpw,answer 678
1.06,-3.14,0.25,mvejmejcxaxkbhncsjpmbezdoochlhpw,answer 679
0.54,-2.93,0.25,mvejmejcxaxkbhncsjpmbezdoochlhpw,answer 680
1.66,0.03,0.25,mvejmejcxaxkbhncsjpmbezdoochlhpw,answer 681
-0.09,0.81,0.25,mvejmejcxaxkbhncsjpmbezdoochlhpw,answer 682
1.8,-0.33,0.25,mvejmejcxaxkbhncsjpmbezdoochlhpw,answer 683
1.69,-1.75,0.25,mvejmejcxaxkbhncsjpmbezdoochlhpw,answer 684
1.71,2.97,0.25,mvejmejcxaxkbhncsjpmbezdoochlhpw,answer 685
2,3.93,0.25,mvejmejcxaxkbhncsjpmbezdoochlhpw,answer 686
1.46,-1.32,0.25,mvejmejcxaxkbhncsjpmbezdoochlhpw,answer 687
0.81,2.71,0.25,mvejmejcxaxkbhncsjpmbezdoochlhpw,answer 688
0.26,0.36,0.25,mvejmejcxaxkbhncsjpmbezdoochlhpw,answer 689
0.86,-0.42,0.25,mvejmejcxaxkbhncsjpmbezdoochlhpw,answer 690
-0.45,-3.57,0.25,mvejmejcxaxkbhncsjpmbezdoochlhpw,answer 691
0.18,2.55,0.25,mvejmejcxaxkbhncsjpmbezdoochlhpw,answer 692
1.57,2.98,0.25,mvejmejcxaxkbhncsjpmbezdoochlhpw,answer 693
-0.18,2.08,0.25,mvejmejcxaxkbhncsjpmbezdoochlhpw,answer 694
-0.49,3.48,0.25,mvejmejcxaxkbhncsjpmbezdoochlhpw,answer 695
1.67,-1.74,0.25,mvejmejcxaxkbhncsjpmbezdoochlhpw,answer 696
1.05,-3.58,0.25,mvejmejcxaxkbhncsjpmbezdoochlhpw,answer 697
1.95,1.72,0.25,mvejmejcxaxkbhncsjpmbezdoochlhpw,answer 698
-0.34,-2.2,0.25,mvejmejcxaxkbhncsjpmbezdoochlhpw,answer 699
0.72,1.08,0.25,mvejmejcxaxkbhncsjpmbezdoochlhpw,answer 700
1.72,-3.22,0.25,mvejmejcxaxkbhncsjpmbezdoochlhpw,answer 701
-0.33,-1.34,0.25,mvejmejcxaxkbhncsjpmbezdoochlhpw,answer 702
0.97,-0.72,0.25,mvejmejcxaxkbhncsjpmbezdoochlhpw,answer 703
0.16,0.97,0.25,mvejmejcxaxkbhncsjpmbezdoochlhpw,answer 704
1.52,1.86,0.25,mvejmejcxaxkbhncsjpmbezdoochlhpw,answer 705
0.1,-2.9,0.25,mvejmejcxaxkbhncsjpmbezdoochlhpw,answer 706
0.48,1.44,0.25,mvejmejcxaxkbhncsjpmbezdoochlhpw,answer 707
0.07,-3.67,0.25,mvejmejcxaxkbhncsjpmbezdoochlhpw,answer 708
0.9,-2.9,0.25,mvejmejcxaxkbhncsjpmbezdoochlhpw,answer 709
-0.22,1.59,0.25,mvejmejcxaxkbhncsjpmbezdoochlhpw,answer 710
0.51,0.26,0.25,mvejmejcxaxkbhncsjpmbezdoochlhpw,answer 711
1.05,2.03,0.25,mvejmejcxaxkbhncsjpmbezdoochlhpw,answer 712
0.93,-1.83,0.25,mvejmejcxaxkbhncsjpmbezdoochlhpw,answer 713
1.41,-2.41,0.25,mvejmejcxaxkbhncsjpmbezdoochlhpw,answer 714
0.41,-3.03,0.25,mvejmejcxaxkbhncsjpmbezdoochlhpw,answer 715
0.3,2.82,0.25,mvejmejcxaxkbhncsjpmbezdoochlhpw,answer 716
0.73,-3.04,0.25,mvejmejcxaxkbhncsjpmbezdoochlhpw,answer 717
1.51,2.62,0.25,mvejmejcxaxkbhncsjpmbezdoochlhpw,answer 718
-0.41,2.43,0.25,mvejmejcxaxkbhncsjpmbezdoochlhpw,answer 719
-0.03,0.73,0.25,mvejmejcxaxkbhncsjpmbezdoochlhpw,answer 720
1.74,3.33,0.25,mvejmejcxaxkbhncsjpmbezdoochlhpw,answer 721
-0.42,1.25,0.25,mvejmejcxaxkbhncsjpmbezdoochlhpw,answer 722
1.25,-1.7,0.25,mvejmejcxaxkbhncsjpmbezdoochlhpw,answer 723
1.51,2.77,0.25,mvejmejcxaxkbhncsjpmbezdoochlhpw,answer 724
0.28,-0.05,0.25,mvejmejcxaxkbhncsjpmbezdoochlhpw,answer 725
1.56,0.63,0.25,mvejmejcxaxkbhncsjpmbezdoochlhpw,answer 726
1.86,0.01,0.25,mvejmejcxaxkbhncsjpmbezdoochlhpw,answer 727
0.89,-0.68,0.25,mvejmejcxaxkbhncsjpmbezdoochlhpw,answer 728
0.58,2.38,0.25,mvejmejcxaxkbhncsjpmbezdoochlhpw,answer 729
0.59,-1.77,0.25,mvejmejcxaxkbhncsjpmbezdoochlhpw,answer 730
-0.21,-3.74,0.25,mvejmejcxaxkbhncsjpmbezdoochlhpw,answer 731
1.83,1.94,0.25,mvejmejcxaxkbhncsjpmbezdoochlhpw,answer 732
0.34,1.15,0.25,mvejmejcxaxkbhncsjpmbezdoochlhpw,answer 733
0,1.76,0.25,mvejmejcxaxkbhncsjpmbezdoochlhpw,answer 734
0.76,0.88,0.25,mvejmejcxaxkbhncsjpmbezdoochlhpw,answer 735
1.14,-1.18,0.25,mvejmejcxaxkbhncsjpmbezdoochlhpw,answer 736
1.28,-2.34,0.25,mvejmejcxaxkbhncsjpmbezdoochlhpw,answer 737
1.6,1.63,0.25,mvejmejcxaxkbhncsjpmbezdoochlhpw,answer 738
0.65,1.41,0.25,mvejmejcxaxkbhncsjpmbezdoochlhpw,answer 739
1.4,-3.2,0.25,mvejmejcxaxkbhncsjpmbezdoochlhpw,answer 740
1.42,-3.43,0.25,mvejmejcxaxkbhncsjpmbezdoochlhpw,answer 741
1.85,1.92,0.25,mvejmejcxaxkbhncsjpmbezdoochlhpw,answer 742
0.64,-2.61,0.25,mvejmejcxaxkbhncsjpmbezdoochlhpw,answer 743
-0.43,-3.54,0.25,mvejmejcxaxkbhncsjpmbezdoochlhpw,answer 744
-0.14,-2.48,0.25,mvejmejcxaxkbhncsjpmbezdoochlhpw,answer 745
1.68,1.33,0.25,mvejmejcxaxkbhncsjpmbezdoochlhpw,answer 746
0.59,2.08,0.25,mvejmejcxaxkbhncsjpmbezdoochlhpw,answer 747
1.89,-0.3,0.25,mvejmejcxaxkbhncsjpmbezdoochlhpw,answer 748
1.37,3.38,0.25,mvejmejcxaxkbhncsjpmbezdoochlhpw,answer 749
0.15,3.04,0.25,mvejmejcxaxkbhncsjpmbezdoochlhpw,answer 750
-0.44,3.7,0.25,mvejmejcxaxkbhncsjpmbezdoochlhpw,answer 751
0.77,-2.14,0.25,mvejmejcxaxkbhncsjpmbezdoochlhpw,answer 752
1.83,2.96,0.25,mvejmejcxaxkbhncsjpmbezdoochlhpw,answer 753
1.63,-1.49,0.25,mvejmejcxaxkbhncsjpmbezdoochlhpw,answer 754
0.13,-0.42,0.25,mvejmejcxaxkbhncsjpmbezdoochlhpw,answer 755
0.12,-3.33,0.25,mvejmejcxaxkbhncsjpmbezdoochlhpw,answer 756
0.8,-3.25,0.25,mvejmejcxaxkbhncsjpmbezdoochlhpw,answer 757
0.64,-0.47,0.25,mvejmejcxaxkbhncsjpmbezdoochlhpw,answer 758
0.47,0.09,0.25,mvejmejcxaxkbhncsjpmbezdoochlhpw,answer 759
0.85,-3.93,0.25,mvejmejcxaxkbhncsjpmbezdoochlhpw,answer 760
0.26,2.25,0.25,mvejmejcxaxkbhncsjpmbezdoochlhpw,answer 761
0.79,-3.4,0.25,mvejmejcxaxkbhncsjpmbezdoochlhpw,answer 762
0.54,-3.83,0.25,mvejmejcxaxkbhncsjpmbezdoochlhpw,answer 763
1.51,-1.86,0.25,mvejmejcxaxkbhncsjpmbezdoochlhpw,answer 764
1.4,-3.13,0.25,mvejmejcxaxkbhncsjpmbezdoochlhpw,answer 765
0.87,3.79,0.25,mvejmejcxaxkbhncsjpmbezdoochlhpw,answer 766
1.12,0.65,0.25,mvejmejcxaxkbhncsjpmbezdoochlhpw,answer 767
-0.26,0.08,0.25,mvejmejcxaxkbhncsjpmbezdoochlhpw,answer 768
1.66,-3.7,0.25,mvejmejcxaxkbhncsjpmbezdoochlhpw,answer 769
0.48,0.74,0.25,mvejmejcxaxkbhncsjpmbezdoochlhpw,answer 770
0.68,-1.15,0.25,mvejmejcxaxkbhncsjpmbezdoochlhpw,answer 771
1.68,-1.76,0.25,mvejmejcxaxkbhncsjpmbezdoochlhpw,answer 772
0.02,-3.33,0.25,mvejmejcxaxkbhncsjpmbezdoochlhpw,answer 773
-0.27,-3.08,0.25,mvejmejcxaxkbhncsjpmbezdoochlhpw,answer 774
1.24,0.92,0.25,mvejmejcxaxkbhncsjpmbezdoochlhpw,answer 775
0.03,2.57,0.25,mvejmejcxaxkbhncsjpmbezdoochlhpw,answer 776
-0.11,0.03,0.25,mvejmejcxaxkbhncsjpmbezdoochlhpw,answer 777
1.58,-1.13,0.25,mvejmejcxaxkbhncsjpmbezdoochlhpw,answer 778
0.6,3.9,0.25,mvejmejcxaxkbhncsjpmbezdoochlhpw,answer 779
0.49,-3,0.25,mvejmejcxaxkbhncsjpmbezdoochlhpw,answer 780
0.37,-3.26,0.25,mvejmejcxaxkbhncsjpmbezdoochlhpw,answer 781
-0.08,-0.75,0.25,mvejmejcxaxkbhncsjpmbezdoochlhpw,answer 782
1.74,3.95,0.25,mvejmejcxaxkbhncsjpmbezdoochlhpw,answer 783
1.69,-0.58,0.25,mvejmejcxaxkbhncsjpmbezdoochlhpw,answer 784
1.71,-2.47,0.25,mvejmejcxaxkbhncsjpmbezdoochlhpw,answer 785
0.46,-0.98,0.25,mvejmejcxaxkbhncsjpmbezdoochlhpw,answer 786
1.82,0.79,0.25,mvejmejcxaxkbhncsjpmbezdoochlhpw,answer 787
1.38,-3.12,0.25,mvejmejcxaxkbhncsjpmbezdoochlhpw,answer 788
1.34,-1.6,0.25,mvejmejcxaxkbhncsjpmbezdoochlhpw,answer 789
1.97,0.35,0.25,mvejmejcxaxkbhncsjpmbezdoochlhpw,answer 790
0.54,3.79,0.25,mvejmejcxaxkbhncsjpmbezdoochlhpw,answer 791
1.95,0.98,0.25,mvejmejcxaxkbhncsjpmbezdoochlhpw,answer 792
0.44,3.32,0.25,mvejmejcxaxkbhncsjpmbezdoochlhpw,answer 793
1.08,3.62,0.25,mvejmejcxaxkbhncsjpmbezdoochlhpw,answer 794
-0.03,0,0.25,mvejmejcxaxkbhncsjpmbezdoochlhpw,answer 795
1.24,2.39,0.25,mvejmejcxaxkbhncsjpmbezdoochlhpw,answer 796
-0.47,1.87,0.25,mvejmejcxaxkbhncsjpmbezdoochlhpw,answer 797
1.12,-1.2,0.25,mvejmejcxaxkbhncsjpmbezdoochlhpw,answer 798
1.13,-2.48,0.25,mvejmejcxaxkbhncsjpmbezdoochlhpw,answer 799
1.27,2.46,0.25,mvejmejcxaxkbhncsjpmbezdoochlhpw,answer 800
0.52,3.32,0.25,mvejmejcxaxkbhncsjpmbezdoochlhpw,answer 801
0.9,-2.81,0.25,mvejmejcxaxkbhncsjpmbezdoochlhpw,answer 802
1.61,-3.04,0.25,mvejmejcxaxkbhncsjpmbezdoochlhpw,answer 803
0.51,0.26,0.25,mvejmejcxaxkbhncsjpmbezdoochlhpw,answer 804
1.56,-2.33,0.25,mvejmejcxaxkbhncsjpmbezdoochlhpw,answer 805
0.78,-2.01,0.25,mvejmejcxaxkbhncsjpmbezdoochlhpw,answer 806
0.11,-2.07,0.25,mvejmejcxaxkbhncsjpmbezdoochlhpw,answer 807
0.7,-0.14,0.25,mvejmejcxaxkbhncsjpmbezdoochlhpw,answer 808
0.32,2.68,0.25,mvejmejcxaxkbhncsjpmbezdoochlhpw,answer 809
1.14,2.4,0.25,mvejmejcxaxkbhncsjpmbezdoochlhpw,answer 810
-0.28,0.49,0.25,mvejmejcxaxkbhncsjpmbezdoochlhpw,answer 811
1.99,-1.91,0.25,mvejmejcxaxkbhncsjpmbezdoochlhpw,answer 812
1.65,-1.32,0.25,mvejmejcxaxkbhncsjpmbezdoochlhpw,answer 813
-0.14,-3.46,0.25,mvejmejcxaxkbhncsjpmbezdoochlhpw,answer 814
1,0.37,0.25,mvejmejcxaxkbhncsjpmbezdoochlhpw,answer 815
0.21,-1.81,0.25,mvejmejcxaxkbhncsjpmbezdoochlhpw,answer 816
0.96,3.11,0.25,mvejmejcxaxkbhncsjpmbezdoochlhpw,answer 817
1.37,1.52,0.25,mvejmejcxaxkbhncsjpmbezdoochlhpw,answer 818
1.1,-1.35,0.25,mvejmejcxaxkbhncsjpmbezdoochlhpw,answer 819
0.87,2.74,0.25,mvejmejcxaxkbhncsjpmbezdoochlhpw,answer 820
1.7,-1.17,0.25,mvejmejcxaxkbhncsjpmbezdoochlhpw,answer 821
0.72,1.73,0.25,mvejmejcxaxkbhncsjpmbezdoochlhpw,answer 822
-0.46,-3.97,0.25,mvejmejcxaxkbhncsjpmbezdoochlhpw,answer 823
-0.28,-1.99,0.25,mvejmejcxaxkbhncsjpmbezdoochlhpw,answer 824
1.53,0.89,0.25,mvejmejcxaxkbhncsjpmbezdoochlhpw,answer 825
0.88,-1.97,0.25,mvejmejcxaxkbhncsjpmbezdoochlhpw,answer 826
0.71,-1.99,0.25,mvejmejcxaxkbhncsjpmbezdoochlhpw,answer 827
1.59,-0.69,0.25,mvejmejcxaxkbhncsjpmbezdoochlhpw,answer 828
1.49,1.44,0.25,mvejmejcxaxkbhncsjpmbezdoochlhpw,answer 829
0.57,0.6,0.25,mvejmejcxaxkbhncsjpmbezdoochlhpw,answer 830
1.71,-3.98,0.25,mvejmejcxaxkbhncsjpmbezdoochlhpw,answer 831
-0.06,-2.77,0.25,mvejmejcxaxkbhncsjpmbezdoochlhpw,answer 832
1.56,1.85,0.25,mvejmejcxaxkbhncsjpmbezdoochlhpw,answer 833
0.05,-3.73,0.25,mvejmejcxaxkbhncsjpmbezdoochlhpw,answer 834
0.71,-1.52,0.25,mvejmejcxaxkbhncsjpmbezdoochlhpw,answer 835
-0.16,0.08,0.25,mvejmejcxaxkbhncsjpmbezdoochlhpw,answer 836
1.35,2.91,0.25,mvejmejcxaxkbhncsjpmbezdoochlhpw,answer 837
-0.03,-1.4,0.25,mvejmejcxaxkbhncsjpmbezdoochlhpw,answer 838
0.12,0.18,0.25,mvejmejcxaxkbhncsjpmbezdoochlhpw,answer 839
1.33,-3.75,0.25,mvejmejcxaxkbhncsjpmbezdoochlhpw,answer 840
1.27,3.62,0.25,mvejmejcxaxkbhncsjpmbezdoochlhpw,answer 841
0.74,0.49,0.25,mvejmejcxaxkbhncsjpmbezdoochlhpw,answer 842
0.68,3.19,0.25,mvejmejcxaxkbhncsjpmbezdoochlhpw,answer 843
0.26,-3.41,0.25,mvejmejcxaxkbhncsjpmbezdoochlhpw,answer 844
1.92,2.3,0.25,mvejmejcxaxkbhncsjpmbezdoochlhpw,answer 845
1.96,2.4,0.25,mvejmejcxaxkbhncsjpmbezdoochlhpw,answer 846
0.99,0.09,0.25,mvejmejcxaxkbhncsjpmbezdoochlhpw,answer 847
-0.12,-3.74,0.25,mvejmejcxaxkbhncsjpmbezdoochlhpw,answer 848
1.11,-2.57,0.25,mvejmejcxaxkbhncsjpmbezdoochlhpw,answer 849
0.13,-3.98,0.25,mvejmejcxaxkbhncsjpmbezdoochlhpw,answer 850
1.81,-0.36,0.25,mvejmejcxaxkbhncsjpmbezdoochlhpw,answer 851
-0.14,1.78,0.25,mvejmejcxaxkbhncsjpmbezdoochlhpw,answer 852
-0.35,1.43,0.25,mvejmejcxaxkbhncsjpmbezdoochlhpw,answer 853
1.86,3.01,0.25,mvejmejcxaxkbhncsjpmbezdoochlhpw,answer 854
1.36,1.21,0.25,mvejmejcxaxkbhncsjpmbezdoochlhpw,answer 855
-0.09,0.83,0.25,mvejmejcxaxkbhncsjpmbezdoochlhpw,answer 856
0.2,-0.16,0.25,mvejmejcxaxkbhncsjpmbezdoochlhpw,answer 857
1.44,-3.36,0.25,mvejmejcxaxkbhncsjpmbezdoochlhpw,answer 858
0.33,-2.62,0.25,mvejmejcxaxkbhncsjpmbezdoochlhpw,answer 859
0.56,-2.93,0.25,mvejmejcxaxkbhncsjpmbezdoochlhpw,answer 860
0.65,-2.93,0.25,mvejmejcxaxkbhncsjpmbezdoochlhpw,answer 861
1.4,0.49,0.25,mvejmejcxaxkbhncsjpmbezdoochlhpw,answer 862
1.12,-3.03,0.25,mvejmejcxaxkbhncsjpmbezdoochlhpw,answer 863
-0.03,-2.96,0.25,mvejmejcxaxkbhncsjpmbezdoochlhpw,answer 864
0.16,-1.89,0.25,mvejmejcxaxkbhncsjpmbezdoochlhpw,answer 865
-0.47,-1.77,0.25,mvejmejcxaxkbhncsjpmbezdoochlhpw,answer 866
1.35,-2.16,0.25,mvejmejcxaxkbhncsjpmbezdoochlhpw,answer 867
1.33,3.89,0.25,mvejmejcxaxkbhncsjpmbezdoochlhpw,answer 868
1.27,-1.32,0.25,mvejmejcxaxkbhncsjpmbezdoochlhpw,answer 869
1.87,2.58,0.25,mvejmejcxaxkbhncsjpmbezdoochlhpw,answer 870
0.78,-2.01,0.25,mvejmejcxaxkbhncsjpmbezdoochlhpw,answer 871
-0.25,-3.93,0.25,mvejmejcxaxkbhncsjpmbezdoochlhpw,answer 872
0.67,-0.55,0.25,mvejmejcxaxkbhncsjpmbezdoochlhpw,answer 873
0.76,3.02,0.25,mvejmejcxaxkbhncsjpmbezdoochlhpw,answer 874
0.14,0.56,0.25,mvejmejcxaxkbhncsjpmbezdoochlhpw,answer 875
-0.15,-2.98,0.25,mvejmejcxaxkbhncsjpmbezdoochlhpw,answer 876
1.34,-1.27,0.25,mvejmejcxaxkbhncsjpmbezdoochlhpw,answer 877
1.53,0.03,0.25,mvejmejcxaxkbhncsjpmbezdoochlhpw,answer 878
0.98,1.18,0.25,mvejmejcxaxkbhncsjpmbezdoochlhpw,answer 879
0.94,-3.03,0.25,mvejmejcxaxkbhncsjpmbezdoochlhpw,answer 880
1.21,3.38,0.25,mvejmejcxaxkbhncsjpmbezdoochlhpw,answer 881
-0.38,1.38,0.25,mvejmejcxaxkbhncsjpmbezdoochlhpw,answer 882
1.57,-2.3,0.25,mvejmejcxaxkbhncsjpmbezdoochlhpw,answer 883
0.17,-1.78,0.25,mvejmejcxaxkbhncsjpmbezdoochlhpw,answer 884
0.28,-1.58,0.25,mvejmejcxaxkbhncsjpmbezdoochlhpw,answer 885
-0.43,-2.09,0.25,mvejmejcxaxkbhncsjpmbezdoochlhpw,answer 886
0.36,0.41,0.25,mvejmejcxaxkbhncsjpmbezdoochlhpw,answer 887
1.28,3.96,0.25,mvejmejcxaxkbhncsjpmbezdoochlhpw,answer 888
1.65,0.72,0.25,mvejmejcxaxkbhncsjpmbezdoochlhpw,answer 889
0.92,1.49,0.25,mvejmejcxaxkbhncsjpmbezdoochlhpw,answer 890
0.13,2.2,0.25,mvejmejcxaxkbhncsjpmbezdoochlhpw,answer 891
-0.18,0.47,0.25,mvejmejcxaxkbhncsjpmbezdoochlhpw,answer 892
-0.24,0.1,0.25,mvejmejcxaxkbhncsjpmbezdoochlhpw,answer 893
1.61,-1.59,0.25,mvejmejcxaxkbhncsjpmbezdoochlhpw,answer 894
0.21,3.39,0.25,mvejmejcxaxkbhncsjpmbezdoochlhpw,answer 895
1.12,0.96,0.25,mvejmejcxaxkbhncsjpmbezdoochlhpw,answer 896
0.56,-3.43,0.25,mvejmejcxaxkbhncsjpmbezdoochlhpw,answer 897
-0.2,-1.29,0.25,mvejmejcxaxkbhncsjpmbezdoochlhpw,answer 898
1.7,0,0.25,mvejmejcxaxkbhncsjpmbezdoochlhpw,answer 899
1.93,1.44,0.25,mvejmejcxaxkbhncsjpmbezdoochlhpw,answer 900
1.91,-3.22,0.25,mvejmejcxaxkbhncsjpmbezdoochlhpw,answer 901
0.36,3.96,0.25,mvejmejcxaxkbhncsjpmbezdoochlhpw,answer 902
1.93,-3.6,0.25,mvejmejcxaxkbhncsjpmbezdoochlhpw,answer 903
-0.09,1.77,0.25,mvejmejcxaxkbhncsjpmbezdoochlhpw,answer 904
0.31,0.23,0.25,mvejmejcxaxkbhncsjpmbezdoochlhpw,answer 905
-0.01,-2.35,0.25,mvejmejcxaxkbhncsjpmbezdoochlhpw,answer 906
1.85,3.12,0.25,mvejmejcxaxkbhncsjpmbezdoochlhpw,answer 907
0.15,-1.91,0.25,mvejmejcxaxkbhncsjpmbezdoochlhpw,answer 908
-0.39,-0.3,0.25,mvejmejcxaxkbhncsjpmbezdoochlhpw,answer 909
-0.21,-0.37,0.25,mvejmejcxaxkbhncsjpmbezdoochlhpw,answer 910
1.23,-0.77,0.25,mvejmejcxaxkbhncsjpmbezdoochlhpw,answer 911
0.37,3.66,0.25,mvejmejcxaxkbhncsjpmbezdoochlhpw,answer 912
0.26,-0.69,0.25,mvejmejcxaxkbhncsjpmbezdoochlhpw,answer 913
-0.42,-1.93,0.25,mvejmejcxaxkbhncsjpmbezdoochlhpw,answer 914
-0.45,-1.45,0.25,mvejmejcxaxkbhncsjpmbezdoochlhpw,answer 915
1.32,0.46,0.25,mvejmejcxaxkbhncsjpmbezdoochlhpw,answer 916
-0.32,3.28,0.25,mvejmejcxaxkbhncsjpmbezdoochlhpw,answer 917
0.69,-1.68,0.25,mvejmejcxaxkbhncsjpmbezdoochlhpw,answer 918
-0.29,-2.59,0.25,mvejmejcxaxkbhncsjpmbezdoochlhpw,answer 919
0.06,1.33,0.25,mvejmejcxaxkbhncsjpmbezdoochlhpw,answer 920
1.81,3.58,0.25,mvejmejcxaxkbhncsjpmbezdoochlhpw,answer 921
-0.22,-0.6,0.25,mvejmejcxaxkbhncsjpmbezdoochlhpw,answer 922
0.4,3.32,0.25,mvejmejcxaxkbhncsjpmbezdoochlhpw,answer 923
1.22,0.72,0.25,mvejmejcxaxkbhncsjpmbezdoochlhpw,answer 924
-0.33,3.08,0.25,mvejmejcxaxkbhncsjpmbezdoochlhpw,answer 925
-0.44,-0.23,0.25,mvejmejcxaxkbhncsjpmbezdoochlhpw,answer 926
0.5,3.16,0.25,mvejmejcxaxkbhncsjpmbezdoochlhpw,answer 927
1.24,-0.81,0.25,mvejmejcxaxkbhncsjpmbezdoochlhpw,answer 928
1.53,0.51,0.25,mvejmejcxaxkbhncsjpmbezdoochlhpw,answer 929
-0.41,3.59,0.25,mvejmejcxaxkbhncsjpmbezdoochlhpw,answer 930
1,-0.18,0.25,mvejmejcxaxkbhncsjpmbezdoochlhpw,answer 931
1.08,-2.38,0.25,mvejmejcxaxkbhncsjpmbezdoochlhpw,answer 932
-0.2,2.28,0.25,mvejmejcxaxkbhncsjpmbezdoochlhpw,answer 933
0.27,0.6,0.25,mvejmejcxaxkbhncsjpmbezdoochlhpw,answer 934
0.96,-1.05,0.25,mvejmejcxaxkbhncsjpmbezdoochlhpw,answer 935
1.81,1.78,0.25,mvejmejcxaxkbhncsjpmbezdoochlhpw,answer 936
-0.09,0.16,0.25,mvejmejcxaxkbhncsjpmbezdoochlhpw,answer 937
0.99,-0.08,0.25,mvejmejcxaxkbhncsjpmbezdoochlhpw,answer 938
1.02,-1.98,0.25,mvejmejcxaxkbhncsjpmbezdoochlhpw,answer 939
-0.15,3.34,0.25,mvejmejcxaxkbhncsjpmbezdoochlhpw,answer 940
0.91,-0.69,0.25,mvejmejcxaxkbhncsjpmbezdoochlhpw,answer 941
1.99,0.99,0.25,mvejmejcxaxkbhncsjpmbezdoochlhpw,answer 942
0.98,1.64,0.25,mvejmejcxaxkbhncsjpmbezdoochlhpw,answer 943
-0.35,-0.38,0.25,mvejmejcxaxkbhncsjpmbezdoochlhpw,answer 944
-0.49,-3.55,0.25,mvejmejcxaxkbhncsjpmbezdoochlhpw,answer 945
-0.42,3.93,0.25,mvejmejcxaxkbhncsjpmbezdoochlhpw,answer 946
-0.5,2.53,0.25,mvejmejcxaxkbhncsjpmbezdoochlhpw,answer 947
0.48,-1.39,0.25,mvejmejcxaxkbhncsjpmbezdoochlhpw,answer 948
1.52,1.61,0.25,mvejmejcxaxkbhncsjpmbezdoochlhpw,answer 949
0.95,2.97,0.25,mvejmejcxaxkbhncsjpmbezdoochlhpw,answer 950
1.64,2.91,0.25,mvejmejcxaxkbhncsjpmbezdoochlhpw,answer 951
1.56,-1.7,0.25,mvejmejcxaxkbhncsjpmbezdoochlhpw,answer 952
1.49,0.43,0.25,mvejmejcxaxkbhncsjpmbezdoochlhpw,answer 953
0.32,-0.14,0.25,mvejmejcxaxkbhncsjpmbezdoochlhpw,answer 954
1.2,-3.09,0.25,mvejmejcxaxkbhncsjpmbezdoochlhpw,answer 955
1.97,3.72,0.25,mvejmejcxaxkbhncsjpmbezdoochlhpw,answer 956
0.56,2.68,0.25,mvejmejcxaxkbhncsjpmbezdoochlhpw,answer 957
0.98,0.37,0.25,mvejmejcxaxkbhncsjpmbezdoochlhpw,answer 958
0.48,2.15,0.25,mvejmejcxaxkbhncsjpmbezdoochlhpw,answer 959
1.37,3.87,0.25,mvejmejcxaxkbhncsjpmbezdoochlhpw,answer 960
1.36,0.71,0.25,mvejmejcxaxkbhncsjpmbezdoochlhpw,answer 961
0.45,-2.71,0.25,mvejmejcxaxkbhncsjpmbezdoochlhpw,answer 962
1.71,1.01,0.25,mvejmejcxaxkbhncsjpmbezdoochlhpw,answer 963
1.2,-2.54,0.25,mvejmejcxaxkbhncsjpmbezdoochlhpw,answer 964
-0.02,-3.7,0.25,mvejmejcxaxkbhncsjpmbezdoochlhpw,answer 965
2,1.64,0.25,mvejmejcxaxkbhncsjpmbezdoochlhpw,answer 966
0.33,-0.16,0.25,mvejmejcxaxkbhncsjpmbezdoochlhpw,answer 967
-0.21,-3.25,0.25,mvejmejcxaxkbhncsjpmbezdoochlhpw,answer 968
0.85,-2.33,0.25,mvejmejcxaxkbhncsjpmbezdoochlhpw,answer 969
0.03,2.21,0.25,mvejmejcxaxkbhncsjpmbezdoochlhpw,answer 970
1.32,-2.62,0.25,mvejmejcxaxkbhncsjpmbezdoochlhpw,answer 971
0.53,-2.65,0.25,mvejmejcxaxkbhncsjpmbezdoochlhpw,answer 972
1.07,-1.6,0.25,mvejmejcxaxkbhncsjpmbezdoochlhpw,answer 973
0.61,-1.33,0.25,mvejmejcxaxkbhncsjpmbezdoochlhpw,answer 974
1.84,1.11,0.25,mvejmejcxaxkbhncsjpmbezdoochlhpw,answer 975
-0.13,2.67,0.25,mvejmejcxaxkbhncsjpmbezdoochlhpw,answer 976
0.9,-1.12,0.25,mvejmejcxaxkbhncsjpmbezdoochlhpw,answer 977
-0.2,-2.81,0.25,mvejmejcxaxkbhncsjpmbezdoochlhpw,answer 978
-0.41,1.81,0.25,mvejmejcxaxkbhncsjpmbezdoochlhpw,answer 979
1.28,-3.32,0.25,mvejmejcxaxkbhncsjpmbezdoochlhpw,answer 980
0.75,-2.19,0.25,mvejmejcxaxkbhncsjpmbezdoochlhpw,answer 981
0.84,-2.25,0.25,mvejmejcxaxkbhncsjpmbezdoochlhpw,answer 982
1.22,1.99,0.25,mvejmejcxaxkbhncsjpmbezdoochlhpw,answer 983
1.52,-3.63,0.25,mvejmejcxaxkbhncsjpmbezdoochlhpw,answer 984
1.04,-0.53,0.25,mvejmejcxaxkbhncsjpmbezdoochlhpw,answer 985
-0.3,0.96,0.25,mvejmejcxaxkbhncsjpmbezdoochlhpw,answer 986
-0.09,3.02,0.25,mvejmejcxaxkbhncsjpmbezdoochlhpw,answer 987
0.52,-0.18,0.25,mvejmejcxaxkbhncsjpmbezdoochlhpw,answer 988
0.51,-2.79,0.25,mvejmejcxaxkbhncsjpmbezdoochlhpw,answer 989
1.98,-2.31,0.25,mvejmejcxaxkbhncsjpmbezdoochlhpw,answer 990
0.22,-3.69,0.25,mvejmejcxaxkbhncsjpmbezdoochlhpw,answer 991
1.11,-0.84,0.25,mvejmejcxaxkbhncsjpmbezdoochlhpw,answer 992
-0.05,1.06,0.25,mvejmejcxaxkbhncsjpmbezdoochlhpw,answer 993
0.96,3.24,0.25,mvejmejcxaxkbhncsjpmbezdoochlhpw,answer 994
-0.42,2.91,0.25,mvejmejcxaxkbhncsjpmbezdoochlhpw,answer 995
0.61,3.59,0.25,mvejmejcxaxkbhncsjpmbezdoochlhpw,answer 996
0.67,-2.16,0.25,mvejmejcxaxkbhncsjpmbezdoochlhpw,answer 997
0.31,-3.62,0.25,mvejmejcxaxkbhncsjpmbezdoochlhpw,answer 998
0.9,-0.25,0.25,mvejmejcxaxkbhncsjpmbezdoochlhpw,answer 999
1.42,1.19,0.25,mvejmejcxaxkbhncsjpmbezdoochlhpw,answer 1000
-0.47,0.35,0.25,mvejmejcxaxkbhncsjpmbezdoochlhpw,answer 1001
1.32,1.53,0.25,mvejmejcxaxkbhncsjpmbezdoochlhpw,answer 1002
-0.27,3.88,0.25,mvejmejcxaxkbhncsjpmbezdoochlhpw,answer 1003
0.16,-3.67,0.25,mvejmejcxaxkbhncsjpmbezdoochlhpw,answer 1004
0.97,-0.69,0.25,mvejmejcxaxkbhncsjpmbezdoochlhpw,answer 1005
0.56,3.06,0.25,mvejmejcxaxkbhncsjpmbezdoochlhpw,answer 1006
1.49,-2.95,0.25,mvejmejcxaxkbhncsjpmbezdoochlhpw,answer 1007
0.45,3.99,0.25,mvejmejcxaxkbhncsjpmbezdoochlhpw,answer 1008
1.39,-2.95,0.25,mvejmejcxaxkbhncsjpmbezdoochlhpw,answer 1009
1.22,2.73,0.25,mvejmejcxaxkbhncsjpmbezdoochlhpw,answer 1010
-0.48,2.26,0.25,mvejmejcxaxkbhncsjpmbezdoochlhpw,answer 1011
-0.33,3.68,0.25,mvejmejcxaxkbhncsjpmbezdoochlhpw,answer 1012
0.79,-2.48,0.25,mvejmejcxaxkbhncsjpmbezdoochlhpw,answer 1013
-0.05,2.69,0.25,mvejmejcxaxkbhncsjpmbezdoochlhpw,answer 1014
1.97,-3.03,0.25,mvejmejcxaxkbhncsjpmbezdoochlhpw,answer 1015
0.91,0.13,0.25,mvejmejcxaxkbhncsjpmbezdoochlhpw,answer 1016
1.94,0.23,0.25,mvejmejcxaxkbhncsjpmbezdoochlhpw,answer 1017
0.6,1.8,0.25,mvejmejcxaxkbhncsjpmbezdoochlhpw,answer 1018
-0.17,-2.82,0.25,mvejmejcxaxkbhncsjpmbezdoochlhpw,answer 1019
-0.09,2.03,0.25,mvejmejcxaxkbhncsjpmbezdoochlhpw,answer 1020
1.28,-2.06,0.25,mvejmejcxaxkbhncsjpmbezdoochlhpw,answer 1021
0.73,-2.87,0.25,mvejmejcxaxkbhncsjpmbezdoochlhpw,answer 1022
1.19,2.7,0.25,mvejmejcxaxkbhncsjpmbezdoochlhpw,answer 1023
0.7,-0.79,0.25,mvejmejcxaxkbhncsjpmbezdoochlhpw,answer 1024
0.32,1.53,0.25,mvejmejcxaxkbhncsjpmbezdoochlhpw,answer 1025
0,1.41,0.25,mvejmejcxaxkbhncsjpmbezdoochlhpw,answer 1026
0.38,-1.25,0.25,mvejmejcxaxkbhncsjpmbezdoochlhpw,answer 1027
1.21,0.86,0.25,mvejmejcxaxkbhncsjpmbezdoochlhpw,answer 1028
1.43,-0.86,0.25,mvejmejcxaxkbhncsjpmbezdoochlhpw,answer 1029
-0.44,-0.24,0.25,mvejmejcxaxkbhncsjpmbezdoochlhpw,answer 1030
-0.04,-1.72,0.25,mvejmejcxaxkbhncsjpmbezdoochlhpw,answer 1031
1.48,-0.57,0.25,mvejmejcxaxkbhncsjpmbezdoochlhpw,answer 1032
0.65,2.33,0.25,mvejmejcxaxkbhncsjpmbezdoochlhpw,answer 1033
0.06,0,0.25,mvejmejcxaxkbhncsjpmbezdoochlhpw,answer 1034
0.67,-2.36,0.25,mvejmejcxaxkbhncsjpmbezdoochlhpw,answer 1035
-0.2,-1.25,0.25,mvejmejcxaxkbhncsjpmbezdoochlhpw,answer 1036
1.44,3.84,0.25,mvejmejcxaxkbhncsjpmbezdoochlhpw,answer 1037
0.54,2.13,0.25,mvejmejcxaxkbhncsjpmbezdoochlhpw,answer 1038
1.95,-0.01,0.25,mvejmejcxaxkbhncsjpmbezdoochlhpw,answer 1039
0.94,3.73,0.25,mvejmejcxaxkbhncsjpmbezdoochlhpw,answer 1040
-0.09,0.75,0.25,mvejmejcxaxkbhncsjpmbezdoochlhpw,answer 1041
0.96,1.81,0.25,mvejmejcxaxkbhncsjpmbezdoochlhpw,answer 1042
1.44,1.98,0.25,mvejmejcxaxkbhncsjpmbezdoochlhpw,answer 1043
1.29,-0.05,0.25,mvejmejcxaxkbhncsjpmbezdoochlhpw,answer 1044
1.9,3.34,0.25,mvejmejcxaxkbhncsjpmbezdoochlhpw,answer 1045
0.82,3.83,0.25,mvejmejcxaxkbhncsjpmbezdoochlhpw,answer 1046
1.55,-3.05,0.25,mvejmejcxaxkbhncsjpmbezdoochlhpw,answer 1047
-0.38,-2.59,0.25,mvejmejcxaxkbhncsjpmbezdoochlhpw,answer 1048
1.29,-3.66,0.25,mvejmejcxaxkbhncsjpmbezdoochlhpw,answer 1049
1.17,1.26,0.25,mvejmejcxaxkbhncsjpmbezdoochlhpw,answer 1050
0.14,0.23,0.25,mvejmejcxaxkbhncsjpmbezdoochlhpw,answer 1051
-0.06,-1.17,0.25,mvejmejcxaxkbhncsjpmbezdoochlhpw,answer 1052
-0.44,2.33,0.25,mvejmejcxaxkbhncsjpmbezdoochlhpw,answer 1053
1.66,0.74,0.25,mvejmejcxaxkbhncsjpmbezdoochlhpw,answer 1054
0.49,1.57,0.25,mvejmejcxaxkbhncsjpmbezdoochlhpw,answer 1055
0.14,1.37,0.25,mvejmejcxaxkbhncsjpmbezdoochlhpw,answer 1056
0.39,-1.34,0.25,mvejmejcxaxkbhncsjpmbezdoochlhpw,answer 1057
1.64,0.02,0.25,mvejmejcxaxkbhncsjpmbezdoochlhpw,answer 1058
1.23,-1.8,0.25,mvejmejcxaxkbhncsjpmbezdoochlhpw,answer 1059
-0.1,3.28,0.25,mvejmejcxaxkbhncsjpmbezdoochlhpw,answer 1060
-0.19,3.98,0.25,mvejmejcxaxkbhncsjpmbezdoochlhpw,answer 1061
1.12,-0.8,0.25,mvejmejcxaxkbhncsjpmbezdoochlhpw,answer 1062
0.98,-3.38,0.25,mvejmejcxaxkbhncsjpmbezdoochlhpw,answer 1063
-0.34,2.12,0.25,mvejmejcxaxkbhncsjpmbezdoochlhpw,answer 1064
1.72,0.28,0.25,mvejmejcxaxkbhncsjpmbezdoochlhpw,answer 1065
-0.18,2.07,0.25,mvejmejcxaxkbhncsjpmbezdoochlhpw,answer 1066
0.99,1.51,0.25,mvejmejcxaxkbhncsjpmbezdoochlhpw,answer 1067
0.93,0.2,0.25,mvejmejcxaxkbhncsjpmbezdoochlhpw,answer 1068
1.39,-0.22,0.25,mvejmejcxaxkbhncsjpmbezdoochlhpw,answer 1069
0.58,-2.57,0.25,mvejmejcxaxkbhncsjpmbezdoochlhpw,answer 1070
-0.02,-3.08,0.25,mvejmejcxaxkbhncsjpmbezdoochlhpw,answer 1071
0.73,-0.97,0.25,mvejmejcxaxkbhncsjpmbezdoochlhpw,answer 1072
0.85,-1.41,0.25,mvejmejcxaxkbhncsjpmbezdoochlhpw,answer 1073
-0.31,-2.45,0.25,mvejmejcxaxkbhncsjpmbezdoochlhpw,answer 1074
-0.01,3.31,0.25,mvejmejcxaxkbhncsjpmbezdoochlhpw,answer 1075
0.76,-2.65,0.25,mvejmejcxaxkbhncsjpmbezdoochlhpw,answer 1076
0.98,1.31,0.25,mvejmejcxaxkbhncsjpmbezdoochlhpw,answer 1077
0.39,3.23,0.25,mvejmejcxaxkbhncsjpmbezdoochlhpw,answer 1078
-0.45,2.54,0.25,mvejmejcxaxkbhncsjpmbezdoochlhpw,answer 1079
-0.2,0.5,0.25,mvejmejcxaxkbhncsjpmbezdoochlhpw,answer 1080
1.98,1.98,0.25,mvejmejcxaxkbhncsjpmbezdoochlhpw,answer 1081
0.39,1.1,0.25,mvejmejcxaxkbhncsjpmbezdoochlhpw,answer 1082
1.11,-0.15,0.25,mvejmejcxaxkbhncsjpmbezdoochlhpw,answer 1083
-0.09,0.76,0.25,mvejmejcxaxkbhncsjpmbezdoochlhpw,answer 1084
1.38,2.84,0.25,mvejmejcxaxkbhncsjpmbezdoochlhpw,answer 1085
-0.28,-3.2,0.25,mvejmejcxaxkbhncsjpmbezdoochlhpw,answer 1086
0.8,-1.03,0.25,mvejmejcxaxkbhncsjpmbezdoochlhpw,answer 1087
1.63,-1.83,0.25,mvejmejcxaxkbhncsjpmbezdoochlhpw,answer 1088
1.23,2.59,0.25,mvejmejcxaxkbhncsjpmbezdoochlhpw,answer 1089
-0.4,3.77,0.25,mvejmejcxaxkbhncsjpmbezdoochlhpw,answer 1090
1.36,-1.26,0.25,mvejmejcxaxkbhncsjpmbezdoochlhpw,answer 1091
-0.43,1.37,0.25,mvejmejcxaxkbhncsjpmbezdoochlhpw,answer 1092
1.49,-3.07,0.25,mvejmejcxaxkbhncsjpmbezdoochlhpw,answer 1093
0.63,3.63,0.25,mvejmejcxaxkbhncsjpmbezdoochlhpw,answer 1094
1.61,-0.9,0.25,mvejmejcxaxkbhncsjpmbezdoochlhpw,answer 1095
0.48,-2.14,0.25,mvejmejcxaxkbhncsjpmbezdoochlhpw,answer 1096
1.14,-3.48,0.25,mvejmejcxaxkbhncsjpmbezdoochlhpw,answer 1097
0.22,3.89,0.25,mvejmejcxaxkbhncsjpmbezdoochlhpw,answer 1098
1.17,-2.12,0.25,mvejmejcxaxkbhncsjpmbezdoochlhpw,answer 1099
0.64,-0.13,0.25,mvejmejcxaxkbhncsjpmbezdoochlhpw,answer 1100
0.36,-2.18,0.25,mvejmejcxaxkbhncsjpmbezdoochlhpw,answer 1101
1.16,0.97,0.25,mvejmejcxaxkbhncsjpmbezdoochlhpw,answer 1102
0.82,-1.17,0.25,mvejmejcxaxkbhncsjpmbezdoochlhpw,answer 1103
0.81,2.37,0.25,mvejmejcxaxkbhncsjpmbezdoochlhpw,answer 1104
1.65,0.51,0.25,mvejmejcxaxkbhncsjpmbezdoochlhpw,answer 1105
-0.29,-0.11,0.25,mvejmejcxaxkbhncsjpmbezdoochlhpw,answer 1106
0.94,-3.37,0.25,mvejmejcxaxkbhncsjpmbezdoochlhpw,answer 1107
-0.32,-2.28,0.25,mvejmejcxaxkbhncsjpmbezdoochlhpw,answer 1108
0.11,2.31,0.25,mvejmejcxaxkbhncsjpmbezdoochlhpw,answer 1109
1.6,-0.66,0.25,mvejmejcxaxkbhncsjpmbezdoochlhpw,answer 1110
-0.08,0.96,0.25,mvejmejcxaxkbhncsjpmbezdoochlhpw,answer 1111
1.1,-3.34,0.25,mvejmejcxaxkbhncsjpmbezdoochlhpw,answer 1112
0.32,2.2,0.25,mvejmejcxaxkbhncsjpmbezdoochlhpw,answer 1113
1.6,3.71,0.25,mvejmejcxaxkbhncsjpmbezdoochlhpw,answer 1114
0.66,-2.86,0.25,mvejmejcxaxkbhncsjpmbezdoochlhpw,answer 1115
1.4,-2.45,0.25,mvejmejcxaxkbhncsjpmbezdoochlhpw,answer 1116
0.17,1.25,0.25,mvejmejcxaxkbhncsjpmbezdoochlhpw,answer 1117
0.41,-1.62,0.25,mvejmejcxaxkbhncsjpmbezdoochlhpw,answer 1118
1.15,0.06,0.25,mvejmejcxaxkbhncsjpmbezdoochlhpw,answer 1119
1.28,-2.74,0.25,mvejmejcxaxkbhncsjpmbezdoochlhpw,answer 1120
-0.18,-1.26,0.25,mvejmejcxaxkbhncsjpmbezdoochlhpw,answer 1121
0.84,3.7,0.25,mvejmejcxaxkbhncsjpmbezdoochlhpw,answer 1122
0.05,-2.94,0.25,mvejmejcxaxkbhncsjpmbezdoochlhpw,answer 1123
1.72,-2.63,0.25,mvejmejcxaxkbhncsjpmbezdoochlhpw,answer 1124
0.56,3.89,0.25,mvejmejcxaxkbhncsjpmbezdoochlhpw,answer 1125
1.49,2.45,0.25,mvejmejcxaxkbhncsjpmbezdoochlhpw,answer 1126
-0.3,-3.85,0.25,mvejmejcxaxkbhncsjpmbezdoochlhpw,answer 1127
1.21,3.92,0.25,mvejmejcxaxkbhncsjpmbezdoochlhpw,answer 1128
1.18,1.66,0.25,mvejmejcxaxkbhncsjpmbezdoochlhpw,answer 1129
0.72,-2.45,0.25,mvejmejcxaxkbhncsjpmbezdoochlhpw,answer 1130
0.26,0.4,0.25,mvejmejcxaxkbhncsjpmbezdoochlhpw,answer 1131
0.21,-2.56,0.25,mvejmejcxaxkbhncsjpmbezdoochlhpw,answer 1132
-0.27,-0.62,0.25,mvejmejcxaxkbhncsjpmbezdoochlhpw,answer 1133
-0.44,-1.43,0.25,mvejmejcxaxkbhncsjpmbezdoochlhpw,answer 1134
-0.04,0.04,0.25,mvejmejcxaxkbhncsjpmbezdoochlhpw,answer 1135
-0.17,-3.35,0.25,mvejmejcxaxkbhncsjpmbezdoochlhpw,answer 1136
1.18,2.9,0.25,mvejmejcxaxkbhncsjpmbezdoochlhpw,answer 1137
1.9,0.82,0.25,mvejmejcxaxkbhncsjpmbezdoochlhpw,answer 1138
1.06,-3.72,0.25,mvejmejcxaxkbhncsjpmbezdoochlhpw,answer 1139
1.62,2.85,0.25,mvejmejcxaxkbhncsjpmbezdoochlhpw,answer 1140
1.74,2.91,0.25,mvejmejcxaxkbhncsjpmbezdoochlhpw,answer 1141
0.17,-0.52,0.25,mvejmejcxaxkbhncsjpmbezdoochlhpw,answer 1142
1.71,-0.67,0.25,mvejmejcxaxkbhncsjpmbezdoochlhpw,answer 1143
1.81,-1.05,0.25,mvejmejcxaxkbhncsjpmbezdoochlhpw,answer 1144
-0.14,-1.86,0.25,mvejmejcxaxkbhncsjpmbezdoochlhpw,answer 1145
0.42,-0.15,0.25,mvejmejcxaxkbhncsjpmbezdoochlhpw,answer 1146
1.48,2.83,0.25,mvejmejcxaxkbhncsjpmbezdoochlhpw,answer 1147
0.56,2.2,0.25,mvejmejcxaxkbhncsjpmbezdoochlhpw,answer 1148
1.75,-1.66,0.25,mvejmejcxaxkbhncsjpmbezdoochlhpw,answer 1149
1.41,-3.62,0.25,mvejmejcxaxkbhncsjpmbezdoochlhpw,answer 1150
-0.06,2.83,0.25,mvejmejcxaxkbhncsjpmbezdoochlhpw,answer 1151
0.74,1.43,0.25,mvejmejcxaxkbhncsjpmbezdoochlhpw,answer 1152
1.6,1.34,0.25,mvejmejcxaxkbhncsjpmbezdoochlhpw,answer 1153
1.03,-2.64,0.25,mvejmejcxaxkbhncsjpmbezdoochlhpw,answer 1154
-0.04,1.53,0.25,mvejmejcxaxkbhncsjpmbezdoochlhpw,answer 1155
1.97,-0.41,0.25,mvejmejcxaxkbhncsjpmbezdoochlhpw,answer 1156
-0.36,-0.13,0.25,mvejmejcxaxkbhncsjpmbezdoochlhpw,answer 1157
1.17,3.9,0.25,mvejmejcxaxkbhncsjpmbezdoochlhpw,answer 1158
-0.21,1.09,0.25,mvejmejcxaxkbhncsjpmbezdoochlhpw,answer 1159
0.73,1.45,0.25,mvejmejcxaxkbhncsjpmbezdoochlhpw,answer 1160
1.24,-0.97,0.25,mvejmejcxaxkbhncsjpmbezdoochlhpw,answer 1161
-0.19,-0.79,0.25,mvejmejcxaxkbhncsjpmbezdoochlhpw,answer 1162
-0.14,-1.53,0.25,mvejmejcxaxkbhncsjpmbezdoochlhpw,answer 1163
1.02,3.74,0.25,mvejmejcxaxkbhncsjpmbezdoochlhpw,answer 1164
0.85,3.72,0.25,mvejmejcxaxkbhncsjpmbezdoochlhpw,answer 1165
-0.43,-3.35,0.25,mvejmejcxaxkbhncsjpmbezdoochlhpw,answer 1166
1.89,3.32,0.25,mvejmejcxaxkbhncsjpmbezdoochlhpw,answer 1167
0.8,-3.02,0.25,mvejmejcxaxkbhncsjpmbezdoochlhpw,answer 1168
0.53,-3.3,0.25,mvejmejcxaxkbhncsjpmbezdoochlhpw,answer 1169
0.95,-0.5,0.25,mvejmejcxaxkbhncsjpmbezdoochlhpw,answer 1170
1.72,2.82,0.25,mvejmejcxaxkbhncsjpmbezdoochlhpw,answer 1171
1.02,-1.15,0.25,mvejmejcxaxkbhncsjpmbezdoochlhpw,answer 1172
0.16,-1.27,0.25,mvejmejcxaxkbhncsjpmbezdoochlhpw,answer 1173
1.69,-3.23,0.25,mvejmejcxaxkbhncsjpmbezdoochlhpw,answer 1174
0.87,-2.88,0.25,mvejmejcxaxkbhncsjpmbezdoochlhpw,answer 1175
1.32,0.43,0.25,mvejmejcxaxkbhncsjpmbezdoochlhpw,answer 1176
0.29,-3.11,0.25,mvejmejcxaxkbhncsjpmbezdoochlhpw,answer 1177
-0.29,-3.06,0.25,mvejmejcxaxkbhncsjpmbezdoochlhpw,answer 1178
0.59,-2.03,0.25,mvejmejcxaxkbhncsjpmbezdoochlhpw,answer 1179
1.98,2.53,0.25,mvejmejcxaxkbhncsjpmbezdoochlhpw,answer 1180
0.38,0.27,0.25,mvejmejcxaxkbhncsjpmbezdoochlhpw,answer 1181
1.48,-2.21,0.25,mvejmejcxaxkbhncsjpmbezdoochlhpw,answer 1182
0.11,-1.52,0.25,mvejmejcxaxkbhncsjpmbezdoochlhpw,answer 1183
0.48,3.92,0.25,mvejmejcxaxkbhncsjpmbezdoochlhpw,answer 1184
0.1,-0.95,0.25,mvejmejcxaxkbhncsjpmbezdoochlhpw,answer 1185
0.55,-1.25,0.25,mvejmejcxaxkbhncsjpmbezdoochlhpw,answer 1186
-0.47,-3.51,0.25,mvejmejcxaxkbhncsjpmbezdoochlhpw,answer 1187
0.45,-1.71,0.25,mvejmejcxaxkbhncsjpmbezdoochlhpw,answer 1188
0.78,2.65,0.25,mvejmejcxaxkbhncsjpmbezdoochlhpw,answer 1189
1.82,2.28,0.25,mvejmejcxaxkbhncsjpmbezdoochlhpw,answer 1190
0.27,0.37,0.25,mvejmejcxaxkbhncsjpmbezdoochlhpw,answer 1191
-0.3,2.93,0.25,mvejmejcxaxkbhncsjpmbezdoochlhpw,answer 1192
0.19,-1.55,0.25,mvejmejcxaxkbhncsjpmbezdoochlhpw,answer 1193
1.77,-3.71,0.25,mvejmejcxaxkbhncsjpmbezdoochlhpw,answer 1194
-0.02,-1.64,0.25,mvejmejcxaxkbhncsjpmbezdoochlhpw,answer 1195
1.13,3.64,0.25,mvejmejcxaxkbhncsjpmbezdoochlhpw,answer 1196
1.75,-2.74,0.25,mvejmejcxaxkbhncsjpmbezdoochlhpw,answer 1197
1.17,-1.39,0.25,mvejmejcxaxkbhncsjpmbezdoochlhpw,answer 1198
0.27,-0.21,0.25,mvejmejcxaxkbhncsjpmbezdoochlhpw,answer 1199
-0.28,-2.48,0.25,mvejmejcxaxkbhncsjpmbezdoochlhpw,answer 1200
0.56,-2.5,0.25,mvejmejcxaxkbhncsjpmbezdoochlhpw,answer 1201
0.13,-1.78,0.25,mvejmejcxaxkbhncsjpmbezdoochlhpw,answer 1202
0.92,-2.72,0.25,mvejmejcxaxkbhncsjpmbezdoochlhpw,answer 1203
1.37,-1.7,0.25,mvejmejcxaxkbhncsjpmbezdoochlhpw,answer 1204
1,1.52,0.25,mvejmejcxaxkbhncsjpmbezdoochlhpw,answer 1205
-0.05,0.17,0.25,mvejmejcxaxkbhncsjpmbezdoochlhpw,answer 1206
-0.34,2.57,0.25,mvejmejcxaxkbhncsjpmbezdoochlhpw,answer 1207
-0.39,-0.47,0.25,mvejmejcxaxkbhncsjpmbezdoochlhpw,answer 1208
0.43,0.26,0.25,mvejmejcxaxkbhncsjpmbezdoochlhpw,answer 1209
0.43,-1.31,0.25,mvejmejcxaxkbhncsjpmbezdoochlhpw,answer 1210
1.12,0.79,0.25,mvejmejcxaxkbhncsjpmbezdoochlhpw,answer 1211
1.07,1.38,0.25,mvejmejcxaxkbhncsjpmbezdoochlhpw,answer 1212
1,-2.65,0.25,mvejmejcxaxkbhncsjpmbezdoochlhpw,answer 1213
1.66,1.46,0.25,mvejmejcxaxkbhncsjpmbezdoochlhpw,answer 1214
0.26,2.52,0.25,mvejmejcxaxkbhncsjpmbezdoochlhpw,answer 1215
1.78,3.9,0.25,mvejmejcxaxkbhncsjpmbezdoochlhpw,answer 1216
0.38,3.89,0.25,mvejmejcxaxkbhncsjpmbezdoochlhpw,answer 1217
1.24,2.84,0.25,mvejmejcxaxkbhncsjpmbezdoochlhpw,answer 1218
1.81,-3.86,0.25,mvejmejcxaxkbhncsjpmbezdoochlhpw,answer 1219
0.57,-0.73,0.25,mvejmejcxaxkbhncsjpmbezdoochlhpw,answer 1220
0.81,-2.42,0.25,mvejmejcxaxkbhncsjpmbezdoochlhpw,answer 1221
1.3,-1.8,0.25,mvejmejcxaxkbhncsjpmbezdoochlhpw,answer 1222
0.32,2.6,0.25,mvejmejcxaxkbhncsjpmbezdoochlhpw,answer 1223
0.59,2.56,0.25,mvejmejcxaxkbhncsjpmbezdoochlhpw,answer 1224
1.54,-3.94,0.25,mvejmejcxaxkbhncsjpmbezdoochlhpw,answer 1225
1.29,0.38,0.25,mvejmejcxaxkbhncsjpmbezdoochlhpw,answer 1226
-0.3,-0.64,0.25,mvejmejcxaxkbhncsjpmbezdoochlhpw,answer 1227
0.98,-2.74,0.25,mvejmejcxaxkbhncsjpmbezdoochlhpw,answer 1228
0.08,0.2,0.25,mvejmejcxaxkbhncsjpmbezdoochlhpw,answer 1229
0.79,0.41,0.25,mvejmejcxaxkbhncsjpmbezdoochlhpw,answer 1230
1.68,0.52,0.25,mvejmejcxaxkbhncsjpmbezdoochlhpw,answer 1231
1.23,-2.85,0.25,mvejmejcxaxkbhncsjpmbezdoochlhpw,answer 1232
0.11,3.94,0.25,mvejmejcxaxkbhncsjpmbezdoochlhpw,answer 1233
1.79,-3.44,0.25,mvejmejcxaxkbhncsjpmbezdoochlhpw,answer 1234
1.06,3.36,0.25,mvejmejcxaxkbhncsjpmbezdoochlhpw,answer 1235
-0.5,3.36,0.25,mvejmejcxaxkbhncsjpmbezdoochlhpw,answer 1236
0.38,1.21,0.25,mvejmejcxaxkbhncsjpmbezdoochlhpw,answer 1237
0.39,-2.15,0.25,mvejmejcxaxkbhncsjpmbezdoochlhpw,answer 1238
1.42,-0.05,0.25,mvejmejcxaxkbhncsjpmbezdoochlhpw,answer 1239
1.53,0.14,0.25,mvejmejcxaxkbhncsjpmbezdoochlhpw,answer 1240
0.47,1.43,0.25,mvejmejcxaxkbhncsjpmbezdoochlhpw,answer 1241
1.86,3.99,0.25,mvejmejcxaxkbhncsjpmbezdoochlhpw,answer 1242
1.78,-1.68,0.25,mvejmejcxaxkbhncsjpmbezdoochlhpw,answer 1243
1.19,1.25,0.25,mvejmejcxaxkbhncsjpmbezdoochlhpw,answer 1244
1.94,1.53,0.25,mvejmejcxaxkbhncsjpmbezdoochlhpw,answer 1245
-0.02,-1.46,0.25,mvejmejcxaxkbhncsjpmbezdoochlhpw,answer 1246
0.1,3.69,0.25,mvejmejcxaxkbhncsjpmbezdoochlhpw,answer 1247
0.48,2.28,0.25,mvejmejcxaxkbhncsjpmbezdoochlhpw,answer 1248
1.04,-0.43,0.25,mvejmejcxaxkbhncsjpmbezdoochlhpw,answer 1249
0.05,-1.84,0.25,mvejmejcxaxkbhncsjpmbezdoochlhpw,answer 1250
1.31,2.01,0.25,mvejmejcxaxkbhncsjpmbezdoochlhpw,answer 1251
0.64,3.88,0.25,mvejmejcxaxkbhncsjpmbezdoochlhpw,answer 1252
-0.06,3.77,0.25,mvejmejcxaxkbhncsjpmbezdoochlhpw,answer 1253
0.88,1.51,0.25,mvejmejcxaxkbhncsjpmbezdoochlhpw,answer 1254
1.48,0.21,0.25,mvejmejcxaxkbhncsjpmbezdoochlhpw,answer 1255
0.63,-0.22,0.25,mvejmejcxaxkbhncsjpmbezdoochlhpw,answer 1256
0.58,3.35,0.25,mvejmejcxaxkbhncsjpmbezdoochlhpw,answer 1257
-0.41,-0.4,0.25,mvejmejcxaxkbhncsjpmbezdoochlhpw,answer 1258
-0.24,1.17,0.25,mvejmejcxaxkbhncsjpmbezdoochlhpw,answer 1259
-0.01,3.61,0.25,mvejmejcxaxkbhncsjpmbezdoochlhpw,answer 1260
0.89,-3.51,0.25,mvejmejcxaxkbhncsjpmbezdoochlhpw,answer 1261
0.1,0.86,0.25,mvejmejcxaxkbhncsjpmbezdoochlhpw,answer 1262
0.67,0.96,0.25,mvejmejcxaxkbhncsjpmbezdoochlhpw,answer 1263
1.95,-0.77,0.25,mvejmejcxaxkbhncsjpmbezdoochlhpw,answer 1264
-0.12,3.33,0.25,mvejmejcxaxkbhncsjpmbezdoochlhpw,answer 1265
-0.41,-2.47,0.25,mvejmejcxaxkbhncsjpmbezdoochlhpw,answer 1266
0.67,-3.11,0.25,mvejmejcxaxkbhncsjpmbezdoochlhpw,answer 1267
1.63,2.17,0.25,mvejmejcxaxkbhncsjpmbezdoochlhpw,answer 1268
1.17,-0.49,0.25,mvejmejcxaxkbhncsjpmbezdoochlhpw,answer 1269
1.42,0.85,0.25,mvejmejcxaxkbhncsjpmbezdoochlhpw,answer 1270
0.51,1.02,0.25,mvejmejcxaxkbhncsjpmbezdoochlhpw,answer 1271
-0.25,-3.67,0.25,mvejmejcxaxkbhncsjpmbezdoochlhpw,answer 1272
1.44,-2.56,0.25,mvejmejcxaxkbhncsjpmbezdoochlhpw,answer 1273
0.02,1.82,0.25,mvejmejcxaxkbhncsjpmbezdoochlhpw,answer 1274
1.12,3.3,0.25,mvejmejcxaxkbhncsjpmbezdoochlhpw,answer 1275
-0.27,3.23,0.25,mvejmejcxaxkbhncsjpmbezdoochlhpw,answer 1276
-0.39,-1.19,0.25,mvejmejcxaxkbhncsjpmbezdoochlhpw,answer 1277
-0.33,-3.05,0.25,mvejmejcxaxkbhncsjpmbezdoochlhpw,answer 1278
0.82,-3.49,0.25,mvejmejcxaxkbhncsjpmbezdoochlhpw,answer 1279
-0.11,3.81,0.25,mvejmejcxaxkbhncsjpmbezdoochlhpw,answer 1280
-0.15,-1.07,0.25,mvejmejcxaxkbhncsjpmbezdoochlhpw,answer 1281
1.27,1.19,0.25,mvejmejcxaxkbhncsjpmbezdoochlhpw,answer 1282
0.54,-3.33,0.25,mvejmejcxaxkbhncsjpmbezdoochlhpw,answer 1283
0.99,0.43,0.25,mvejmejcxaxkbhncsjpmbezdoochlhpw,answer 1284
-0.26,3.64,0.25,mvejmejcxaxkbhncsjpmbezdoochlhpw,answer 1285
0.28,3.2,0.25,mvejmejcxaxkbhncsjpmbezdoochlhpw,answer 1286
0.83,1.63,0.25,mvejmejcxaxkbhncsjpmbezdoochlhpw,answer 1287
0.83,-0.63,0.25,mvejmejcxaxkbhncsjpmbezdoochlhpw,answer 1288
0.23,2.19,0.25,mvejmejcxaxkbhncsjpmbezdoochlhpw,answer 1289
1.74,-3.92,0.25,mvejmejcxaxkbhncsjpmbezdoochlhpw,answer 1290
1.6,-0.72,0.25,mvejmejcxaxkbhncsjpmbezdoochlhpw,answer 1291
1.83,0.98,0.25,mvejmejcxaxkbhncsjpmbezdoochlhpw,answer 1292
0.55,0.35,0.25,mvejmejcxaxkbhncsjpmbezdoochlhpw,answer 1293
0.72,3.14,0.25,mvejmejcxaxkbhncsjpmbezdoochlhpw,answer 1294
1.94,-2.72,0.25,mvejmejcxaxkbhncsjpmbezdoochlhpw,answer 1295
1.83,2.38,0.25,mvejmejcxaxkbhncsjpmbezdoochlhpw,answer 1296
1.81,-3.08,0.25,mvejmejcxaxkbhncsjpmbezdoochlhpw,answer 1297
0.18,-2.83,0.25,mvejmejcxaxkbhncsjpmbezdoochlhpw,answer 1298
0.5,1.13,0.25,mvejmejcxaxkbhncsjpmbezdoochlhpw,answer 1299
0.67,2.61,0.25,mvejmejcxaxkbhncsjpmbezdoochlhpw,answer 1300
-0.06,-3.31,0.25,mvejmejcxaxkbhncsjpmbezdoochlhpw,answer 1301
0.69,1.2,0.25,mvejmejcxaxkbhncsjpmbezdoochlhpw,answer 1302
0.15,-2.92,0.25,mvejmejcxaxkbhncsjpmbezdoochlhpw,answer 1303
1.4,3.68,0.25,mvejmejcxaxkbhncsjpmbezdoochlhpw,answer 1304
1.6,-0.28,0.25,mvejmejcxaxkbhncsjpmbezdoochlhpw,answer 1305
0.44,-0.23,0.25,mvejmejcxaxkbhncsjpmbezdoochlhpw,answer 1306
0.69,3.61,0.25,mvejmejcxaxkbhncsjpmbezdoochlhpw,answer 1307
0.59,2.16,0.25,mvejmejcxaxkbhncsjpmbezdoochlhpw,answer 1308
1.49,0.76,0.25,mvejmejcxaxkbhncsjpmbezdoochlhpw,answer 1309
1.68,-1.47,0.25,mvejmejcxaxkbhncsjpmbezdoochlhpw,answer 1310
1.22,2.02,0.25,mvejmejcxaxkbhncsjpmbezdoochlhpw,answer 1311
1.74,2.79,0.25,mvejmejcxaxkbhncsjpmbezdoochlhpw,answer 1312
1.24,0.4,0.25,mvejmejcxaxkbhncsjpmbezdoochlhpw,answer 1313
-0.26,1.5,0.25,mvejmejcxaxkbhncsjpmbezdoochlhpw,answer 1314
1.69,-2.76,0.25,mvejmejcxaxkbhncsjpmbezdoochlhpw,answer 1315
1.09,1.61,0.25,mvejmejcxaxkbhncsjpmbezdoochlhpw,answer 1316
1.27,-1.77,0.25,mvejmejcxaxkbhncsjpmbezdoochlhpw,answer 1317
0.58,1.55,0.25,mvejmejcxaxkbhncsjpmbezdoochlhpw,answer 1318
0.07,-2.27,0.25,mvejmejcxaxkbhncsjpmbezdoochlhpw,answer 1319
1.71,-0.12,0.25,mvejmejcxaxkbhncsjpmbezdoochlhpw,answer 1320
0.43,-2.86,0.25,mvejmejcxaxkbhncsjpmbezdoochlhpw,answer 1321
1.06,2.19,0.25,mvejmejcxaxkbhncsjpmbezdoochlhpw,answer 1322
1.08,0.21,0.25,mvejmejcxaxkbhncsjpmbezdoochlhpw,answer 1323
1.75,-2.86,0.25,mvejmejcxaxkbhncsjpmbezdoochlhpw,answer 1324
0.86,0.4,0.25,mvejmejcxaxkbhncsjpmbezdoochlhpw,answer 1325
-0.25,2.79,0.25,mvejmejcxaxkbhncsjpmbezdoochlhpw,answer 1326
1.36,1.66,0.25,mvejmejcxaxkbhncsjpmbezdoochlhpw,answer 1327
1.23,3.82,0.25,mvejmejcxaxkbhncsjpmbezdoochlhpw,answer 1328
0.07,-3.13,0.25,mvejmejcxaxkbhncsjpmbezdoochlhpw,answer 1329
0.77,3.94,0.25,mvejmejcxaxkbhncsjpmbezdoochlhpw,answer 1330
1.24,-0.76,0.25,mvejmejcxaxkbhncsjpmbezdoochlhpw,answer 1331
0.69,3.67,0.25,mvejmejcxaxkbhncsjpmbezdoochlhpw,answer 1332
-0.41,2.55,0.25,mvejmejcxaxkbhncsjpmbezdoochlhpw,answer 1333
1.57,-3.36,0.25,mvejmejcxaxkbhncsjpmbezdoochlhpw,answer 1334
1.06,-1.2,0.25,mvejmejcxaxkbhncsjpmbezdoochlhpw,answer 1335
-0.34,-1.3,0.25,mvejmejcxaxkbhncsjpmbezdoochlhpw,answer 1336
1.72,2.33,0.25,mvejmejcxaxkbhncsjpmbezdoochlhpw,answer 1337
1.1,0.09,0.25,mvejmejcxaxkbhncsjpmbezdoochlhpw,answer 1338
0.96,-1.73,0.25,mvejmejcxaxkbhncsjpmbezdoochlhpw,answer 1339
1.75,1.01,0.25,mvejmejcxaxkbhncsjpmbezdoochlhpw,answer 1340
0.95,-2.28,0.25,mvejmejcxaxkbhncsjpmbezdoochlhpw,answer 1341
1.47,0.58,0.25,mvejmejcxaxkbhncsjpmbezdoochlhpw,answer 1342
1.92,2.24,0.25,mvejmejcxaxkbhncsjpmbezdoochlhpw,answer 1343
0.48,1.43,0.25,mvejmejcxaxkbhncsjpmbezdoochlhpw,answer 1344
1.48,-0.98,0.25,mvejmejcxaxkbhncsjpmbezdoochlhpw,answer 1345
0.92,0.2,0.25,mvejmejcxaxkbhncsjpmbezdoochlhpw,answer 1346
1.61,3.9,0.25,mvejmejcxaxkbhncsjpmbezdoochlhpw,answer 1347
1.91,1.97,0.25,mvejmejcxaxkbhncsjpmbezdoochlhpw,answer 1348
-0.15,2.16,0.25,mvejmejcxaxkbhncsjpmbezdoochlhpw,answer 1349
1.74,-1.86,0.25,mvejmejcxaxkbhncsjpmbezdoochlhpw,answer 1350
0.41,-3.32,0.25,mvejmejcxaxkbhncsjpmbezdoochlhpw,answer 1351
0.87,-3.76,0.25,mvejmejcxaxkbhncsjpmbezdoochlhpw,answer 1352
-0.01,1.55,0.25,mvejmejcxaxkbhncsjpmbezdoochlhpw,answer 1353
1.13,1.5,0.25,mvejmejcxaxkbhncsjpmbezdoochlhpw,answer 1354
1.73,-0.81,0.25,mvejmejcxaxkbhncsjpmbezdoochlhpw,answer 1355
1.1,-0.38,0.25,mvejmejcxaxkbhncsjpmbezdoochlhpw,answer 1356
1.3,3.65,0.25,mvejmejcxaxkbhncsjpmbezdoochlhpw,answer 1357
0.94,-3.21,0.25,mvejmejcxaxkbhncsjpmbezdoochlhpw,answer 1358
1.32,2.24,0.25,mvejmejcxaxkbhncsjpmbezdoochlhpw,answer 1359
1.93,2.44,0.25,mvejmejcxaxkbhncsjpmbezdoochlhpw,answer 1360
0.66,0.07,0.25,mvejmejcxaxkbhncsjpmbezdoochlhpw,answer 1361
1.97,2.4,0.25,mvejmejcxaxkbhncsjpmbezdoochlhpw,answer 1362
0.82,3.24,0.25,mvejmejcxaxkbhncsjpmbezdoochlhpw,answer 1363
0.92,2.77,0.25,mvejmejcxaxkbhncsjpmbezdoochlhpw,answer 1364
-0.09,0.74,0.25,mvejmejcxaxkbhncsjpmbezdoochlhpw,answer 1365
1.13,-1.89,0.25,mvejmejcxaxkbhncsjpmbezdoochlhpw,answer 1366
0.81,-1.26,0.25,mvejmejcxaxkbhncsjpmbezdoochlhpw,answer 1367
0.45,-3.28,0.25,mvejmejcxaxkbhncsjpmbezdoochlhpw,answer 1368
1.18,3.76,0.25,mvejmejcxaxkbhncsjpmbezdoochlhpw,answer 1369
0.13,-1.83,0.25,mvejmejcxaxkbhncsjpmbezdoochlhpw,answer 1370
-0.12,-1.2,0.25,mvejmejcxaxkbhncsjpmbezdoochlhpw,answer 1371
0.82,3.68,0.25,mvejmejcxaxkbhncsjpmbezdoochlhpw,answer 1372
-0.22,3.04,0.25,mvejmejcxaxkbhncsjpmbezdoochlhpw,answer 1373
0.9,-1.19,0.25,mvejmejcxaxkbhncsjpmbezdoochlhpw,answer 1374
1.14,-3.84,0.25,mvejmejcxaxkbhncsjpmbezdoochlhpw,answer 1375
0,-0.34,0.25,mvejmejcxaxkbhncsjpmbezdoochlhpw,answer 1376
0.38,2.38,0.25,mvejmejcxaxkbhncsjpmbezdoochlhpw,answer 1377
1.85,-1.34,0.25,mvejmejcxaxkbhncsjpmbezdoochlhpw,answer 1378
1.36,3.98,0.25,mvejmejcxaxkbhncsjpmbezdoochlhpw,answer 1379
0.86,-2.55,0.25,mvejmejcxaxkbhncsjpmbezdoochlhpw,answer 1380
-0.15,2.83,0.25,mvejmejcxaxkbhncsjpmbezdoochlhpw,answer 1381
1.62,-0.07,0.25,mvejmejcxaxkbhncsjpmbezdoochlhpw,answer 1382
0.91,2.27,0.25,mvejmejcxaxkbhncsjpmbezdoochlhpw,answer 1383
0.6,2.9,0.25,mvejmejcxaxkbhncsjpmbezdoochlhpw,answer 1384
0.94,3.24,0.25,mvejmejcxaxkbhncsjpmbezdoochlhpw,answer 1385
0.11,1.03,0.25,mvejmejcxaxkbhncsjpmbezdoochlhpw,answer 1386
1.69,0.24,0.25,mvejmejcxaxkbhncsjpmbezdoochlhpw,answer 1387
-0.24,-0.81,0.25,mvejmejcxaxkbhncsjpmbezdoochlhpw,answer 1388
0.66,0.31,0.25,mvejmejcxaxkbhncsjpmbezdoochlhpw,answer 1389
0.48,-2.08,0.25,mvejmejcxaxkbhncsjpmbezdoochlhpw,answer 1390
1.87,2.51,0.25,mvejmejcxaxkbhncsjpmbezdoochlhpw,answer 1391
0.7,0.56,0.25,mvejmejcxaxkbhncsjpmbezdoochlhpw,answer 1392
0.35,0.2,0.25,mvejmejcxaxkbhncsjpmbezdoochlhpw,answer 1393
0.65,-0.81,0.25,mvejmejcxaxkbhncsjpmbezdoochlhpw,answer 1394
1.55,1.27,0.25,mvejmejcxaxkbhncsjpmbezdoochlhpw,answer 1395
0.93,3.18,0.25,mvejmejcxaxkbhncsjpmbezdoochlhpw,answer 1396
-0.18,3.92,0.25,mvejmejcxaxkbhncsjpmbezdoochlhpw,answer 1397
1.5,-1.4,0.25,mvejmejcxaxkbhncsjpmbezdoochlhpw,answer 1398
1.42,1.83,0.25,mvejmejcxaxkbhncsjpmbezdoochlhpw,answer 1399
-0.04,-2.04,0.25,mvejmejcxaxkbhncsjpmbezdoochlhpw,answer 1400
-0.02,-1.15,0.25,mvejmejcxaxkbhncsjpmbezdoochlhpw,answer 1401
1.47,-1.54,0.25,mvejmejcxaxkbhncsjpmbezdoochlhpw,answer 1402
-0.3,-2.94,0.25,mvejmejcxaxkbhncsjpmbezdoochlhpw,answer 1403
0.47,3.24,0.25,mvejmejcxaxkbhncsjpmbezdoochlhpw,answer 1404
1.67,1.27,0.25,mvejmejcxaxkbhncsjpmbezdoochlhpw,answer 1405
1.88,-1.32,0.25,mvejmejcxaxkbhncsjpmbezdoochlhpw,answer 1406
1.82,-1.63,0.25,mvejmejcxaxkbhncsjpmbezdoochlhpw,answer 1407
0.69,-3.61,0.25,mvejmejcxaxkbhncsjpmbezdoochlhpw,answer 1408
1.88,0.16,0.25,mvejmejcxaxkbhncsjpmbezdoochlhpw,answer 1409
0.85,2.54,0.25,mvejmejcxaxkbhncsjpmbezdoochlhpw,answer 1410
-0.01,2.16,0.25,mvejmejcxaxkbhncsjpmbezdoochlhpw,answer 1411
1.07,3.55,0.25,mvejmejcxaxkbhncsjpmbezdoochlhpw,answer 1412
0.18,1.16,0.25,mvejmejcxaxkbhncsjpmbezdoochlhpw,answer 1413
-0.15,-0.69,0.25,mvejmejcxaxkbhncsjpmbezdoochlhpw,answer 1414
1.97,2.91,0.25,mvejmejcxaxkbhncsjpmbezdoochlhpw,answer 1415
1.23,0.72,0.25,mvejmejcxaxkbhncsjpmbezdoochlhpw,answer 1416
1.22,-1.8,0.25,mvejmejcxaxkbhncsjpmbezdoochlhpw,answer 1417
0.62,-3.37,0.25,mvejmejcxaxkbhncsjpmbezdoochlhpw,answer 1418
0.18,-1.79,0.25,mvejmejcxaxkbhncsjpmbezdoochlhpw,answer 1419
1.6,-1.71,0.25,mvejmejcxaxkbhncsjpmbezdoochlhpw,answer 1420
1.01,1.84,0.25,mvejmejcxaxkbhncsjpmbezdoochlhpw,answer 1421
0.9,2.84,0.25,mvejmejcxaxkbhncsjpmbezdoochlhpw,answer 1422
0.17,0.82,0.25,mvejmejcxaxkbhncsjpmbezdoochlhpw,answer 1423
1.84,1.09,0.25,mvejmejcxaxkbhncsjpmbezdoochlhpw,answer 1424
0.37,-2.21,0.25,mvejmejcxaxkbhncsjpmbezdoochlhpw,answer 1425
1.87,0.77,0.25,mvejmejcxaxkbhncsjpmbezdoochlhpw,answer 1426
1.94,-0.15,0.25,mvejmejcxaxkbhncsjpmbezdoochlhpw,answer 1427
0.26,1.44,0.25,mvejmejcxaxkbhncsjpmbezdoochlhpw,answer 1428
0.22,3.83,0.25,mvejmejcxaxkbhncsjpmbezdoochlhpw,answer 1429
1.42,0.17,0.25,mvejmejcxaxkbhncsjpmbezdoochlhpw,answer 1430
1.39,-2.11,0.25,mvejmejcxaxkbhncsjpmbezdoochlhpw,answer 1431
0.14,0.66,0.25,mvejmejcxaxkbhncsjpmbezdoochlhpw,answer 1432
0.4,0.06,0.25,mvejmejcxaxkbhncsjpmbezdoochlhpw,answer 1433
0.5,-1.65,0.25,mvejmejcxaxkbhncsjpmbezdoochlhpw,answer 1434
0.41,-2.51,0.25,mvejmejcxaxkbhncsjpmbezdoochlhpw,answer 1435
1.56,-0.38,0.25,mvejmejcxaxkbhncsjpmbezdoochlhpw,answer 1436
0.85,-1.52,0.25,mvejmejcxaxkbhncsjpmbezdoochlhpw,answer 1437
0.86,1.84,0.25,mvejmejcxaxkbhncsjpmbezdoochlhpw,answer 1438
-0.13,0.28,0.25,mvejmejcxaxkbhncsjpmbezdoochlhpw,answer 1439
0.24,3.45,0.25,mvejmejcxaxkbhncsjpmbezdoochlhpw,answer 1440
1.4,-2.59,0.25,mvejmejcxaxkbhncsjpmbezdoochlhpw,answer 1441
1.34,3.34,0.25,mvejmejcxaxkbhncsjpmbezdoochlhpw,answer 1442
-0.13,0.65,0.25,mvejmejcxaxkbhncsjpmbezdoochlhpw,answer 1443
0.57,-2.76,0.25,mvejmejcxaxkbhncsjpmbezdoochlhpw,answer 1444
-0.35,-3.06,0.25,mvejmejcxaxkbhncsjpmbezdoochlhpw,answer 1445
1.84,-1.08,0.25,mvejmejcxaxkbhncsjpmbezdoochlhpw,answer 1446
1.91,-0.92,0.25,mvejmejcxaxkbhncsjpmbezdoochlhpw,answer 1447
1.22,-3.23,0.25,mvejmejcxaxkbhncsjpmbezdoochlhpw,answer 1448
1.55,0.03,0.25,mvejmejcxaxkbhncsjpmbezdoochlhpw,answer 1449
0.45,-2.72,0.25,mvejmejcxaxkbhncsjpmbezdoochlhpw,answer 1450
1.12,-1.32,0.25,mvejmejcxaxkbhncsjpmbezdoochlhpw,answer 1451
1.64,2.48,0.25,mvejmejcxaxkbhncsjpmbezdoochlhpw,answer 1452
0.14,-3.01,0.25,mvejmejcxaxkbhncsjpmbezdoochlhpw,answer 1453
0.29,3.18,0.25,mvejmejcxaxkbhncsjpmbezdoochlhpw,answer 1454
-0.47,-1.46,0.25,mvejmejcxaxkbhncsjpmbezdoochlhpw,answer 1455
0.75,1.84,0.25,mvejmejcxaxkbhncsjpmbezdoochlhpw,answer 1456
0.78,0.65,0.25,mvejmejcxaxkbhncsjpmbezdoochlhpw,answer 1457
0.29,2.83,0.25,mvejmejcxaxkbhncsjpmbezdoochlhpw,answer 1458
0.22,-0.38,0.25,mvejmejcxaxkbhncsjpmbezdoochlhpw,answer 1459
0.7,-2.44,0.25,mvejmejcxaxkbhncsjpmbezdoochlhpw,answer 1460
-0.01,1.7,0.25,mvejmejcxaxkbhncsjpmbezdoochlhpw,answer 1461
0.08,0.39,0.25,mvejmejcxaxkbhncsjpmbezdoochlhpw,answer 1462
0.29,1.96,0.25,mvejmejcxaxkbhncsjpmbezdoochlhpw,answer 1463
1.76,-0.75,0.25,mvejmejcxaxkbhncsjpmbezdoochlhpw,answer 1464
0.35,0.88,0.25,mvejmejcxaxkbhncsjpmbezdoochlhpw,answer 1465
1.4,-0.19,0.25,mvejmejcxaxkbhncsjpmbezdoochlhpw,answer 1466
1.56,3.32,0.25,mvejmejcxaxkbhncsjpmbezdoochlhpw,answer 1467
-0.09,-1.44,0.25,mvejmejcxaxkbhncsjpmbezdoochlhpw,answer 1468
1.66,-1.52,0.25,mvejmejcxaxkbhncsjpmbezdoochlhpw,answer 1469
1.13,-1.13,0.25,mvejmejcxaxkbhncsjpmbezdoochlhpw,answer 1470
0.72,3.25,0.25,mvejmejcxaxkbhncsjpmbezdoochlhpw,answer 1471
1.08,-0.57,0.25,mvejmejcxaxkbhncsjpmbezdoochlhpw,answer 1472
1.47,3.84,0.25,mvejmejcxaxkbhncsjpmbezdoochlhpw,answer 1473
1.48,-1.8,0.25,mvejmejcxaxkbhncsjpmbezdoochlhpw,answer 1474
-0.41,1.79,0.25,mvejmejcxaxkbhncsjpmbezdoochlhpw,answer 1475
-0.43,-1.11,0.25,mvejmejcxaxkbhncsjpmbezdoochlhpw,answer 1476
-0.15,-0.89,0.25,mvejmejcxaxkbhncsjpmbezdoochlhpw,answer 1477
-0.26,1.49,0.25,mvejmejcxaxkbhncsjpmbezdoochlhpw,answer 1478
1.67,-2.88,0.25,mvejmejcxaxkbhncsjpmbezdoochlhpw,answer 1479
-0.36,2.75,0.25,mvejmejcxaxkbhncsjpmbezdoochlhpw,answer 1480
1.85,-3.82,0.25,mvejmejcxaxkbhncsjpmbezdoochlhpw,answer 1481
0.88,1.65,0.25,mvejmejcxaxkbhncsjpmbezdoochlhpw,answer 1482
-0.09,0.62,0.25,mvejmejcxaxkbhncsjpmbezdoochlhpw,answer 1483
1.52,3.64,0.25,mvejmejcxaxkbhncsjpmbezdoochlhpw,answer 1484
-0.33,-2.35,0.25,mvejmejcxaxkbhncsjpmbezdoochlhpw,answer 1485
1.65,1.44,0.25,mvejmejcxaxkbhncsjpmbezdoochlhpw,answer 1486
0.3,2.31,0.25,mvejmejcxaxkbhncsjpmbezdoochlhpw,answer 1487
1.74,-3.24,0.25,mvejmejcxaxkbhncsjpmbezdoochlhpw,answer 1488
0.95,1.57,0.25,mvejmejcxaxkbhncsjpmbezdoochlhpw,answer 1489
0.26,-2.98,0.25,mvejmejcxaxkbhncsjpmbezdoochlhpw,answer 1490
1.27,-0.61,0.25,mvejmejcxaxkbhncsjpmbezdoochlhpw,answer 1491
-0.11,-3.03,0.25,mvejmejcxaxkbhncsjpmbezdoochlhpw,answer 1492
-0.18,3.34,0.25,mvejmejcxaxkbhncsjpmbezdoochlhpw,answer 1493
-0.34,1.2,0.25,mvejmejcxaxkbhncsjpmbezdoochlhpw,answer 1494
-0.1,0.51,0.25,mvejmejcxaxkbhncsjpmbezdoochlhpw,answer 1495
1.09,-0.25,0.25,mvejmejcxaxkbhncsjpmbezdoochlhpw,answer 1496
-0.46,-0.04,0.25,mvejmejcxaxkbhncsjpmbezdoochlhpw,answer 1497
0.68,-3.22,0.25,mvejmejcxaxkbhncsjpmbezdoochlhpw,answer 1498
1.53,1,0.25,mvejmejcxaxkbhncsjpmbezdoochlhpw,answer 1499
1.49,-1.94,0.25,mvejmejcxaxkbhncsjpmbezdoochlhpw,answer 1500
0.21,-2.67,0.25,mvejmejcxaxkbhncsjpmbezdoochlhpw,answer 1501
-0.11,0.72,0.25,mvejmejcxaxkbhncsjpmbezdoochlhpw,answer 1502
1.67,-0.12,0.25,mvejmejcxaxkbhncsjpmbezdoochlhpw,answer 1503
0.36,-3.3,0.25,mvejmejcxaxkbhncsjpmbezdoochlhpw,answer 1504
1.41,-0.81,0.25,mvejmejcxaxkbhncsjpmbezdoochlhpw,answer 1505
0.73,1.03,0.25,mvejmejcxaxkbhncsjpmbezdoochlhpw,answer 1506
1.69,-2.67,0.25,mvejmejcxaxkbhncsjpmbezdoochlhpw,answer 1507
1.79,-2.05,0.25,mvejmejcxaxkbhncsjpmbezdoochlhpw,answer 1508
1.4,3.57,0.25,mvejmejcxaxkbhncsjpmbezdoochlhpw,answer 1509
1.01,1.24,0.25,mvejmejcxaxkbhncsjpmbezdoochlhpw,answer 1510
0.7,0.71,0.25,mvejmejcxaxkbhncsjpmbezdoochlhpw,answer 1511
1.14,-1.1,0.25,mvejmejcxaxkbhncsjpmbezdoochlhpw,answer 1512
0.93,-3.8,0.25,mvejmejcxaxkbhncsjpmbezdoochlhpw,answer 1513
1.27,2.41,0.25,mvejmejcxaxkbhncsjpmbezdoochlhpw,answer 1514
0.12,-1.75,0.25,mvejmejcxaxkbhncsjpmbezdoochlhpw,answer 1515
0.42,2.8,0.25,mvejmejcxaxkbhncsjpmbezdoochlhpw,answer 1516
0.52,-0.31,0.25,mvejmejcxaxkbhncsjpmbezdoochlhpw,answer 1517
-0.18,-2.92,0.25,mvejmejcxaxkbhncsjpmbezdoochlhpw,answer 1518
-0.05,-2.91,0.25,mvejmejcxaxkbhncsjpmbezdoochlhpw,answer 1519
1.74,2.89,0.25,mvejmejcxaxkbhncsjpmbezdoochlhpw,answer 1520
0.89,3.33,0.25,mvejmejcxaxkbhncsjpmbezdoochlhpw,answer 1521
1.38,-1.3,0.25,mvejmejcxaxkbhncsjpmbezdoochlhpw,answer 1522
1.51,1.98,0.25,mvejmejcxaxkbhncsjpmbezdoochlhpw,answer 1523
1.15,-0.04,0.25,mvejmejcxaxkbhncsjpmbezdoochlhpw,answer 1524
1.89,2.52,0.25,mvejmejcxaxkbhncsjpmbezdoochlhpw,answer 1525
-0.13,3.18,0.25,mvejmejcxaxkbhncsjpmbezdoochlhpw,answer 1526
0.29,0.35,0.25,mvejmejcxaxkbhncsjpmbezdoochlhpw,answer 1527
0.05,0.23,0.25,mvejmejcxaxkbhncsjpmbezdoochlhpw,answer 1528
1.54,2.12,0.25,mvejmejcxaxkbhncsjpmbezdoochlhpw,answer 1529
0.37,3.24,0.25,mvejmejcxaxkbhncsjpmbezdoochlhpw,answer 1530
-0.23,-0.84,0.25,mvejmejcxaxkbhncsjpmbezdoochlhpw,answer 1531
1.26,1.06,0.25,mvejmejcxaxkbhncsjpmbezdoochlhpw,answer 1532
0.6,2.67,0.25,mvejmejcxaxkbhncsjpmbezdoochlhpw,answer 1533
1.52,-3.34,0.25,mvejmejcxaxkbhncsjpmbezdoochlhpw,answer 1534
0.96,2.51,0.25,mvejmejcxaxkbhncsjpmbezdoochlhpw,answer 1535
-0.25,3.51,0.25,mvejmejcxaxkbhncsjpmbezdoochlhpw,answer 1536
1.23,-0.58,0.25,mvejmejcxaxkbhncsjpmbezdoochlhpw,answer 1537
1.23,1.37,0.25,mvejmejcxaxkbhncsjpmbezdoochlhpw,answer 1538
1.62,3.06,0.25,mvejmejcxaxkbhncsjpmbezdoochlhpw,answer 1539
0.14,2.58,0.25,mvejmejcxaxkbhncsjpmbezdoochlhpw,answer 1540
-0.42,-0.35,0.25,mvejmejcxaxkbhncsjpmbezdoochlhpw,answer 1541
0.44,-2.45,0.25,mvejmejcxaxkbhncsjpmbezdoochlhpw,answer 1542
1.52,-3.09,0.25,mvejmejcxaxkbhncsjpmbezdoochlhpw,answer 1543
1.8,-3.29,0.25,mvejmejcxaxkbhncsjpmbezdoochlhpw,answer 1544
1.96,1.32,0.25,mvejmejcxaxkbhncsjpmbezdoochlhpw,answer 1545
1.95,1.38,0.25,mvejmejcxaxkbhncsjpmbezdoochlhpw,answer 1546
0.53,3.66,0.25,mvejmejcxaxkbhncsjpmbezdoochlhpw,answer 1547
0,-2.91,0.25,mvejmejcxaxkbhncsjpmbezdoochlhpw,answer 1548
1.23,1.35,0.25,mvejmejcxaxkbhncsjpmbezdoochlhpw,answer 1549
1.13,-0.67,0.25,mvejmejcxaxkbhncsjpmbezdoochlhpw,answer 1550
1.9,-1.5,0.25,mvejmejcxaxkbhncsjpmbezdoochlhpw,answer 1551
0.62,2.96,0.25,mvejmejcxaxkbhncsjpmbezdoochlhpw,answer 1552
0.5,-2.28,0.25,mvejmejcxaxkbhncsjpmbezdoochlhpw,answer 1553
0.2,-2.95,0.25,mvejmejcxaxkbhncsjpmbezdoochlhpw,answer 1554
1.61,2.31,0.25,mvejmejcxaxkbhncsjpmbezdoochlhpw,answer 1555
0.08,3.27,0.25,mvejmejcxaxkbhncsjpmbezdoochlhpw,answer 1556
1.39,2.97,0.25,mvejmejcxaxkbhncsjpmbezdoochlhpw,answer 1557
1.45,-2.41,0.25,mvejmejcxaxkbhncsjpmbezdoochlhpw,answer 1558
-0.42,3.43,0.25,mvejmejcxaxkbhncsjpmbezdoochlhpw,answer 1559
0.24,1.65,0.25,mvejmejcxaxkbhncsjpmbezdoochlhpw,answer 1560
0.83,-2.39,0.25,mvejmejcxaxkbhncsjpmbezdoochlhpw,answer 1561
0.22,-2.37,0.25,mvejmejcxaxkbhncsjpmbezdoochlhpw,answer 1562
-0.45,-3.02,0.25,mvejmejcxaxkbhncsjpmbezdoochlhpw,answer 1563
1.43,-2.31,0.25,mvejmejcxaxkbhncsjpmbezdoochlhpw,answer 1564
1.43,-1.24,0.25,mvejmejcxaxkbhncsjpmbezdoochlhpw,answer 1565
0.62,3.14,0.25,mvejmejcxaxkbhncsjpmbezdoochlhpw,answer 1566
0.43,-1,0.25,mvejmejcxaxkbhncsjpmbezdoochlhpw,answer 1567
1,0.7,0.25,mvejmejcxaxkbhncsjpmbezdoochlhpw,answer 1568
1.24,3.29,0.25,mvejmejcxaxkbhncsjpmbezdoochlhpw,answer 1569
0.18,-3.61,0.25,mvejmejcxaxkbhncsjpmbezdoochlhpw,answer 1570
0.79,-1.02,0.25,mvejmejcxaxkbhncsjpmbezdoochlhpw,answer 1571
-0.29,-3.48,0.25,mvejmejcxaxkbhncsjpmbezdoochlhpw,answer 1572
1.37,-1.96,0.25,mvejmejcxaxkbhncsjpmbezdoochlhpw,answer 1573
0.25,0.94,0.25,mvejmejcxaxkbhncsjpmbezdoochlhpw,answer 1574
1.32,-3.17,0.25,mvejmejcxaxkbhncsjpmbezdoochlhpw,answer 1575
0.31,1.65,0.25,mvejmejcxaxkbhncsjpmbezdoochlhpw,answer 1576
0.98,3.35,0.25,mvejmejcxaxkbhncsjpmbezdoochlhpw,answer 1577
1.2,3.54,0.25,mvejmejcxaxkbhncsjpmbezdoochlhpw,answer 1578
-0.43,3.13,0.25,mvejmejcxaxkbhncsjpmbezdoochlhpw,answer 1579
1.95,0.31,0.25,mvejmejcxaxkbhncsjpmbezdoochlhpw,answer 1580
0.75,-2.58,0.25,mvejmejcxaxkbhncsjpmbezdoochlhpw,answer 1581
1.63,-3.82,0.25,mvejmejcxaxkbhncsjpmbezdoochlhpw,answer 1582
0.49,-0.67,0.25,mvejmejcxaxkbhncsjpmbezdoochlhpw,answer 1583
1.74,2.33,0.25,mvejmejcxaxkbhncsjpmbezdoochlhpw,answer 1584
0.76,0.99,0.25,mvejmejcxaxkbhncsjpmbezdoochlhpw,answer 1585
1.22,0.44,0.25,mvejmejcxaxkbhncsjpmbezdoochlhpw,answer 1586
1.62,-1.72,0.25,mvejmejcxaxkbhncsjpmbezdoochlhpw,answer 1587
0.14,0.27,0.25,mvejmejcxaxkbhncsjpmbezdoochlhpw,answer 1588
0.68,3.21,0.25,mvejmejcxaxkbhncsjpmbezdoochlhpw,answer 1589
1.55,3.13,0.25,mvejmejcxaxkbhncsjpmbezdoochlhpw,answer 1590
-0.24,0.18,0.25,mvejmejcxaxkbhncsjpmbezdoochlhpw,answer 1591
0.33,-2.8,0.25,mvejmejcxaxkbhncsjpmbezdoochlhpw,answer 1592
1.28,-1.52,0.25,mvejmejcxaxkbhncsjpmbezdoochlhpw,answer 1593
1.19,-0.57,0.25,mvejmejcxaxkbhncsjpmbezdoochlhpw,answer 1594
0.44,-1.28,0.25,mvejmejcxaxkbhncsjpmbezdoochlhpw,answer 1595
1.91,0.93,0.25,mvejmejcxaxkbhncsjpmbezdoochlhpw,answer 1596
1.6,3.59,0.25,mvejmejcxaxkbhncsjpmbezdoochlhpw,answer 1597
1.64,2.87,0.25,mvejmejcxaxkbhncsjpmbezdoochlhpw,answer 1598
1.2,-2.23,0.25,mvejmejcxaxkbhncsjpmbezdoochlhpw,answer 1599
-0.48,0.92,0.25,mvejmejcxaxkbhncsjpmbezdoochlhpw,answer 1600
0.27,2.64,0.25,mvejmejcxaxkbhncsjpmbezdoochlhpw,answer 1601
-0.07,0.78,0.25,mvejmejcxaxkbhncsjpmbezdoochlhpw,answer 1602
0.39,2.36,0.25,mvejmejcxaxkbhncsjpmbezdoochlhpw,answer 1603
1.66,-2.05,0.25,mvejmejcxaxkbhncsjpmbezdoochlhpw,answer 1604
-0.05,3.6,0.25,mvejmejcxaxkbhncsjpmbezdoochlhpw,answer 1605
-0.44,3.08,0.25,mvejmejcxaxkbhncsjpmbezdoochlhpw,answer 1606
1.21,-0.28,0.25,mvejmejcxaxkbhncsjpmbezdoochlhpw,answer 1607
1.09,-2.93,0.25,mvejmejcxaxkbhncsjpmbezdoochlhpw,answer 1608
0.2,-1.77,0.25,mvejmejcxaxkbhncsjpmbezdoochlhpw,answer 1609
1.91,0.41,0.25,mvejmejcxaxkbhncsjpmbezdoochlhpw,answer 1610
1.16,-0.47,0.25,mvejmejcxaxkbhncsjpmbezdoochlhpw,answer 1611
0.83,-1.92,0.25,mvejmejcxaxkbhncsjpmbezdoochlhpw,answer 1612
1.12,3.76,0.25,mvejmejcxaxkbhncsjpmbezdoochlhpw,answer 1613
1.77,-2.38,0.25,mvejmejcxaxkbhncsjpmbezdoochlhpw,answer 1614
0.55,-2.16,0.25,mvejmejcxaxkbhncsjpmbezdoochlhpw,answer 1615
0.74,3,0.25,mvejmejcxaxkbhncsjpmbezdoochlhpw,answer 1616
0.13,1.47,0.25,mvejmejcxaxkbhncsjpmbezdoochlhpw,answer 1617
0.06,-3.18,0.25,mvejmejcxaxkbhncsjpmbezdoochlhpw,answer 1618
-0.47,2.02,0.25,mvejmejcxaxkbhncsjpmbezdoochlhpw,answer 1619
1.8,-3.31,0.25,mvejmejcxaxkbhncsjpmbezdoochlhpw,answer 1620
1.31,1.78,0.25,mvejmejcxaxkbhncsjpmbezdoochlhpw,answer 1621
0.22,0.27,0.25,mvejmejcxaxkbhncsjpmbezdoochlhpw,answer 1622
2,2.32,0.25,mvejmejcxaxkbhncsjpmbezdoochlhpw,answer 1623
-0.49,-0.09,0.25,mvejmejcxaxkbhncsjpmbezdoochlhpw,answer 1624
0.24,-0.26,0.25,mvejmejcxaxkbhncsjpmbezdoochlhpw,answer 1625
0.26,-2.19,0.25,mvejmejcxaxkbhncsjpmbezdoochlhpw,answer 1626
1,-1.54,0.25,mvejmejcxaxkbhncsjpmbezdoochlhpw,answer 1627
1.62,0.95,0.25,mvejmejcxaxkbhncsjpmbezdoochlhpw,answer 1628
0.93,-1.25,0.25,mvejmejcxaxkbhncsjpmbezdoochlhpw,answer 1629
0.38,-2.36,0.25,mvejmejcxaxkbhncsjpmbezdoochlhpw,answer 1630
1.14,-2.79,0.25,mvejmejcxaxkbhncsjpmbezdoochlhpw,answer 1631
-0.5,-1.41,0.25,mvejmejcxaxkbhncsjpmbezdoochlhpw,answer 1632
1.47,-2.54,0.25,mvejmejcxaxkbhncsjpmbezdoochlhpw,answer 1633
0.35,-2.36,0.25,mvejmejcxaxkbhncsjpmbezdoochlhpw,answer 1634
1.7,2.38,0.25,mvejmejcxaxkbhncsjpmbezdoochlhpw,answer 1635
1.21,-2.84,0.25,mvejmejcxaxkbhncsjpmbezdoochlhpw,answer 1636
1.68,-2.64,0.25,mvejmejcxaxkbhncsjpmbezdoochlhpw,answer 1637
0.26,3.81,0.25,mvejmejcxaxkbhncsjpmbezdoochlhpw,answer 1638
1.34,1.07,0.25,mvejmejcxaxkbhncsjpmbezdoochlhpw,answer 1639
-0.28,3.42,0.25,mvejmejcxaxkbhncsjpmbezdoochlhpw,answer 1640
0.97,-1.11,0.25,mvejmejcxaxkbhncsjpmbezdoochlhpw,answer 1641
-0.26,-0.99,0.25,mvejmejcxaxkbhncsjpmbezdoochlhpw,answer 1642
0.3,-1.34,0.25,mvejmejcxaxkbhncsjpmbezdoochlhpw,answer 1643
-0.01,0.84,0.25,mvejmejcxaxkbhncsjpmbezdoochlhpw,answer 1644
0.37,-2.07,0.25,mvejmejcxaxkbhncsjpmbezdoochlhpw,answer 1645
0.04,-3.78,0.25,mvejmejcxaxkbhncsjpmbezdoochlhpw,answer 1646
1.52,3.05,0.25,mvejmejcxaxkbhncsjpmbezdoochlhpw,answer 1647
1.28,-0.56,0.25,mvejmejcxaxkbhncsjpmbezdoochlhpw,answer 1648
0.51,-0.39,0.25,mvejmejcxaxkbhncsjpmbezdoochlhpw,answer 1649
0.88,-0.88,0.25,mvejmejcxaxkbhncsjpmbezdoochlhpw,answer 1650
-0.19,2.33,0.25,mvejmejcxaxkbhncsjpmbezdoochlhpw,answer 1651
0.41,-0.85,0.25,mvejmejcxaxkbhncsjpmbezdoochlhpw,answer 1652
0.02,2.58,0.25,mvejmejcxaxkbhncsjpmbezdoochlhpw,answer 1653
0.64,-3.18,0.25,mvejmejcxaxkbhncsjpmbezdoochlhpw,answer 1654
0.91,-0.5,0.25,mvejmejcxaxkbhncsjpmbezdoochlhpw,answer 1655
0.53,3.96,0.25,mvejmejcxaxkbhncsjpmbezdoochlhpw,answer 1656
-0.15,-3.85,0.25,mvejmejcxaxkbhncsjpmbezdoochlhpw,answer 1657
1.89,3.88,0.25,mvejmejcxaxkbhncsjpmbezdoochlhpw,answer 1658
1.62,1.79,0.25,mvejmejcxaxkbhncsjpmbezdoochlhpw,answer 1659
1.11,-2.91,0.25,mvejmejcxaxkbhncsjpmbezdoochlhpw,answer 1660
-0.2,-3.21,0.25,mvejmejcxaxkbhncsjpmbezdoochlhpw,answer 1661
0.69,-2.52,0.25,mvejmejcxaxkbhncsjpmbezdoochlhpw,answer 1662
-0.36,3.99,0.25,mvejmejcxaxkbhncsjpmbezdoochlhpw,answer 1663
0.72,1.87,0.25,mvejmejcxaxkbhncsjpmbezdoochlhpw,answer 1664
1.01,-1.37,0.25,mvejmejcxaxkbhncsjpmbezdoochlhpw,answer 1665
-0.48,3.63,0.25,mvejmejcxaxkbhncsjpmbezdoochlhpw,answer 1666
1.14,-1.78,0.25,mvejmejcxaxkbhncsjpmbezdoochlhpw,answer 1667
-0.02,1.66,0.25,mvejmejcxaxkbhncsjpmbezdoochlhpw,answer 1668
0.03,0.74,0.25,mvejmejcxaxkbhncsjpmbezdoochlhpw,answer 1669
0.15,-3.88,0.25,mvejmejcxaxkbhncsjpmbezdoochlhpw,answer 1670
0.48,2.51,0.25,mvejmejcxaxkbhncsjpmbezdoochlhpw,answer 1671
-0.12,3.07,0.25,mvejmejcxaxkbhncsjpmbezdoochlhpw,answer 1672
-0.37,2.49,0.25,mvejmejcxaxkbhncsjpmbezdoochlhpw,answer 1673
0.82,0.19,0.25,mvejmejcxaxkbhncsjpmbezdoochlhpw,answer 1674
-0.21,0.37,0.25,mvejmejcxaxkbhncsjpmbezdoochlhpw,answer 1675
0.19,2.2,0.25,mvejmejcxaxkbhncsjpmbezdoochlhpw,answer 1676
0.48,3.3,0.25,mvejmejcxaxkbhncsjpmbezdoochlhpw,answer 1677
-0.27,-2.63,0.25,mvejmejcxaxkbhncsjpmbezdoochlhpw,answer 1678
0.41,-1.82,0.25,mvejmejcxaxkbhncsjpmbezdoochlhpw,answer 1679
1.26,3.43,0.25,mvejmejcxaxkbhncsjpmbezdoochlhpw,answer 1680
0.03,-1.44,0.25,mvejmejcxaxkbhncsjpmbezdoochlhpw,answer 1681
1.05,-2.06,0.25,mvejmejcxaxkbhncsjpmbezdoochlhpw,answer 1682
0.71,-0.23,0.25,mvejmejcxaxkbhncsjpmbezdoochlhpw,answer 1683
0.46,3.45,0.25,mvejmejcxaxkbhncsjpmbezdoochlhpw,answer 1684
0.18,-3.88,0.25,mvejmejcxaxkbhncsjpmbezdoochlhpw,answer 1685
1.61,-2.5,0.25,mvejmejcxaxkbhncsjpmbezdoochlhpw,answer 1686
-0.13,1.05,0.25,mvejmejcxaxkbhncsjpmbezdoochlhpw,answer 1687
1.18,-2.23,0.25,mvejmejcxaxkbhncsjpmbezdoochlhpw,answer 1688
-0.39,-1.28,0.25,mvejmejcxaxkbhncsjpmbezdoochlhpw,answer 1689
1.41,-0.1,0.25,mvejmejcxaxkbhncsjpmbezdoochlhpw,answer 1690
0.3,-1.26,0.25,mvejmejcxaxkbhncsjpmbezdoochlhpw,answer 1691
0.57,-3.65,0.25,mvejmejcxaxkbhncsjpmbezdoochlhpw,answer 1692
-0.26,0.11,0.25,mvejmejcxaxkbhncsjpmbezdoochlhpw,answer 1693
1.53,-2.28,0.25,mvejmejcxaxkbhncsjpmbezdoochlhpw,answer 1694
1.32,-1.55,0.25,mvejmejcxaxkbhncsjpmbezdoochlhpw,answer 1695
0.53,-3.67,0.25,mvejmejcxaxkbhncsjpmbezdoochlhpw,answer 1696
0.18,0.3,0.25,mvejmejcxaxkbhncsjpmbezdoochlhpw,answer 1697
-0.34,3.12,0.25,mvejmejcxaxkbhncsjpmbezdoochlhpw,answer 1698
2,1.16,0.25,mvejmejcxaxkbhncsjpmbezdoochlhpw,answer 1699
1.37,1.89,0.25,mvejmejcxaxkbhncsjpmbezdoochlhpw,answer 1700
-0.13,-2.82,0.25,mvejmejcxaxkbhncsjpmbezdoochlhpw,answer 1701
1.8,-0.74,0.25,mvejmejcxaxkbhncsjpmbezdoochlhpw,answer 1702
0.88,-3.4,0.25,mvejmejcxaxkbhncsjpmbezdoochlhpw,answer 1703
0.79,-0.97,0.25,mvejmejcxaxkbhncsjpmbezdoochlhpw,answer 1704
1.7,0.49,0.25,mvejmejcxaxkbhncsjpmbezdoochlhpw,answer 1705
0.17,-2.86,0.25,mvejmejcxaxkbhncsjpmbezdoochlhpw,answer 1706
1.92,0.99,0.25,mvejmejcxaxkbhncsjpmbezdoochlhpw,answer 1707
1.81,2.72,0.25,mvejmejcxaxkbhncsjpmbezdoochlhpw,answer 1708
0.68,0.39,0.25,mvejmejcxaxkbhncsjpmbezdoochlhpw,answer 1709
-0.35,-0.99,0.25,mvejmejcxaxkbhncsjpmbezdoochlhpw,answer 1710
1.2,-3.57,0.25,mvejmejcxaxkbhncsjpmbezdoochlhpw,answer 1711
0.84,-2.9,0.25,mvejmejcxaxkbhncsjpmbezdoochlhpw,answer 1712
1.29,-1.47,0.25,mvejmejcxaxkbhncsjpmbezdoochlhpw,answer 1713
1.63,3.21,0.25,mvejmejcxaxkbhncsjpmbezdoochlhpw,answer 1714
1.2,-2.54,0.25,mvejmejcxaxkbhncsjpmbezdoochlhpw,answer 1715
-0.5,-3.33,0.25,mvejmejcxaxkbhncsjpmbezdoochlhpw,answer 1716
-0.19,3.37,0.25,mvejmejcxaxkbhncsjpmbezdoochlhpw,answer 1717
0.36,-0.24,0.25,mvejmejcxaxkbhncsjpmbezdoochlhpw,answer 1718
-0.44,-1.29,0.25,mvejmejcxaxkbhncsjpmbezdoochlhpw,answer 1719
1.37,0.95,0.25,mvejmejcxaxkbhncsjpmbezdoochlhpw,answer 1720
1.55,-1.35,0.25,mvejmejcxaxkbhncsjpmbezdoochlhpw,answer 1721
1.8,1.71,0.25,mvejmejcxaxkbhncsjpmbezdoochlhpw,answer 1722
1.17,-3.03,0.25,mvejmejcxaxkbhncsjpmbezdoochlhpw,answer 1723
-0.08,3.1,0.25,mvejmejcxaxkbhncsjpmbezdoochlhpw,answer 1724
-0.16,3.64,0.25,mvejmejcxaxkbhncsjpmbezdoochlhpw,answer 1725
0.04,-1.05,0.25,mvejmejcxaxkbhncsjpmbezdoochlhpw,answer 1726
-0.49,-2.02,0.25,mvejmejcxaxkbhncsjpmbezdoochlhpw,answer 1727
-0.02,-2.01,0.25,mvejmejcxaxkbhncsjpmbezdoochlhpw,answer 1728
0.03,2.15,0.25,mvejmejcxaxkbhncsjpmbezdoochlhpw,answer 1729
0.76,2.22,0.25,mvejmejcxaxkbhncsjpmbezdoochlhpw,answer 1730
1.44,-0.07,0.25,mvejmejcxaxkbhncsjpmbezdoochlhpw,answer 1731
-0.03,1.23,0.25,mvejmejcxaxkbhncsjpmbezdoochlhpw,answer 1732
1.99,0.98,0.25,mvejmejcxaxkbhncsjpmbezdoochlhpw,answer 1733
0.1,0.3,0.25,mvejmejcxaxkbhncsjpmbezdoochlhpw,answer 1734
0.54,-2.4,0.25,mvejmejcxaxkbhncsjpmbezdoochlhpw,answer 1735
-0.43,3,0.25,mvejmejcxaxkbhncsjpmbezdoochlhpw,answer 1736
-0.18,0.13,0.25,mvejmejcxaxkbhncsjpmbezdoochlhpw,answer 1737
0.6,1.2,0.25,mvejmejcxaxkbhncsjpmbezdoochlhpw,answer 1738
0.97,-1.44,0.25,mvejmejcxaxkbhncsjpmbezdoochlhpw,answer 1739
1.21,0.63,0.25,mvejmejcxaxkbhncsjpmbezdoochlhpw,answer 1740
0.89,2.41,0.25,mvejmejcxaxkbhncsjpmbezdoochlhpw,answer 1741
0.15,1.47,0.25,mvejmejcxaxkbhncsjpmbezdoochlhpw,answer 1742
-0.2,-0.3,0.25,mvejmejcxaxkbhncsjpmbezdoochlhpw,answer 1743
0.18,-1,0.25,mvejmejcxaxkbhncsjpmbezdoochlhpw,answer 1744
-0.02,-3.66,0.25,mvejmejcxaxkbhncsjpmbezdoochlhpw,answer 1745
1.18,-0.48,0.25,mvejmejcxaxkbhncsjpmbezdoochlhpw,answer 1746
1.87,-1.25,0.25,mvejmejcxaxkbhncsjpmbezdoochlhpw,answer 1747
1.21,-1.87,0.25,mvejmejcxaxkbhncsjpmbezdoochlhpw,answer 1748
-0.43,-3.66,0.25,mvejmejcxaxkbhncsjpmbezdoochlhpw,answer 1749
1.35,-1.84,0.25,mvejmejcxaxkbhncsjpmbezdoochlhpw,answer 1750
1.62,1.82,0.25,mvejmejcxaxkbhncsjpmbezdoochlhpw,answer 1751
1.58,1.64,0.25,mvejmejcxaxkbhncsjpmbezdoochlhpw,answer 1752
1.66,2.95,0.25,mvejmejcxaxkbhncsjpmbezdoochlhpw,answer 1753
-0.11,0.22,0.25,mvejmejcxaxkbhncsjpmbezdoochlhpw,answer 1754
-0.27,-2.05,0.25,mvejmejcxaxkbhncsjpmbezdoochlhpw,answer 1755
1.35,0.7,0.25,mvejmejcxaxkbhncsjpmbezdoochlhpw,answer 1756
0.62,-0.81,0.25,mvejmejcxaxkbhncsjpmbezdoochlhpw,answer 1757
0.29,-0.6,0.25,mvejmejcxaxkbhncsjpmbezdoochlhpw,answer 1758
1.54,3.57,0.25,mvejmejcxaxkbhncsjpmbezdoochlhpw,answer 1759
0.74,-2.35,0.25,mvejmejcxaxkbhncsjpmbezdoochlhpw,answer 1760
1.3,2.27,0.25,mvejmejcxaxkbhncsjpmbezdoochlhpw,answer 1761
0.52,-3.43,0.25,mvejmejcxaxkbhncsjpmbezdoochlhpw,answer 1762
-0.17,3.71,0.25,mvejmejcxaxkbhncsjpmbezdoochlhpw,answer 1763
0.92,0.01,0.25,mvejmejcxaxkbhncsjpmbezdoochlhpw,answer 1764
1.26,2.97,0.25,mvejmejcxaxkbhncsjpmbezdoochlhpw,answer 1765
0.8,-1.61,0.25,mvejmejcxaxkbhncsjpmbezdoochlhpw,answer 1766
0.32,2.08,0.25,mvejmejcxaxkbhncsjpmbezdoochlhpw,answer 1767
0.95,-0.55,0.25,mvejmejcxaxkbhncsjpmbezdoochlhpw,answer 1768
1.46,-2.87,0.25,mvejmejcxaxkbhncsjpmbezdoochlhpw,answer 1769
1.59,2.24,0.25,mvejmejcxaxkbhncsjpmbezdoochlhpw,answer 1770
0.67,-3.43,0.25,mvejmejcxaxkbhncsjpmbezdoochlhpw,answer 1771
0.02,-0.76,0.25,mvejmejcxaxkbhncsjpmbezdoochlhpw,answer 1772
0.42,2.08,0.25,mvejmejcxaxkbhncsjpmbezdoochlhpw,answer 1773
-0.06,-2.49,0.25,mvejmejcxaxkbhncsjpmbezdoochlhpw,answer 1774
0.12,1.15,0.25,mvejmejcxaxkbhncsjpmbezdoochlhpw,answer 1775
1.15,3.44,0.25,mvejmejcxaxkbhncsjpmbezdoochlhpw,answer 1776
1.8,0.89,0.25,mvejmejcxaxkbhncsjpmbezdoochlhpw,answer 1777
-0.24,-1.88,0.25,mvejmejcxaxkbhncsjpmbezdoochlhpw,answer 1778
0.34,0.88,0.25,mvejmejcxaxkbhncsjpmbezdoochlhpw,answer 1779
1.65,1.54,0.25,mvejmejcxaxkbhncsjpmbezdoochlhpw,answer 1780
0.87,-2.84,0.25,mvejmejcxaxkbhncsjpmbezdoochlhpw,answer 1781
0.99,2.13,0.25,mvejmejcxaxkbhncsjpmbezdoochlhpw,answer 1782
1.99,-0.91,0.25,mvejmejcxaxkbhncsjpmbezdoochlhpw,answer 1783
1.53,-1.01,0.25,mvejmejcxaxkbhncsjpmbezdoochlhpw,answer 1784
-0.3,-1.43,0.25,mvejmejcxaxkbhncsjpmbezdoochlhpw,answer 1785
0.71,0.6,0.25,mvejmejcxaxkbhncsjpmbezdoochlhpw,answer 1786
0.97,1.51,0.25,mvejmejcxaxkbhncsjpmbezdoochlhpw,answer 1787
-0.39,-1.25,0.25,mvejmejcxaxkbhncsjpmbezdoochlhpw,answer 1788
0.68,0.43,0.25,mvejmejcxaxkbhncsjpmbezdoochlhpw,answer 1789
-0.16,1.75,0.25,mvejmejcxaxkbhncsjpmbezdoochlhpw,answer 1790
1.37,-1.33,0.25,mvejmejcxaxkbhncsjpmbezdoochlhpw,answer 1791
0.23,-1.29,0.25,mvejmejcxaxkbhncsjpmbezdoochlhpw,answer 1792
0.67,-2.27,0.25,mvejmejcxaxkbhncsjpmbezdoochlhpw,answer 1793
-0.04,1.42,0.25,mvejmejcxaxkbhncsjpmbezdoochlhpw,answer 1794
-0.21,-1.7,0.25,mvejmejcxaxkbhncsjpmbezdoochlhpw,answer 1795
1.01,2.73,0.25,mvejmejcxaxkbhncsjpmbezdoochlhpw,answer 1796
1.82,3.55,0.25,mvejmejcxaxkbhncsjpmbezdoochlhpw,answer 1797
0.07,2.56,0.25,mvejmejcxaxkbhncsjpmbezdoochlhpw,answer 1798
-0.31,1.12,0.25,mvejmejcxaxkbhncsjpmbezdoochlhpw,answer 1799
0.61,-2.13,0.25,mvejmejcxaxkbhncsjpmbezdoochlhpw,answer 1800
0.63,-0.56,0.25,mvejmejcxaxkbhncsjpmbezdoochlhpw,answer 1801
-0.17,-2.33,0.25,mvejmejcxaxkbhncsjpmbezdoochlhpw,answer 1802
1.57,1.51,0.25,mvejmejcxaxkbhncsjpmbezdoochlhpw,answer 1803
1.71,-2.23,0.25,mvejmejcxaxkbhncsjpmbezdoochlhpw,answer 1804
0.13,-3.45,0.25,mvejmejcxaxkbhncsjpmbezdoochlhpw,answer 1805
0.72,0.81,0.25,mvejmejcxaxkbhncsjpmbezdoochlhpw,answer 1806
1.84,3.92,0.25,mvejmejcxaxkbhncsjpmbezdoochlhpw,answer 1807
0.32,-3.45,0.25,mvejmejcxaxkbhncsjpmbezdoochlhpw,answer 1808
0.89,-1.83,0.25,mvejmejcxaxkbhncsjpmbezdoochlhpw,answer 1809
1.65,3.67,0.25,mvejmejcxaxkbhncsjpmbezdoochlhpw,answer 1810
0.04,-0.73,0.25,mvejmejcxaxkbhncsjpmbezdoochlhpw,answer 1811
1.97,-2.97,0.25,mvejmejcxaxkbhncsjpmbezdoochlhpw,answer 1812
0.54,0.43,0.25,mvejmejcxaxkbhncsjpmbezdoochlhpw,answer 1813
1.11,-2.65,0.25,mvejmejcxaxkbhncsjpmbezdoochlhpw,answer 1814
0.2,-2.45,0.25,mvejmejcxaxkbhncsjpmbezdoochlhpw,answer 1815
0.77,3.54,0.25,mvejmejcxaxkbhncsjpmbezdoochlhpw,answer 1816
-0.16,-1.07,0.25,mvejmejcxaxkbhncsjpmbezdoochlhpw,answer 1817
0,0.35,0.25,mvejmejcxaxkbhncsjpmbezdoochlhpw,answer 1818
-0.12,0.3,0.25,mvejmejcxaxkbhncsjpmbezdoochlhpw,answer 1819
1.32,2.8,0.25,mvejmejcxaxkbhncsjpmbezdoochlhpw,answer 1820
0.46,-3.71,0.25,mvejmejcxaxkbhncsjpmbezdoochlhpw,answer 1821
0.94,-3.9,0.25,mvejmejcxaxkbhncsjpmbezdoochlhpw,answer 1822
1.77,2.01,0.25,mvejmejcxaxkbhncsjpmbezdoochlhpw,answer 1823
-0.19,3.39,0.25,mvejmejcxaxkbhncsjpmbezdoochlhpw,answer 1824
0.32,2.27,0.25,mvejmejcxaxkbhncsjpmbezdoochlhpw,answer 1825
1.58,-3.25,0.25,mvejmejcxaxkbhncsjpmbezdoochlhpw,answer 1826
1.29,-3.84,0.25,mvejmejcxaxkbhncsjpmbezdoochlhpw,answer 1827
-0.26,0.87,0.25,mvejmejcxaxkbhncsjpmbezdoochlhpw,answer 1828
1.42,1.2,0.25,mvejmejcxaxkbhncsjpmbezdoochlhpw,answer 1829
0.22,3.43,0.25,mvejmejcxaxkbhncsjpmbezdoochlhpw,answer 1830
0.71,-2.96,0.25,mvejmejcxaxkbhncsjpmbezdoochlhpw,answer 1831
1.56,-3.5,0.25,mvejmejcxaxkbhncsjpmbezdoochlhpw,answer 1832
0.09,2.73,0.25,mvejmejcxaxkbhncsjpmbezdoochlhpw,answer 1833
1.52,2.33,0.25,mvejmejcxaxkbhncsjpmbezdoochlhpw,answer 1834
-0.11,-0.48,0.25,mvejmejcxaxkbhncsjpmbezdoochlhpw,answer 1835
1.7,-1.52,0.25,mvejmejcxaxkbhncsjpmbezdoochlhpw,answer 1836
0.24,-1.77,0.25,mvejmejcxaxkbhncsjpmbezdoochlhpw,answer 1837
0.36,-2.18,0.25,mvejmejcxaxkbhncsjpmbezdoochlhpw,answer 1838
1.67,-0.85,0.25,mvejmejcxaxkbhncsjpmbezdoochlhpw,answer 1839
0.29,2.78,0.25,mvejmejcxaxkbhncsjpmbezdoochlhpw,answer 1840
-0.36,-2.52,0.25,mvejmejcxaxkbhncsjpmbezdoochlhpw,answer 1841
1.28,3.03,0.25,mvejmejcxaxkbhncsjpmbezdoochlhpw,answer 1842
0.03,3.74,0.25,mvejmejcxaxkbhncsjpmbezdoochlhpw,answer 1843
-0.01,2.51,0.25,mvejmejcxaxkbhncsjpmbezdoochlhpw,answer 1844
0.57,3.68,0.25,mvejmejcxaxkbhncsjpmbezdoochlhpw,answer 1845
-0.29,0.31,0.25,mvejmejcxaxkbhncsjpmbezdoochlhpw,answer 1846
0.49,2.97,0.25,mvejmejcxaxkbhncsjpmbezdoochlhpw,answer 1847
0.09,-3.44,0.25,mvejmejcxaxkbhncsjpmbezdoochlhpw,answer 1848
1.73,0.54,0.25,mvejmejcxaxkbhncsjpmbezdoochlhpw,answer 1849
0.45,-3.93,0.25,mvejmejcxaxkbhncsjpmbezdoochlhpw,answer 1850
0.08,-3.77,0.25,mvejmejcxaxkbhncsjpmbezdoochlhpw,answer 1851
-0.09,-1.97,0.25,mvejmejcxaxkbhncsjpmbezdoochlhpw,answer 1852
0.54,0.13,0.25,mvejmejcxaxkbhncsjpmbezdoochlhpw,answer 1853
1.53,-1.06,0.25,mvejmejcxaxkbhncsjpmbezdoochlhpw,answer 1854
1.13,2.5,0.25,mvejmejcxaxkbhncsjpmbezdoochlhpw,answer 1855
0.32,-2.06,0.25,mvejmejcxaxkbhncsjpmbezdoochlhpw,answer 1856
-0.19,-3.27,0.25,mvejmejcxaxkbhncsjpmbezdoochlhpw,answer 1857
1.44,-0.31,0.25,mvejmejcxaxkbhncsjpmbezdoochlhpw,answer 1858
0.06,3.71,0.25,mvejmejcxaxkbhncsjpmbezdoochlhpw,answer 1859
1.68,-3.47,0.25,mvejmejcxaxkbhncsjpmbezdoochlhpw,answer 1860
-0.15,-0.97,0.25,mvejmejcxaxkbhncsjpmbezdoochlhpw,answer 1861
1.16,-3.88,0.25,mvejmejcxaxkbhncsjpmbezdoochlhpw,answer 1862
1.93,-1.33,0.25,mvejmejcxaxkbhncsjpmbezdoochlhpw,answer 1863
0.4,-1.48,0.25,mvejmejcxaxkbhncsjpmbezdoochlhpw,answer 1864
0.37,-1,0.25,mvejmejcxaxkbhncsjpmbezdoochlhpw,answer 1865
0.98,-1.36,0.25,mvejmejcxaxkbhncsjpmbezdoochlhpw,answer 1866
1.24,0.96,0.25,mvejmejcxaxkbhncsjpmbezdoochlhpw,answer 1867
1.88,-1.72,0.25,mvejmejcxaxkbhncsjpmbezdoochlhpw,answer 1868
1.08,2.51,0.25,mvejmejcxaxkbhncsjpmbezdoochlhpw,answer 1869
0.62,1.05,0.25,mvejmejcxaxkbhncsjpmbezdoochlhpw,answer 1870
-0.31,-0.71,0.25,mvejmejcxaxkbhncsjpmbezdoochlhpw,answer 1871
0.19,-0.58,0.25,mvejmejcxaxkbhncsjpmbezdoochlhpw,answer 1872
0.03,1.51,0.25,mvejmejcxaxkbhncsjpmbezdoochlhpw,answer 1873
1.66,1.88,0.25,mvejmejcxaxkbhncsjpmbezdoochlhpw,answer 1874
0.84,1.12,0.25,mvejmejcxaxkbhncsjpmbezdoochlhpw,answer 1875
0.12,3.45,0.25,mvejmejcxaxkbhncsjpmbezdoochlhpw,answer 1876
0.53,-0.56,0.25,mvejmejcxaxkbhncsjpmbezdoochlhpw,answer 1877
1.16,-3.05,0.25,mvejmejcxaxkbhncsjpmbezdoochlhpw,answer 1878
-0.3,2.6,0.25,mvejmejcxaxkbhncsjpmbezdoochlhpw,answer 1879
-0.24,-3.56,0.25,mvejmejcxaxkbhncsjpmbezdoochlhpw,answer 1880
0.98,-0.91,0.25,mvejmejcxaxkbhncsjpmbezdoochlhpw,answer 1881
0.76,1.08,0.25,mvejmejcxaxkbhncsjpmbezdoochlhpw,answer 1882
0.89,-3.04,0.25,mvejmejcxaxkbhncsjpmbezdoochlhpw,answer 1883
-0.4,3.49,0.25,mvejmejcxaxkbhncsjpmbezdoochlhpw,answer 1884
-0.21,-1.95,0.25,mvejmejcxaxkbhncsjpmbezdoochlhpw,answer 1885
1.02,-0.61,0.25,mvejmejcxaxkbhncsjpmbezdoochlhpw,answer 1886
1.13,-0.46,0.25,mvejmejcxaxkbhncsjpmbezdoochlhpw,answer 1887
1.17,0.04,0.25,mvejmejcxaxkbhncsjpmbezdoochlhpw,answer 1888
0.71,-2.59,0.25,mvejmejcxaxkbhncsjpmbezdoochlhpw,answer 1889
0.39,0.09,0.25,mvejmejcxaxkbhncsjpmbezdoochlhpw,answer 1890
1.62,-3.74,0.25,mvejmejcxaxkbhncsjpmbezdoochlhpw,answer 1891
1.18,1.02,0.25,mvejmejcxaxkbhncsjpmbezdoochlhpw,answer 1892
1.61,-3.53,0.25,mvejmejcxaxkbhncsjpmbezdoochlhpw,answer 1893
1.4,3.2,0.25,mvejmejcxaxkbhncsjpmbezdoochlhpw,answer 1894
-0.39,-0.12,0.25,mvejmejcxaxkbhncsjpmbezdoochlhpw,answer 1895
1.8,-0.59,0.25,mvejmejcxaxkbhncsjpmbezdoochlhpw,answer 1896
0.01,3.33,0.25,mvejmejcxaxkbhncsjpmbezdoochlhpw,answer 1897
1.62,-1.69,0.25,mvejmejcxaxkbhncsjpmbezdoochlhpw,answer 1898
1.01,-3.93,0.25,mvejmejcxaxkbhncsjpmbezdoochlhpw,answer 1899
0.81,-0.16,0.25,mvejmejcxaxkbhncsjpmbezdoochlhpw,answer 1900
1.79,-3.13,0.25,mvejmejcxaxkbhncsjpmbezdoochlhpw,answer 1901
1.67,-2.08,0.25,mvejmejcxaxkbhncsjpmbezdoochlhpw,answer 1902
0.94,1.4,0.25,mvejmejcxaxkbhncsjpmbezdoochlhpw,answer 1903
1.35,-3.12,0.25,mvejmejcxaxkbhncsjpmbezdoochlhpw,answer 1904
1.99,-3.89,0.25,mvejmejcxaxkbhncsjpmbezdoochlhpw,answer 1905
1.45,-1.83,0.25,mvejmejcxaxkbhncsjpmbezdoochlhpw,answer 1906
1.97,-1.38,0.25,mvejmejcxaxkbhncsjpmbezdoochlhpw,answer 1907
0.9,2.53,0.25,mvejmejcxaxkbhncsjpmbezdoochlhpw,answer 1908
1.52,-3.64,0.25,mvejmejcxaxkbhncsjpmbezdoochlhpw,answer 1909
1.11,1.06,0.25,mvejmejcxaxkbhncsjpmbezdoochlhpw,answer 1910
1.6,1.87,0.25,mvejmejcxaxkbhncsjpmbezdoochlhpw,answer 1911
1.93,-0.3,0.25,mvejmejcxaxkbhncsjpmbezdoochlhpw,answer 1912
1.37,2.43,0.25,mvejmejcxaxkbhncsjpmbezdoochlhpw,answer 1913
1.77,-2.63,0.25,mvejmejcxaxkbhncsjpmbezdoochlhpw,answer 1914
-0.42,-2.73,0.25,mvejmejcxaxkbhncsjpmbezdoochlhpw,answer 1915
1.6,2.79,0.25,mvejmejcxaxkbhncsjpmbezdoochlhpw,answer 1916
1.67,-0.75,0.25,mvejmejcxaxkbhncsjpmbezdoochlhpw,answer 1917
1.82,-1.68,0.25,mvejmejcxaxkbhncsjpmbezdoochlhpw,answer 1918
0.22,0,0.25,mvejmejcxaxkbhncsjpmbezdoochlhpw,answer 1919
-0.07,0.56,0.25,mvejmejcxaxkbhncsjpmbezdoochlhpw,answer 1920
1.97,-3.97,0.25,mvejmejcxaxkbhncsjpmbezdoochlhpw,answer 1921
-0.29,1.31,0.25,mvejmejcxaxkbhncsjpmbezdoochlhpw,answer 1922
0.51,0.31,0.25,mvejmejcxaxkbhncsjpmbezdoochlhpw,answer 1923
0.67,-1.11,0.25,mvejmejcxaxkbhncsjpmbezdoochlhpw,answer 1924
-0.06,1.12,0.25,mvejmejcxaxkbhncsjpmbezdoochlhpw,answer 1925
0.48,3.11,0.25,mvejmejcxaxkbhncsjpmbezdoochlhpw,answer 1926
0.78,-2.46,0.25,mvejmejcxaxkbhncsjpmbezdoochlhpw,answer 1927
1.07,2.97,0.25,mvejmejcxaxkbhncsjpmbezdoochlhpw,answer 1928
1.16,-2.14,0.25,mvejmejcxaxkbhncsjpmbezdoochlhpw,answer 1929
0.66,2.39,0.25,mvejmejcxaxkbhncsjpmbezdoochlhpw,answer 1930
1.22,3.99,0.25,mvejmejcxaxkbhncsjpmbezdoochlhpw,answer 1931
0.69,3.22,0.25,mvejmejcxaxkbhncsjpmbezdoochlhpw,answer 1932
0.21,-0.9,0.25,mvejmejcxaxkbhncsjpmbezdoochlhpw,answer 1933
1.13,-2.33,0.25,mvejmejcxaxkbhncsjpmbezdoochlhpw,answer 1934
0.47,-3.51,0.25,mvejmejcxaxkbhncsjpmbezdoochlhpw,answer 1935
1.16,-1.83,0.25,mvejmejcxaxkbhncsjpmbezdoochlhpw,answer 1936
0.78,3.18,0.25,mvejmejcxaxkbhncsjpmbezdoochlhpw,answer 1937
1.24,3.12,0.25,mvejmejcxaxkbhncsjpmbezdoochlhpw,answer 1938
0.88,1.08,0.25,mvejmejcxaxkbhncsjpmbezdoochlhpw,answer 1939
0.75,3.85,0.25,mvejmejcxaxkbhncsjpmbezdoochlhpw,answer 1940
-0.33,-2.2,0.25,mvejmejcxaxkbhncsjpmbezdoochlhpw,answer 1941
0.04,1.16,0.25,mvejmejcxaxkbhncsjpmbezdoochlhpw,answer 1942
0.66,-3.25,0.25,mvejmejcxaxkbhncsjpmbezdoochlhpw,answer 1943
-0.45,-0.02,0.25,mvejmejcxaxkbhncsjpmbezdoochlhpw,answer 1944
1.98,0.05,0.25,mvejmejcxaxkbhncsjpmbezdoochlhpw,answer 1945
1.6,-3.12,0.25,mvejmejcxaxkbhncsjpmbezdoochlhpw,answer 1946
1.81,2.49,0.25,mvejmejcxaxkbhncsjpmbezdoochlhpw,answer 1947
0.63,-0.25,0.25,mvejmejcxaxkbhncsjpmbezdoochlhpw,answer 1948
0.09,-2.37,0.25,mvejmejcxaxkbhncsjpmbezdoochlhpw,answer 1949
1.52,-1.06,0.25,mvejmejcxaxkbhncsjpmbezdoochlhpw,answer 1950
1.51,2.23,0.25,mvejmejcxaxkbhncsjpmbezdoochlhpw,answer 1951
1.88,2.37,0.25,mvejmejcxaxkbhncsjpmbezdoochlhpw,answer 1952
-0.2,3.59,0.25,mvejmejcxaxkbhncsjpmbezdoochlhpw,answer 1953
-0.38,-2.03,0.25,mvejmejcxaxkbhncsjpmbezdoochlhpw,answer 1954
-0.22,-1.52,0.25,mvejmejcxaxkbhncsjpmbezdoochlhpw,answer 1955
1.9,0.75,0.25,mvejmejcxaxkbhncsjpmbezdoochlhpw,answer 1956
-0.12,1.09,0.25,mvejmejcxaxkbhncsjpmbezdoochlhpw,answer 1957
-0.46,2.73,0.25,mvejmejcxaxkbhncsjpmbezdoochlhpw,answer 1958
1.8,1.14,0.25,mvejmejcxaxkbhncsjpmbezdoochlhpw,answer 1959
1.05,-0.02,0.25,mvejmejcxaxkbhncsjpmbezdoochlhpw,answer 1960
-0.1,2.33,0.25,mvejmejcxaxkbhncsjpmbezdoochlhpw,answer 1961
1.41,-0.03,0.25,mvejmejcxaxkbhncsjpmbezdoochlhpw,answer 1962
0.14,-1.44,0.25,mvejmejcxaxkbhncsjpmbezdoochlhpw,answer 1963
0.97,0.66,0.25,mvejmejcxaxkbhncsjpmbezdoochlhpw,answer 1964
0.64,-1.13,0.25,mvejmejcxaxkbhncsjpmbezdoochlhpw,answer 1965
1.17,-2.86,0.25,mvejmejcxaxkbhncsjpmbezdoochlhpw,answer 1966
0.62,-1.16,0.25,mvejmejcxaxkbhncsjpmbezdoochlhpw,answer 1967
-0.44,-2.51,0.25,mvejmejcxaxkbhncsjpmbezdoochlhpw,answer 1968
-0.29,-3.84,0.25,mvejmejcxaxkbhncsjpmbezdoochlhpw,answer 1969
1.97,2.32,0.25,mvejmejcxaxkbhncsjpmbezdoochlhpw,answer 1970
-0.01,1.57,0.25,mvejmejcxaxkbhncsjpmbezdoochlhpw,answer 1971
-0.1,-2.96,0.25,mvejmejcxaxkbhncsjpmbezdoochlhpw,answer 1972
-0.16,1.15,0.25,mvejmejcxaxkbhncsjpmbezdoochlhpw,answer 1973
-0.04,-2.72,0.25,mvejmejcxaxkbhncsjpmbezdoochlhpw,answer 1974
1.15,1.03,0.25,mvejmejcxaxkbhncsjpmbezdoochlhpw,answer 1975
1.24,-3.87,0.25,mvejmejcxaxkbhncsjpmbezdoochlhpw,answer 1976
1.3,-1.37,0.25,mvejmejcxaxkbhncsjpmbezdoochlhpw,answer 1977
0.16,-3.06,0.25,mvejmejcxaxkbhncsjpmbezdoochlhpw,answer 1978
-0.01,2.42,0.25,mvejmejcxaxkbhncsjpmbezdoochlhpw,answer 1979
0.9,-2.44,0.25,mvejmejcxaxkbhncsjpmbezdoochlhpw,answer 1980
1.31,-2.13,0.25,mvejmejcxaxkbhncsjpmbezdoochlhpw,answer 1981
-0.4,-0.78,0.25,mvejmejcxaxkbhncsjpmbezdoochlhpw,answer 1982
0.05,0.54,0.25,mvejmejcxaxkbhncsjpmbezdoochlhpw,answer 1983
0.27,0.91,0.25,mvejmejcxaxkbhncsjpmbezdoochlhpw,answer 1984
0.36,-0.88,0.25,mvejmejcxaxkbhncsjpmbezdoochlhpw,answer 1985
1.28,-2.69,0.25,mvejmejcxaxkbhncsjpmbezdoochlhpw,answer 1986
0.41,-2.44,0.25,mvejmejcxaxkbhncsjpmbezdoochlhpw,answer 1987
1.41,-1.41,0.25,mvejmejcxaxkbhncsjpmbezdoochlhpw,answer 1988
1.27,-2.57,0.25,mvejmejcxaxkbhncsjpmbezdoochlhpw,answer 1989
0.03,0.86,0.25,mvejmejcxaxkbhncsjpmbezdoochlhpw,answer 1990
0.42,0.89,0.25,mvejmejcxaxkbhncsjpmbezdoochlhpw,answer 1991
-0.2,1.87,0.25,mvejmejcxaxkbhncsjpmbezdoochlhpw,answer 1992
0.92,-0.21,0.25,mvejmejcxaxkbhncsjpmbezdoochlhpw,answer 1993
1.96,-3.85,0.25,mvejmejcxaxkbhncsjpmbezdoochlhpw,answer 1994
0.57,-3.35,0.25,mvejmejcxaxkbhncsjpmbezdoochlhpw,answer 1995
1.49,2.29,0.25,mvejmejcxaxkbhncsjpmbezdoochlhpw,answer 1996
-0.49,-2.63,0.25,mvejmejcxaxkbhncsjpmbezdoochlhpw,answer 1997
0.43,-3.45,0.25,mvejmejcxaxkbhncsjpmbezdoochlhpw,answer 1998
0.92,3.74,0.25,mvejmejcxaxkbhncsjpmbezdoochlhpw,answer 1999
1.11,1.7,0.25,mvejmejcxaxkbhncsjpmbezdoochlhpw,answer 2000
-0.38,0.26,0.25,mvejmejcxaxkbhncsjpmbezdoochlhpw,answer 2001
-0.27,-2.42,0.25,mvejmejcxaxkbhncsjpmbezdoochlhpw,answer 2002
1.91,3.5,0.25,mvejmejcxaxkbhncsjpmbezdoochlhpw,answer 2003
-0.44,2.11,0.25,mvejmejcxaxkbhncsjpmbezdoochlhpw,answer 2004
0.34,-2.14,0.25,mvejmejcxaxkbhncsjpmbezdoochlhpw,answer 2005
1.01,1.55,0.25,mvejmejcxaxkbhncsjpmbezdoochlhpw,answer 2006
-0.24,2.37,0.25,mvejmejcxaxkbhncsjpmbezdoochlhpw,answer 2007
0.44,-1.34,0.25,mvejmejcxaxkbhncsjpmbezdoochlhpw,answer 2008
0.16,-3.41,0.25,mvejmejcxaxkbhncsjpmbezdoochlhpw,answer 2009
0.57,-2.8,0.25,mvejmejcxaxkbhncsjpmbezdoochlhpw,answer 2010
1.05,3.97,0.25,mvejmejcxaxkbhncsjpmbezdoochlhpw,answer 2011
0.32,-1.1,0.25,mvejmejcxaxkbhncsjpmbezdoochlhpw,answer 2012
1.8,-0.12,0.25,mvejmejcxaxkbhncsjpmbezdoochlhpw,answer 2013
1.14,0.89,0.25,mvejmejcxaxkbhncsjpmbezdoochlhpw,answer 2014
0.63,-0.64,0.25,mvejmejcxaxkbhncsjpmbezdoochlhpw,answer 2015
1.3,-2.38,0.25,mvejmejcxaxkbhncsjpmbezdoochlhpw,answer 2016
1.58,0.01,0.25,mvejmejcxaxkbhncsjpmbezdoochlhpw,answer 2017
0.56,-1.68,0.25,mvejmejcxaxkbhncsjpmbezdoochlhpw,answer 2018
-0.26,1.88,0.25,mvejmejcxaxkbhncsjpmbezdoochlhpw,answer 2019
1.2,-2.26,0.25,mvejmejcxaxkbhncsjpmbezdoochlhpw,answer 2020
1.23,-0.98,0.25,mvejmejcxaxkbhncsjpmbezdoochlhpw,answer 2021
0.39,1.52,0.25,mvejmejcxaxkbhncsjpmbezdoochlhpw,answer 2022
0.5,-3.55,0.25,mvejmejcxaxkbhncsjpmbezdoochlhpw,answer 2023
-0.2,1.1,0.25,mvejmejcxaxkbhncsjpmbezdoochlhpw,answer 2024
0.05,-2.95,0.25,mvejmejcxaxkbhncsjpmbezdoochlhpw,answer 2025
0.81,-0.98,0.25,mvejmejcxaxkbhncsjpmbezdoochlhpw,answer 2026
1.27,-1.68,0.25,mvejmejcxaxkbhncsjpmbezdoochlhpw,answer 2027
1.5,-3.41,0.25,mvejmejcxaxkbhncsjpmbezdoochlhpw,answer 2028
1.33,0.01,0.25,mvejmejcxaxkbhncsjpmbezdoochlhpw,answer 2029
0.76,3.77,0.25,mvejmejcxaxkbhncsjpmbezdoochlhpw,answer 2030
0.76,-3.01,0.25,mvejmejcxaxkbhncsjpmbezdoochlhpw,answer 2031
0.39,-3.42,0.25,mvejmejcxaxkbhncsjpmbezdoochlhpw,answer 2032
1.7,-1.65,0.25,mvejmejcxaxkbhncsjpmbezdoochlhpw,answer 2033
1.49,-2.56,0.25,mvejmejcxaxkbhncsjpmbezdoochlhpw,answer 2034
1.27,-3.33,0.25,mvejmejcxaxkbhncsjpmbezdoochlhpw,answer 2035
1.3,-3.03,0.25,mvejmejcxaxkbhncsjpmbezdoochlhpw,answer 2036
1.45,-0.3,0.25,mvejmejcxaxkbhncsjpmbezdoochlhpw,answer 2037
-0.29,2.2,0.25,mvejmejcxaxkbhncsjpmbezdoochlhpw,answer 2038
0.51,0.79,0.25,mvejmejcxaxkbhncsjpmbezdoochlhpw,answer 2039
-0.34,0.77,0.25,mvejmejcxaxkbhncsjpmbezdoochlhpw,answer 2040
0.73,1.51,0.25,mvejmejcxaxkbhncsjpmbezdoochlhpw,answer 2041
-0.2,-3.64,0.25,mvejmejcxaxkbhncsjpmbezdoochlhpw,answer 2042
1.79,-3.31,0.25,mvejmejcxaxkbhncsjpmbezdoochlhpw,answer 2043
1.96,-3.3,0.25,mvejmejcxaxkbhncsjpmbezdoochlhpw,answer 2044
1.82,0.56,0.25,mvejmejcxaxkbhncsjpmbezdoochlhpw,answer 2045
0.82,-1.99,0.25,mvejmejcxaxkbhncsjpmbezdoochlhpw,answer 2046
1.55,2.97,0.25,mvejmejcxaxkbhncsjpmbezdoochlhpw,answer 2047
1.25,-3.1,0.25,mvejmejcxaxkbhncsjpmbezdoochlhpw,answer 2048
0.05,-3.64,0.25,mvejmejcxaxkbhncsjpmbezdoochlhpw,answer 2049
0.33,0.98,0.25,mvejmejcxaxkbhncsjpmbezdoochlhpw,answer 2050
0.13,-2.69,0.25,mvejmejcxaxkbhncsjpmbezdoochlhpw,answer 2051
-0.07,-2.21,0.25,mvejmejcxaxkbhncsjpmbezdoochlhpw,answer 2052
1.3,-3.87,0.25,mvejmejcxaxkbhncsjpmbezdoochlhpw,answer 2053
1.17,-2.88,0.25,mvejmejcxaxkbhncsjpmbezdoochlhpw,answer 2054
1.63,1.17,0.25,mvejmejcxaxkbhncsjpmbezdoochlhpw,answer 2055
1.06,-0.85,0.25,mvejmejcxaxkbhncsjpmbezdoochlhpw,answer 2056
0.26,-3.45,0.25,mvejmejcxaxkbhncsjpmbezdoochlhpw,answer 2057
1.99,0.63,0.25,mvejmejcxaxkbhncsjpmbezdoochlhpw,answer 2058
-0.17,-3.45,0.25,mvejmejcxaxkbhncsjpmbezdoochlhpw,answer 2059
0.81,1.7,0.25,mvejmejcxaxkbhncsjpmbezdoochlhpw,answer 2060
-0.32,-3.45,0.25,mvejmejcxaxkbhncsjpmbezdoochlhpw,answer 2061
0.9,-0.84,0.25,mvejmejcxaxkbhncsjpmbezdoochlhpw,answer 2062
1.26,2.81,0.25,mvejmejcxaxkbhncsjpmbezdoochlhpw,answer 2063
0.1,1.06,0.25,mvejmejcxaxkbhncsjpmbezdoochlhpw,answer 2064
1.42,-1.41,0.25,mvejmejcxaxkbhncsjpmbezdoochlhpw,answer 2065
0.36,2.61,0.25,mvejmejcxaxkbhncsjpmbezdoochlhpw,answer 2066
1.86,-0.06,0.25,mvejmejcxaxkbhncsjpmbezdoochlhpw,answer 2067
1.25,-0.08,0.25,mvejmejcxaxkbhncsjpmbezdoochlhpw,answer 2068
1.49,-0.24,0.25,mvejmejcxaxkbhncsjpmbezdoochlhpw,answer 2069
0.9,-1.48,0.25,mvejmejcxaxkbhncsjpmbezdoochlhpw,answer 2070
0.01,-2.27,0.25,mvejmejcxaxkbhncsjpmbezdoochlhpw,answer 2071
1.41,-1.76,0.25,mvejmejcxaxkbhncsjpmbezdoochlhpw,answer 2072
0.29,2.62,0.25,mvejmejcxaxkbhncsjpmbezdoochlhpw,answer 2073
0.81,2.29,0.25,mvejmejcxaxkbhncsjpmbezdoochlhpw,answer 2074
0.21,1.59,0.25,mvejmejcxaxkbhncsjpmbezdoochlhpw,answer 2075
0.01,-3.11,0.25,mvejmejcxaxkbhncsjpmbezdoochlhpw,answer 2076
0.73,0.87,0.25,mvejmejcxaxkbhncsjpmbezdoochlhpw,answer 2077
-0.04,-3.31,0.25,mvejmejcxaxkbhncsjpmbezdoochlhpw,answer 2078
0.87,-2.34,0.25,mvejmejcxaxkbhncsjpmbezdoochlhpw,answer 2079
1.03,2.01,0.25,mvejmejcxaxkbhncsjpmbezdoochlhpw,answer 2080
1.25,-2.81,0.25,mvejmejcxaxkbhncsjpmbezdoochlhpw,answer 2081
0.41,-2.01,0.25,mvejmejcxaxkbhncsjpmbezdoochlhpw,answer 2082
0,-3.5,0.25,mvejmejcxaxkbhncsjpmbezdoochlhpw,answer 2083
0.12,-3.11,0.25,mvejmejcxaxkbhncsjpmbezdoochlhpw,answer 2084
1.44,-3.5,0.25,mvejmejcxaxkbhncsjpmbezdoochlhpw,answer 2085
1.53,-3,0.25,mvejmejcxaxkbhncsjpmbezdoochlhpw,answer 2086
0.04,-3.09,0.25,mvejmejcxaxkbhncsjpmbezdoochlhpw,answer 2087
0.53,-2.97,0.25,mvejmejcxaxkbhncsjpmbezdoochlhpw,answer 2088
-0.26,-0.59,0.25,mvejmejcxaxkbhncsjpmbezdoochlhpw,answer 2089
0.22,2.55,0.25,mvejmejcxaxkbhncsjpmbezdoochlhpw,answer 2090
0.75,0.04,0.25,mvejmejcxaxkbhncsjpmbezdoochlhpw,answer 2091
1.28,-1.21,0.25,mvejmejcxaxkbhncsjpmbezdoochlhpw,answer 2092
0.51,-1.69,0.25,mvejmejcxaxkbhncsjpmbezdoochlhpw,answer 2093
1.26,-0.71,0.25,mvejmejcxaxkbhncsjpmbezdoochlhpw,answer 2094
-0.13,-3.8,0.25,mvejmejcxaxkbhncsjpmbezdoochlhpw,answer 2095
-0.22,2.78,0.25,mvejmejcxaxkbhncsjpmbezdoochlhpw,answer 2096
1.53,-3.28,0.25,mvejmejcxaxkbhncsjpmbezdoochlhpw,answer 2097
1.42,1.78,0.25,mvejmejcxaxkbhncsjpmbezdoochlhpw,answer 2098
1.17,-0.09,0.25,mvejmejcxaxkbhncsjpmbezdoochlhpw,answer 2099
1.71,-0.1,0.25,mvejmejcxaxkbhncsjpmbezdoochlhpw,answer 2100
-0.36,3.25,0.25,mvejmejcxaxkbhncsjpmbezdoochlhpw,answer 2101
1.64,-1.6,0.25,mvejmejcxaxkbhncsjpmbezdoochlhpw,answer 2102
0.01,3.96,0.25,mvejmejcxaxkbhncsjpmbezdoochlhpw,answer 2103
-0.25,-3.84,0.25,mvejmejcxaxkbhncsjpmbezdoochlhpw,answer 2104
0.28,3.76,0.25,mvejmejcxaxkbhncsjpmbezdoochlhpw,answer 2105
0.21,2.41,0.25,mvejmejcxaxkbhncsjpmbezdoochlhpw,answer 2106
1.8,0.99,0.25,mvejmejcxaxkbhncsjpmbezdoochlhpw,answer 2107
1.68,-2.48,0.25,mvejmejcxaxkbhncsjpmbezdoochlhpw,answer 2108
1.73,3.95,0.25,mvejmejcxaxkbhncsjpmbezdoochlhpw,answer 2109
-0.04,0.53,0.25,mvejmejcxaxkbhncsjpmbezdoochlhpw,answer 2110
1.1,-1.44,0.25,mvejmejcxaxkbhncsjpmbezdoochlhpw,answer 2111
1.68,-0.92,0.25,mvejmejcxaxkbhncsjpmbezdoochlhpw,answer 2112
1.52,-3.75,0.25,mvejmejcxaxkbhncsjpmbezdoochlhpw,answer 2113
1.6,-2.57,0.25,mvejmejcxaxkbhncsjpmbezdoochlhpw,answer 2114
0.06,-1.89,0.25,mvejmejcxaxkbhncsjpmbezdoochlhpw,answer 2115
1.57,1.75,0.25,mvejmejcxaxkbhncsjpmbezdoochlhpw,answer 2116
-0.17,-0.92,0.25,mvejmejcxaxkbhncsjpmbezdoochlhpw,answer 2117
1.06,-0.5,0.25,mvejmejcxaxkbhncsjpmbezdoochlhpw,answer 2118
0.33,-1.58,0.25,mvejmejcxaxkbhncsjpmbezdoochlhpw,answer 2119
0.94,0.82,0.25,mvejmejcxaxkbhncsjpmbezdoochlhpw,answer 2120
1.1,-2.33,0.25,mvejmejcxaxkbhncsjpmbezdoochlhpw,answer 2121
0.72,0.29,0.25,mvejmejcxaxkbhncsjpmbezdoochlhpw,answer 2122
0.49,-2.11,0.25,mvejmejcxaxkbhncsjpmbezdoochlhpw,answer 2123
0.95,-0.7,0.25,mvejmejcxaxkbhncsjpmbezdoochlhpw,answer 2124
1.17,0.73,0.25,mvejmejcxaxkbhncsjpmbezdoochlhpw,answer 2125
1.38,-1.12,0.25,mvejmejcxaxkbhncsjpmbezdoochlhpw,answer 2126
-0.18,-2.85,0.25,mvejmejcxaxkbhncsjpmbezdoochlhpw,answer 2127
1.88,2.93,0.25,mvejmejcxaxkbhncsjpmbezdoochlhpw,answer 2128
1.37,1.69,0.25,mvejmejcxaxkbhncsjpmbezdoochlhpw,answer 2129
-0.47,-1.89,0.25,mvejmejcxaxkbhncsjpmbezdoochlhpw,answer 2130
-0.4,-3.86,0.25,mvejmejcxaxkbhncsjpmbezdoochlhpw,answer 2131
0.43,-1.34,0.25,mvejmejcxaxkbhncsjpmbezdoochlhpw,answer 2132
1.36,0.4,0.25,mvejmejcxaxkbhncsjpmbezdoochlhpw,answer 2133
1.87,-1.44,0.25,mvejmejcxaxkbhncsjpmbezdoochlhpw,answer 2134
0.18,-0.42,0.25,mvejmejcxaxkbhncsjpmbezdoochlhpw,answer 2135
1.01,-0.4,0.25,mvejmejcxaxkbhncsjpmbezdoochlhpw,answer 2136
-0.27,-3.89,0.25,mvejmejcxaxkbhncsjpmbezdoochlhpw,answer 2137
0.19,-2.87,0.25,mvejmejcxaxkbhncsjpmbezdoochlhpw,answer 2138
1.36,2.28,0.25,mvejmejcxaxkbhncsjpmbezdoochlhpw,answer 2139
0.06,-0.17,0.25,mvejmejcxaxkbhncsjpmbezdoochlhpw,answer 2140
0.06,-2.42,0.25,mvejmejcxaxkbhncsjpmbezdoochlhpw,answer 2141
-0.41,1.59,0.25,mvejmejcxaxkbhncsjpmbezdoochlhpw,answer 2142
1.74,-2.45,0.25,mvejmejcxaxkbhncsjpmbezdoochlhpw,answer 2143
1.03,2.93,0.25,mvejmejcxaxkbhncsjpmbezdoochlhpw,answer 2144
0.17,2.72,0.25,mvejmejcxaxkbhncsjpmbezdoochlhpw,answer 2145
1.67,2.74,0.25,mvejmejcxaxkbhncsjpmbezdoochlhpw,answer 2146
1.56,-3.39,0.25,mvejmejcxaxkbhncsjpmbezdoochlhpw,answer 2147
-0.07,1.84,0.25,mvejmejcxaxkbhncsjpmbezdoochlhpw,answer 2148
0.61,0,0.25,mvejmejcxaxkbhncsjpmbezdoochlhpw,answer 2149
-0.49,1.29,0.25,mvejmejcxaxkbhncsjpmbezdoochlhpw,answer 2150
1.44,1.73,0.25,mvejmejcxaxkbhncsjpmbezdoochlhpw,answer 2151
1.24,2.46,0.25,mvejmejcxaxkbhncsjpmbezdoochlhpw,answer 2152
0.3,-3.09,0.25,mvejmejcxaxkbhncsjpmbezdoochlhpw,answer 2153
0.64,-1.81,0.25,mvejmejcxaxkbhncsjpmbezdoochlhpw,answer 2154
1.98,-2.65,0.25,mvejmejcxaxkbhncsjpmbezdoochlhpw,answer 2155
1.07,1.14,0.25,mvejmejcxaxkbhncsjpmbezdoochlhpw,answer 2156
1.92,-3.01,0.25,mvejmejcxaxkbhncsjpmbezdoochlhpw,answer 2157
1.08,-3.08,0.25,mvejmejcxaxkbhncsjpmbezdoochlhpw,answer 2158
-0.22,-1.39,0.25,mvejmejcxaxkbhncsjpmbezdoochlhpw,answer 2159
0.74,2.73,0.25,mvejmejcxaxkbhncsjpmbezdoochlhpw,answer 2160
1.04,0.26,0.25,mvejmejcxaxkbhncsjpmbezdoochlhpw,answer 2161
0.45,3.62,0.25,mvejmejcxaxkbhncsjpmbezdoochlhpw,answer 2162
-0.06,0.17,0.25,mvejmejcxaxkbhncsjpmbezdoochlhpw,answer 2163
1.32,1.89,0.25,mvejmejcxaxkbhncsjpmbezdoochlhpw,answer 2164
-0.22,3.04,0.25,mvejmejcxaxkbhncsjpmbezdoochlhpw,answer 2165
0.08,3.97,0.25,mvejmejcxaxkbhncsjpmbezdoochlhpw,answer 2166
0.04,-2.56,0.25,mvejmejcxaxkbhncsjpmbezdoochlhpw,answer 2167
1.5,1.4,0.25,mvejmejcxaxkbhncsjpmbezdoochlhpw,answer 2168
0.04,-0.14,0.25,mvejmejcxaxkbhncsjpmbezdoochlhpw,answer 2169
1.6,1.76,0.25,mvejmejcxaxkbhncsjpmbezdoochlhpw,answer 2170
1.95,-0.48,0.25,mvejmejcxaxkbhncsjpmbezdoochlhpw,answer 2171
0.67,0.67,0.25,mvejmejcxaxkbhncsjpmbezdoochlhpw,answer 2172
0.66,3.61,0.25,mvejmejcxaxkbhncsjpmbezdoochlhpw,answer 2173
-0.1,0.15,0.25,mvejmejcxaxkbhncsjpmbezdoochlhpw,answer 2174
1.79,1.62,0.25,mvejmejcxaxkbhncsjpmbezdoochlhpw,answer 2175
0.89,0.8,0.25,mvejmejcxaxkbhncsjpmbezdoochlhpw,answer 2176
1.52,-3.29,0.25,mvejmejcxaxkbhncsjpmbezdoochlhpw,answer 2177
1.82,-1.09,0.25,mvejmejcxaxkbhncsjpmbezdoochlhpw,answer 2178
-0.28,-2.92,0.25,mvejmejcxaxkbhncsjpmbezdoochlhpw,answer 2179
0.46,-0.77,0.25,mvejmejcxaxkbhncsjpmbezdoochlhpw,answer 2180
-0.43,-3.91,0.25,mvejmejcxaxkbhncsjpmbezdoochlhpw,answer 2181
1.98,-3.72,0.25,mvejmejcxaxkbhncsjpmbezdoochlhpw,answer 2182
1.68,3.82,0.25,mvejmejcxaxkbhncsjpmbezdoochlhpw,answer 2183
0.66,-2.81,0.25,mvejmejcxaxkbhncsjpmbezdoochlhpw,answer 2184
1.99,-3.3,0.25,mvejmejcxaxkbhncsjpmbezdoochlhpw,answer 2185
0.8,2.51,0.25,mvejmejcxaxkbhncsjpmbezdoochlhpw,answer 2186
1.34,2.75,0.25,mvejmejcxaxkbhncsjpmbezdoochlhpw,answer 2187
0.11,-0.6,0.25,mvejmejcxaxkbhncsjpmbezdoochlhpw,answer 2188
1.65,-0.51,0.25,mvejmejcxaxkbhncsjpmbezdoochlhpw,answer 2189
1.83,0.75,0.25,mvejmejcxaxkbhncsjpmbezdoochlhpw,answer 2190
-0.33,1.97,0.25,mvejmejcxaxkbhncsjpmbezdoochlhpw,answer 2191
-0.15,2.1,0.25,mvejmejcxaxkbhncsjpmbezdoochlhpw,answer 2192
1.34,1.38,0.25,mvejmejcxaxkbhncsjpmbezdoochlhpw,answer 2193
-0.46,0.67,0.25,mvejmejcxaxkbhncsjpmbezdoochlhpw,answer 2194
-0.02,3.13,0.25,mvejmejcxaxkbhncsjpmbezdoochlhpw,answer 2195
1.72,-3.79,0.25,mvejmejcxaxkbhncsjpmbezdoochlhpw,answer 2196
0.81,-0.68,0.25,mvejmejcxaxkbhncsjpmbezdoochlhpw,answer 2197
0.64,1.86,0.25,mvejmejcxaxkbhncsjpmbezdoochlhpw,answer 2198
-0.03,0.56,0.25,mvejmejcxaxkbhncsjpmbezdoochlhpw,answer 2199
-0.43,1.83,0.25,mvejmejcxaxkbhncsjpmbezdoochlhpw,answer 2200
0.92,2.7,0.25,mvejmejcxaxkbhncsjpmbezdoochlhpw,answer 2201
1.14,-0.65,0.25,mvejmejcxaxkbhncsjpmbezdoochlhpw,answer 2202
1.26,0.5,0.25,mvejmejcxaxkbhncsjpmbezdoochlhpw,answer 2203
-0.49,3.09,0.25,mvejmejcxaxkbhncsjpmbezdoochlhpw,answer 2204
0.19,-0.83,0.25,mvejmejcxaxkbhncsjpmbezdoochlhpw,answer 2205
1.73,-0.25,0.25,mvejmejcxaxkbhncsjpmbezdoochlhpw,answer 2206
-0.01,2.41,0.25,mvejmejcxaxkbhncsjpmbezdoochlhpw,answer 2207
1.07,0.93,0.25,mvejmejcxaxkbhncsjpmbezdoochlhpw,answer 2208
1.47,-0.26,0.25,mvejmejcxaxkbhncsjpmbezdoochlhpw,answer 2209
0.83,1.79,0.25,mvejmejcxaxkbhncsjpmbezdoochlhpw,answer 2210
1.13,-0.42,0.25,mvejmejcxaxkbhncsjpmbezdoochlhpw,answer 2211
0.41,-2.46,0.25,mvejmejcxaxkbhncsjpmbezdoochlhpw,answer 2212
0,-0.98,0.25,mvejmejcxaxkbhncsjpmbezdoochlhpw,answer 2213
0.35,-2.01,0.25,mvejmejcxaxkbhncsjpmbezdoochlhpw,answer 2214
0.3,2.24,0.25,mvejmejcxaxkbhncsjpmbezdoochlhpw,answer 2215
1.37,3.62,0.25,mvejmejcxaxkbhncsjpmbezdoochlhpw,answer 2216
0.65,2.02,0.25,mvejmejcxaxkbhncsjpmbezdoochlhpw,answer 2217
1.4,-3.18,0.25,mvejmejcxaxkbhncsjpmbezdoochlhpw,answer 2218
-0.03,-1.6,0.25,mvejmejcxaxkbhncsjpmbezdoochlhpw,answer 2219
0.24,-3.58,0.25,mvejmejcxaxkbhncsjpmbezdoochlhpw,answer 2220
0.52,-3.8,0.25,mvejmejcxaxkbhncsjpmbezdoochlhpw,answer 2221
1.04,-1.07,0.25,mvejmejcxaxkbhncsjpmbezdoochlhpw,answer 2222
1.44,3.39,0.25,mvejmejcxaxkbhncsjpmbezdoochlhpw,answer 2223
0.22,-3.19,0.25,mvejmejcxaxkbhncsjpmbezdoochlhpw,answer 2224
1.81,-1.35,0.25,mvejmejcxaxkbhncsjpmbezdoochlhpw,answer 2225
-0.29,0.85,0.25,mvejmejcxaxkbhncsjpmbezdoochlhpw,answer 2226
0.43,3.06,0.25,mvejmejcxaxkbhncsjpmbezdoochlhpw,answer 2227
1.37,-1.92,0.25,mvejmejcxaxkbhncsjpmbezdoochlhpw,answer 2228
1.78,2.4,0.25,mvejmejcxaxkbhncsjpmbezdoochlhpw,answer 2229
0.75,-2.8,0.25,mvejmejcxaxkbhncsjpmbezdoochlhpw,answer 2230
-0.4,3.33,0.25,mvejmejcxaxkbhncsjpmbezdoochlhpw,answer 2231
0.65,1.99,0.25,mvejmejcxaxkbhncsjpmbezdoochlhpw,answer 2232
1.12,3.96,0.25,mvejmejcxaxkbhncsjpmbezdoochlhpw,answer 2233
-0.07,-2.15,0.25,mvejmejcxaxkbhncsjpmbezdoochlhpw,answer 2234
0.35,0.64,0.25,mvejmejcxaxkbhncsjpmbezdoochlhpw,answer 2235
1.51,0.43,0.25,mvejmejcxaxkbhncsjpmbezdoochlhpw,answer 2236
0.24,3.52,0.25,mvejmejcxaxkbhncsjpmbezdoochlhpw,answer 2237
1.81,1.6,0.25,mvejmejcxaxkbhncsjpmbezdoochlhpw,answer 2238
1.35,-1.48,0.25,mvejmejcxaxkbhncsjpmbezdoochlhpw,answer 2239
0.18,-0.74,0.25,mvejmejcxaxkbhncsjpmbezdoochlhpw,answer 2240
0.32,-2.71,0.25,mvejmejcxaxkbhncsjpmbezdoochlhpw,answer 2241
0.57,-1.88,0.25,mvejmejcxaxkbhncsjpmbezdoochlhpw,answer 2242
0.27,2.43,0.25,mvejmejcxaxkbhncsjpmbezdoochlhpw,answer 2243
-0.41,-1.62,0.25,mvejmejcxaxkbhncsjpmbezdoochlhpw,answer 2244
-0.12,-3.67,0.25,mvejmejcxaxkbhncsjpmbezdoochlhpw,answer 2245
-0.22,-1.54,0.25,mvejmejcxaxkbhncsjpmbezdoochlhpw,answer 2246
0.95,3.23,0.25,mvejmejcxaxkbhncsjpmbezdoochlhpw,answer 2247
1.2,2.77,0.25,mvejmejcxaxkbhncsjpmbezdoochlhpw,answer 2248
0.56,-3.22,0.25,mvejmejcxaxkbhncsjpmbezdoochlhpw,answer 2249
0.11,-2.17,0.25,mvejmejcxaxkbhncsjpmbezdoochlhpw,answer 2250
0.87,-0.82,0.25,mvejmejcxaxkbhncsjpmbezdoochlhpw,answer 2251
0.46,-3.35,0.25,mvejmejcxaxkbhncsjpmbezdoochlhpw,answer 2252
1.1,0.42,0.25,mvejmejcxaxkbhncsjpmbezdoochlhpw,answer 2253
-0.43,3.73,0.25,mvejmejcxaxkbhncsjpmbezdoochlhpw,answer 2254
-0.05,-2.39,0.25,mvejmejcxaxkbhncsjpmbezdoochlhpw,answer 2255
0.01,1.61,0.25,mvejmejcxaxkbhncsjpmbezdoochlhpw,answer 2256
0.79,-2.74,0.25,mvejmejcxaxkbhncsjpmbezdoochlhpw,answer 2257
0.82,0.27,0.25,mvejmejcxaxkbhncsjpmbezdoochlhpw,answer 2258
1.92,-1.21,0.25,mvejmejcxaxkbhncsjpmbezdoochlhpw,answer 2259
-0.04,0.72,0.25,mvejmejcxaxkbhncsjpmbezdoochlhpw,answer 2260
1.5,1.2,0.25,mvejmejcxaxkbhncsjpmbezdoochlhpw,answer 2261
-0.42,0.67,0.25,mvejmejcxaxkbhncsjpmbezdoochlhpw,answer 2262
0.13,-0.02,0.25,mvejmejcxaxkbhncsjpmbezdoochlhpw,answer 2263
0.21,3.26,0.25,mvejmejcxaxkbhncsjpmbezdoochlhpw,answer 2264
0.79,-2.28,0.25,mvejmejcxaxkbhncsjpmbezdoochlhpw,answer 2265
1.33,-2.27,0.25,mvejmejcxaxkbhncsjpmbezdoochlhpw,answer 2266
0.98,-1.28,0.25,mvejmejcxaxkbhncsjpmbezdoochlhpw,answer 2267
1.04,-1.5,0.25,mvejmejcxaxkbhncsjpmbezdoochlhpw,answer 2268
-0.2,-1.07,0.25,mvejmejcxaxkbhncsjpmbezdoochlhpw,answer 2269
1.68,-1.1,0.25,mvejmejcxaxkbhncsjpmbezdoochlhpw,answer 2270
1.71,0.16,0.25,mvejmejcxaxkbhncsjpmbezdoochlhpw,answer 2271
1.64,1.76,0.25,mvejmejcxaxkbhncsjpmbezdoochlhpw,answer 2272
-0.24,-3.94,0.25,mvejmejcxaxkbhncsjpmbezdoochlhpw,answer 2273
0.99,-0.93,0.25,mvejmejcxaxkbhncsjpmbezdoochlhpw,answer 2274
0.9,1.33,0.25,mvejmejcxaxkbhncsjpmbezdoochlhpw,answer 2275
0.54,3.05,0.25,mvejmejcxaxkbhncsjpmbezdoochlhpw,answer 2276
1.58,-2.68,0.25,mvejmejcxaxkbhncsjpmbezdoochlhpw,answer 2277
1.57,3.07,0.25,mvejmejcxaxkbhncsjpmbezdoochlhpw,answer 2278
1.24,2.18,0.25,mvejmejcxaxkbhncsjpmbezdoochlhpw,answer 2279
-0.48,-2.55,0.25,mvejmejcxaxkbhncsjpmbezdoochlhpw,answer 2280
1.16,0.01,0.25,mvejmejcxaxkbhncsjpmbezdoochlhpw,answer 2281
0.19,3.66,0.25,mvejmejcxaxkbhncsjpmbezdoochlhpw,answer 2282
1.07,1.01,0.25,mvejmejcxaxkbhncsjpmbezdoochlhpw,answer 2283
-0.43,-2.33,0.25,mvejmejcxaxkbhncsjpmbezdoochlhpw,answer 2284
0.69,-3.57,0.25,mvejmejcxaxkbhncsjpmbezdoochlhpw,answer 2285
0.28,3.42,0.25,mvejmejcxaxkbhncsjpmbezdoochlhpw,answer 2286
0.25,-2.52,0.25,mvejmejcxaxkbhncsjpmbezdoochlhpw,answer 2287
-0.47,-2.28,0.25,mvejmejcxaxkbhncsjpmbezdoochlhpw,answer 2288
1.48,3.44,0.25,mvejmejcxaxkbhncsjpmbezdoochlhpw,answer 2289
1.64,-1.43,0.25,mvejmejcxaxkbhncsjpmbezdoochlhpw,answer 2290
-0.33,3.1,0.25,mvejmejcxaxkbhncsjpmbezdoochlhpw,answer 2291
1.78,1.44,0.25,mvejmejcxaxkbhncsjpmbezdoochlhpw,answer 2292
1.2,0.76,0.25,mvejmejcxaxkbhncsjpmbezdoochlhpw,answer 2293
1.42,-0.07,0.25,mvejmejcxaxkbhncsjpmbezdoochlhpw,answer 2294
1.08,3.64,0.25,mvejmejcxaxkbhncsjpmbezdoochlhpw,answer 2295
0.06,0.6,0.25,mvejmejcxaxkbhncsjpmbezdoochlhpw,answer 2296
1.37,-2.13,0.25,mvejmejcxaxkbhncsjpmbezdoochlhpw,answer 2297
0.19,-1.69,0.25,mvejmejcxaxkbhncsjpmbezdoochlhpw,answer 2298
0.96,-1.08,0.25,mvejmejcxaxkbhncsjpmbezdoochlhpw,answer 2299
0.41,-0.89,0.25,mvejmejcxaxkbhncsjpmbezdoochlhpw,answer 2300
-0.13,-2.53,0.25,mvejmejcxaxkbhncsjpmbezdoochlhpw,answer 2301
0.92,3.32,0.25,mvejmejcxaxkbhncsjpmbezdoochlhpw,answer 2302
1.64,-3.81,0.25,mvejmejcxaxkbhncsjpmbezdoochlhpw,answer 2303
0.44,2.75,0.25,mvejmejcxaxkbhncsjpmbezdoochlhpw,answer 2304
1.89,-0.32,0.25,mvejmejcxaxkbhncsjpmbezdoochlhpw,answer 2305
-0.16,2.74,0.25,mvejmejcxaxkbhncsjpmbezdoochlhpw,answer 2306
0.59,0.87,0.25,mvejmejcxaxkbhncsjpmbezdoochlhpw,answer 2307
1.02,2.74,0.25,mvejmejcxaxkbhncsjpmbezdoochlhpw,answer 2308
1.46,-2.36,0.25,mvejmejcxaxkbhncsjpmbezdoochlhpw,answer 2309
1.68,-2.09,0.25,mvejmejcxaxkbhncsjpmbezdoochlhpw,answer 2310
-0.1,3.83,0.25,mvejmejcxaxkbhncsjpmbezdoochlhpw,answer 2311
-0.45,0.63,0.25,mvejmejcxaxkbhncsjpmbezdoochlhpw,answer 2312
0.42,-0.52,0.25,mvejmejcxaxkbhncsjpmbezdoochlhpw,answer 2313
1.21,-3.23,0.25,mvejmejcxaxkbhncsjpmbezdoochlhpw,answer 2314
0.57,0.99,0.25,mvejmejcxaxkbhncsjpmbezdoochlhpw,answer 2315
0.45,1.67,0.25,mvejmejcxaxkbhncsjpmbezdoochlhpw,answer 2316
0.33,1.61,0.25,mvejmejcxaxkbhncsjpmbezdoochlhpw,answer 2317
1.6,-3.88,0.25,mvejmejcxaxkbhncsjpmbezdoochlhpw,answer 2318
1.08,1.05,0.25,mvejmejcxaxkbhncsjpmbezdoochlhpw,answer 2319
1.57,1.78,0.25,mvejmejcxaxkbhncsjpmbezdoochlhpw,answer 2320
1.87,-1.14,0.25,mvejmejcxaxkbhncsjpmbezdoochlhpw,answer 2321
-0.43,2.85,0.25,mvejmejcxaxkbhncsjpmbezdoochlhpw,answer 2322
1,-1.31,0.25,mvejmejcxaxkbhncsjpmbezdoochlhpw,answer 2323
1.21,-1.53,0.25,mvejmejcxaxkbhncsjpmbezdoochlhpw,answer 2324
1.95,2.56,0.25,mvejmejcxaxkbhncsjpmbezdoochlhpw,answer 2325
-0.4,3.7,0.25,mvejmejcxaxkbhncsjpmbezdoochlhpw,answer 2326
0.28,-0.46,0.25,mvejmejcxaxkbhncsjpmbezdoochlhpw,answer 2327
0.25,-2.73,0.25,mvejmejcxaxkbhncsjpmbezdoochlhpw,answer 2328
-0.15,0.27,0.25,mvejmejcxaxkbhncsjpmbezdoochlhpw,answer 2329
0.89,2.85,0.25,mvejmejcxaxkbhncsjpmbezdoochlhpw,answer 2330
0.16,1.52,0.25,mvejmejcxaxkbhncsjpmbezdoochlhpw,answer 2331
0.98,-1.44,0.25,mvejmejcxaxkbhncsjpmbezdoochlhpw,answer 2332
0.42,0.34,0.25,mvejmejcxaxkbhncsjpmbezdoochlhpw,answer 2333
0.77,0.88,0.25,mvejmejcxaxkbhncsjpmbezdoochlhpw,answer 2334
1.6,1.67,0.25,mvejmejcxaxkbhncsjpmbezdoochlhpw,answer 2335
0.03,1.58,0.25,mvejmejcxaxkbhncsjpmbezdoochlhpw,answer 2336
-0.09,3.87,0.25,mvejmejcxaxkbhncsjpmbezdoochlhpw,answer 2337
0.29,2.13,0.25,mvejmejcxaxkbhncsjpmbezdoochlhpw,answer 2338
1.34,2.07,0.25,mvejmejcxaxkbhncsjpmbezdoochlhpw,answer 2339
1.84,-3.77,0.25,mvejmejcxaxkbhncsjpmbezdoochlhpw,answer 2340
0.95,-3.67,0.25,mvejmejcxaxkbhncsjpmbezdoochlhpw,answer 2341
-0.34,3.22,0.25,mvejmejcxaxkbhncsjpmbezdoochlhpw,answer 2342
1.77,-2.31,0.25,mvejmejcxaxkbhncsjpmbezdoochlhpw,answer 2343
1.2,-1.99,0.25,mvejmejcxaxkbhncsjpmbezdoochlhpw,answer 2344
1.87,-2.7,0.25,mvejmejcxaxkbhncsjpmbezdoochlhpw,answer 2345
0.41,2.33,0.25,mvejmejcxaxkbhncsjpmbezdoochlhpw,answer 2346
1.32,-0.71,0.25,mvejmejcxaxkbhncsjpmbezdoochlhpw,answer 2347
0.75,-0.02,0.25,mvejmejcxaxkbhncsjpmbezdoochlhpw,answer 2348
-0.17,-3.17,0.25,mvejmejcxaxkbhncsjpmbezdoochlhpw,answer 2349
-0.17,-1.18,0.25,mvejmejcxaxkbhncsjpmbezdoochlhpw,answer 2350
1.88,-3.67,0.25,mvejmejcxaxkbhncsjpmbezdoochlhpw,answer 2351
0.07,1.13,0.25,mvejmejcxaxkbhncsjpmbezdoochlhpw,answer 2352
1.05,2.42,0.25,mvejmejcxaxkbhncsjpmbezdoochlhpw,answer 2353
0.67,-3.13,0.25,mvejmejcxaxkbhncsjpmbezdoochlhpw,answer 2354
-0.37,-1.29,0.25,mvejmejcxaxkbhncsjpmbezdoochlhpw,answer 2355
-0.24,-3.87,0.25,mvejmejcxaxkbhncsjpmbezdoochlhpw,answer 2356
1.33,1.28,0.25,mvejmejcxaxkbhncsjpmbezdoochlhpw,answer 2357
-0.18,2.98,0.25,mvejmejcxaxkbhncsjpmbezdoochlhpw,answer 2358
0.73,2.28,0.25,mvejmejcxaxkbhncsjpmbezdoochlhpw,answer 2359
0.32,1.72,0.25,mvejmejcxaxkbhncsjpmbezdoochlhpw,answer 2360
0.5,-2.29,0.25,mvejmejcxaxkbhncsjpmbezdoochlhpw,answer 2361
1.28,0.65,0.25,mvejmejcxaxkbhncsjpmbezdoochlhpw,answer 2362
-0.19,0.44,0.25,mvejmejcxaxkbhncsjpmbezdoochlhpw,answer 2363
1.92,3.67,0.25,mvejmejcxaxkbhncsjpmbezdoochlhpw,answer 2364
1.54,-3.8,0.25,mvejmejcxaxkbhncsjpmbezdoochlhpw,answer 2365
0.5,2.11,0.25,mvejmejcxaxkbhncsjpmbezdoochlhpw,answer 2366
0.68,1.13,0.25,mvejmejcxaxkbhncsjpmbezdoochlhpw,answer 2367
1.88,-3.47,0.25,mvejmejcxaxkbhncsjpmbezdoochlhpw,answer 2368
0.83,0.74,0.25,mvejmejcxaxkbhncsjpmbezdoochlhpw,answer 2369
-0.43,-2.35,0.25,mvejmejcxaxkbhncsjpmbezdoochlhpw,answer 2370
0.28,-0.49,0.25,mvejmejcxaxkbhncsjpmbezdoochlhpw,answer 2371
-0.28,-2.53,0.25,mvejmejcxaxkbhncsjpmbezdoochlhpw,answer 2372
0.27,-1.25,0.25,mvejmejcxaxkbhncsjpmbezdoochlhpw,answer 2373
1.99,1.36,0.25,mvejmejcxaxkbhncsjpmbezdoochlhpw,answer 2374
1.35,-3.15,0.25,mvejmejcxaxkbhncsjpmbezdoochlhpw,answer 2375
-0.05,-1.38,0.25,mvejmejcxaxkbhncsjpmbezdoochlhpw,answer 2376
0.33,-1.04,0.25,mvejmejcxaxkbhncsjpmbezdoochlhpw,answer 2377
-0.4,3.56,0.25,mvejmejcxaxkbhncsjpmbezdoochlhpw,answer 2378
0.75,-2.66,0.25,mvejmejcxaxkbhncsjpmbezdoochlhpw,answer 2379
0.7,2.47,0.25,mvejmejcxaxkbhncsjpmbezdoochlhpw,answer 2380
-0.36,-0.56,0.25,mvejmejcxaxkbhncsjpmbezdoochlhpw,answer 2381
0.38,0.07,0.25,mvejmejcxaxkbhncsjpmbezdoochlhpw,answer 2382
1.14,-1.21,0.25,mvejmejcxaxkbhncsjpmbezdoochlhpw,answer 2383
0.18,1.05,0.25,mvejmejcxaxkbhncsjpmbezdoochlhpw,answer 2384
-0.41,-3.97,0.25,mvejmejcxaxkbhncsjpmbezdoochlhpw,answer 2385
-0.46,-2.52,0.25,mvejmejcxaxkbhncsjpmbezdoochlhpw,answer 2386
0.07,1.94,0.25,mvejmejcxaxkbhncsjpmbezdoochlhpw,answer 2387
0.6,3.08,0.25,mvejmejcxaxkbhncsjpmbezdoochlhpw,answer 2388
1.04,-3.82,0.25,mvejmejcxaxkbhncsjpmbezdoochlhpw,answer 2389
-0.37,-3.83,0.25,mvejmejcxaxkbhncsjpmbezdoochlhpw,answer 2390
0.66,3.45,0.25,mvejmejcxaxkbhncsjpmbezdoochlhpw,answer 2391
0.39,-1.86,0.25,mvejmejcxaxkbhncsjpmbezdoochlhpw,answer 2392
1.82,2.09,0.25,mvejmejcxaxkbhncsjpmbezdoochlhpw,answer 2393
1.76,-3.77,0.25,mvejmejcxaxkbhncsjpmbezdoochlhpw,answer 2394
0.94,2.12,0.25,mvejmejcxaxkbhncsjpmbezdoochlhpw,answer 2395
1.08,0.87,0.25,mvejmejcxaxkbhncsjpmbezdoochlhpw,answer 2396
1.74,2.8,0.25,mvejmejcxaxkbhncsjpmbezdoochlhpw,answer 2397
1.25,-1.27,0.25,mvejmejcxaxkbhncsjpmbezdoochlhpw,answer 2398
-0.14,-1.47,0.25,mvejmejcxaxkbhncsjpmbezdoochlhpw,answer 2399
-0.32,-2.12,0.25,mvejmejcxaxkbhncsjpmbezdoochlhpw,answer 2400
-0.31,2.86,0.25,mvejmejcxaxkbhncsjpmbezdoochlhpw,answer 2401
-0.25,-2.3,0.25,mvejmejcxaxkbhncsjpmbezdoochlhpw,answer 2402
1.75,0.31,0.25,mvejmejcxaxkbhncsjpmbezdoochlhpw,answer 2403
0.11,3.91,0.25,mvejmejcxaxkbhncsjpmbezdoochlhpw,answer 2404
1.22,-2.96,0.25,mvejmejcxaxkbhncsjpmbezdoochlhpw,answer 2405
-0.24,-0.56,0.25,mvejmejcxaxkbhncsjpmbezdoochlhpw,answer 2406
0.35,3.88,0.25,mvejmejcxaxkbhncsjpmbezdoochlhpw,answer 2407
1.28,2.51,0.25,mvejmejcxaxkbhncsjpmbezdoochlhpw,answer 2408
-0.18,-2.34,0.25,mvejmejcxaxkbhncsjpmbezdoochlhpw,answer 2409
1.53,-0.33,0.25,mvejmejcxaxkbhncsjpmbezdoochlhpw,answer 2410
-0.13,2.01,0.25,mvejmejcxaxkbhncsjpmbezdoochlhpw,answer 2411
0.69,-0.08,0.25,mvejmejcxaxkbhncsjpmbezdoochlhpw,answer 2412
0.29,2.74,0.25,mvejmejcxaxkbhncsjpmbezdoochlhpw,answer 2413
1.14,-1.19,0.25,mvejmejcxaxkbhncsjpmbezdoochlhpw,answer 2414
-0.04,-0.21,0.25,mvejmejcxaxkbhncsjpmbezdoochlhpw,answer 2415
0.94,-1.74,0.25,mvejmejcxaxkbhncsjpmbezdoochlhpw,answer 2416
1.57,-0.13,0.25,mvejmejcxaxkbhncsjpmbezdoochlhpw,answer 2417
-0.02,-3.87,0.25,mvejmejcxaxkbhncsjpmbezdoochlhpw,answer 2418
-0.43,0.4,0.25,mvejmejcxaxkbhncsjpmbezdoochlhpw,answer 2419
1.99,3.48,0.25,mvejmejcxaxkbhncsjpmbezdoochlhpw,answer 2420
0.68,0.9,0.25,mvejmejcxaxkbhncsjpmbezdoochlhpw,answer 2421
0.81,-3.62,0.25,mvejmejcxaxkbhncsjpmbezdoochlhpw,answer 2422
0.98,-2.91,0.25,mvejmejcxaxkbhncsjpmbezdoochlhpw,answer 2423
0.19,-2.18,0.25,mvejmejcxaxkbhncsjpmbezdoochlhpw,answer 2424
0.46,0.18,0.25,mvejmejcxaxkbhncsjpmbezdoochlhpw,answer 2425
-0.35,0.08,0.25,mvejmejcxaxkbhncsjpmbezdoochlhpw,answer 2426
1.73,1.83,0.25,mvejmejcxaxkbhncsjpmbezdoochlhpw,answer 2427
1.19,3.59,0.25,mvejmejcxaxkbhncsjpmbezdoochlhpw,answer 2428
0.37,-3.12,0.25,mvejmejcxaxkbhncsjpmbezdoochlhpw,answer 2429
0.26,2.32,0.25,mvejmejcxaxkbhncsjpmbezdoochlhpw,answer 2430
-0.02,3.22,0.25,mvejmejcxaxkbhncsjpmbezdoochlhpw,answer 2431
0.24,-0.62,0.25,mvejmejcxaxkbhncsjpmbezdoochlhpw,answer 2432
-0.38,-1.59,0.25,mvejmejcxaxkbhncsjpmbezdoochlhpw,answer 2433
0.13,3.38,0.25,mvejmejcxaxkbhncsjpmbezdoochlhpw,answer 2434
0.13,-2.44,0.25,mvejmejcxaxkbhncsjpmbezdoochlhpw,answer 2435
0.59,-0.39,0.25,mvejmejcxaxkbhncsjpmbezdoochlhpw,answer 2436
0.7,0.61,0.25,mvejmejcxaxkbhncsjpmbezdoochlhpw,answer 2437
1.1,-0.47,0.25,mvejmejcxaxkbhncsjpmbezdoochlhpw,answer 2438
1.16,-1.93,0.25,mvejmejcxaxkbhncsjpmbezdoochlhpw,answer 2439
0.56,-3.21,0.25,mvejmejcxaxkbhncsjpmbezdoochlhpw,answer 2440
0.9,3.46,0.25,mvejmejcxaxkbhncsjpmbezdoochlhpw,answer 2441
-0.12,-3.03,0.25,mvejmejcxaxkbhncsjpmbezdoochlhpw,answer 2442
0.5,-2.21,0.25,mvejmejcxaxkbhncsjpmbezdoochlhpw,answer 2443
-0.02,1.89,0.25,mvejmejcxaxkbhncsjpmbezdoochlhpw,answer 2444
-0.1,1.49,0.25,mvejmejcxaxkbhncsjpmbezdoochlhpw,answer 2445
1.28,-2.74,0.25,mvejmejcxaxkbhncsjpmbezdoochlhpw,answer 2446
0.04,-0.99,0.25,mvejmejcxaxkbhncsjpmbezdoochlhpw,answer 2447
-0.27,-0.81,0.25,mvejmejcxaxkbhncsjpmbezdoochlhpw,answer 2448
0.34,-0.18,0.25,mvejmejcxaxkbhncsjpmbezdoochlhpw,answer 2449
1.28,-2.22,0.25,mvejmejcxaxkbhncsjpmbezdoochlhpw,answer 2450
-0.08,-2.62,0.25,mvejmejcxaxkbhncsjpmbezdoochlhpw,answer 2451
0.24,0.02,0.25,mvejmejcxaxkbhncsjpmbezdoochlhpw,answer 2452
0.72,0.78,0.25,mvejmejcxaxkbhncsjpmbezdoochlhpw,answer 2453
1.27,-0.83,0.25,mvejmejcxaxkbhncsjpmbezdoochlhpw,answer 2454
0.52,-1.92,0.25,mvejmejcxaxkbhncsjpmbezdoochlhpw,answer 2455
-0.23,-1.36,0.25,mvejmejcxaxkbhncsjpmbezdoochlhpw,answer 2456
0.14,1.97,0.25,mvejmejcxaxkbhncsjpmbezdoochlhpw,answer 2457
0.91,0.43,0.25,mvejmejcxaxkbhncsjpmbezdoochlhpw,answer 2458
0.74,3.62,0.25,mvejmejcxaxkbhncsjpmbezdoochlhpw,answer 2459
1.97,-1.17,0.25,mvejmejcxaxkbhncsjpmbezdoochlhpw,answer 2460
0.36,-3.61,0.25,mvejmejcxaxkbhncsjpmbezdoochlhpw,answer 2461
0.84,-2.17,0.25,mvejmejcxaxkbhncsjpmbezdoochlhpw,answer 2462
0.24,-2.85,0.25,mvejmejcxaxkbhncsjpmbezdoochlhpw,answer 2463
-0.23,-1.98,0.25,mvejmejcxaxkbhncsjpmbezdoochlhpw,answer 2464
0.6,-2.4,0.25,mvejmejcxaxkbhncsjpmbezdoochlhpw,answer 2465
1.74,-1.26,0.25,mvejmejcxaxkbhncsjpmbezdoochlhpw,answer 2466
1.75,0.34,0.25,mvejmejcxaxkbhncsjpmbezdoochlhpw,answer 2467
-0.12,3.59,0.25,mvejmejcxaxkbhncsjpmbezdoochlhpw,answer 2468
1.83,2.65,0.25,mvejmejcxaxkbhncsjpmbezdoochlhpw,answer 2469
-0.39,0.35,0.25,mvejmejcxaxkbhncsjpmbezdoochlhpw,answer 2470
0.54,0.67,0.25,mvejmejcxaxkbhncsjpmbezdoochlhpw,answer 2471
0.62,-1.44,0.25,mvejmejcxaxkbhncsjpmbezdoochlhpw,answer 2472
-0.45,-0.72,0.25,mvejmejcxaxkbhncsjpmbezdoochlhpw,answer 2473
1.31,-0.9,0.25,mvejmejcxaxkbhncsjpmbezdoochlhpw,answer 2474
1.24,-0.77,0.25,mvejmejcxaxkbhncsjpmbezdoochlhpw,answer 2475
1.49,-3.21,0.25,mvejmejcxaxkbhncsjpmbezdoochlhpw,answer 2476
1.02,-3.55,0.25,mvejmejcxaxkbhncsjpmbezdoochlhpw,answer 2477
-0.42,-4,0.25,mvejmejcxaxkbhncsjpmbezdoochlhpw,answer 2478
1.21,0.23,0.25,mvejmejcxaxkbhncsjpmbezdoochlhpw,answer 2479
0.27,-0.15,0.25,mvejmejcxaxkbhncsjpmbezdoochlhpw,answer 2480
-0.17,3.66,0.25,mvejmejcxaxkbhncsjpmbezdoochlhpw,answer 2481
0.5,3.16,0.25,mvejmejcxaxkbhncsjpmbezdoochlhpw,answer 2482
-0.23,-2.82,0.25,mvejmejcxaxkbhncsjpmbezdoochlhpw,answer 2483
0.59,0.18,0.25,mvejmejcxaxkbhncsjpmbezdoochlhpw,answer 2484
1.24,0.19,0.25,mvejmejcxaxkbhncsjpmbezdoochlhpw,answer 2485
0.12,2.25,0.25,mvejmejcxaxkbhncsjpmbezdoochlhpw,answer 2486
0.11,-2.23,0.25,mvejmejcxaxkbhncsjpmbezdoochlhpw,answer 2487
1.9,1.12,0.25,mvejmejcxaxkbhncsjpmbezdoochlhpw,answer 2488
1.59,0.24,0.25,mvejmejcxaxkbhncsjpmbezdoochlhpw,answer 2489
0.86,1.65,0.25,mvejmejcxaxkbhncsjpmbezdoochlhpw,answer 2490
1.82,2.36,0.25,mvejmejcxaxkbhncsjpmbezdoochlhpw,answer 2491
0.44,-3.87,0.25,mvejmejcxaxkbhncsjpmbezdoochlhpw,answer 2492
0.66,-3.54,0.25,mvejmejcxaxkbhncsjpmbezdoochlhpw,answer 2493
0.84,-0.64,0.25,mvejmejcxaxkbhncsjpmbezdoochlhpw,answer 2494
1.2,-1.42,0.25,mvejmejcxaxkbhncsjpmbezdoochlhpw,answer 2495
1.43,0.28,0.25,mvejmejcxaxkbhncsjpmbezdoochlhpw,answer 2496
0.66,2.63,0.25,mvejmejcxaxkbhncsjpmbezdoochlhpw,answer 2497
1.54,-3.99,0.25,mvejmejcxaxkbhncsjpmbezdoochlhpw,answer 2498
1.35,1.95,0.25,mvejmejcxaxkbhncsjpmbezdoochlhpw,answer 2499
0.91,-2.53,0.25,mvejmejcxaxkbhncsjpmbezdoochlhpw,answer 2500
1.25,3.94,0.25,mvejmejcxaxkbhncsjpmbezdoochlhpw,answer 2501
1.15,-3.57,0.25,mvejmejcxaxkbhncsjpmbezdoochlhpw,answer 2502
0.53,1.09,0.25,mvejmejcxaxkbhncsjpmbezdoochlhpw,answer 2503
1.42,3.62,0.25,mvejmejcxaxkbhncsjpmbezdoochlhpw,answer 2504
1.14,-0.37,0.25,mvejmejcxaxkbhncsjpmbezdoochlhpw,answer 2505
0.03,-2.74,0.25,mvejmejcxaxkbhncsjpmbezdoochlhpw,answer 2506
0.09,1.88,0.25,mvejmejcxaxkbhncsjpmbezdoochlhpw,answer 2507
1.44,1.35,0.25,mvejmejcxaxkbhncsjpmbezdoochlhpw,answer 2508
0.14,3.63,0.25,mvejmejcxaxkbhncsjpmbezdoochlhpw,answer 2509
0.38,0.31,0.25,mvejmejcxaxkbhncsjpmbezdoochlhpw,answer 2510
1.16,1.91,0.25,mvejmejcxaxkbhncsjpmbezdoochlhpw,answer 2511
1.46,2.79,0.25,mvejmejcxaxkbhncsjpmbezdoochlhpw,answer 2512
0.88,-1.6,0.25,mvejmejcxaxkbhncsjpmbezdoochlhpw,answer 2513
0.98,-1.14,0.25,mvejmejcxaxkbhncsjpmbezdoochlhpw,answer 2514
0.16,2.52,0.25,mvejmejcxaxkbhncsjpmbezdoochlhpw,answer 2515
1.32,3.84,0.25,mvejmejcxaxkbhncsjpmbezdoochlhpw,answer 2516
-0.33,-1.85,0.25,mvejmejcxaxkbhncsjpmbezdoochlhpw,answer 2517
0.82,3.22,0.25,mvejmejcxaxkbhncsjpmbezdoochlhpw,answer 2518
0.47,-2.34,0.25,mvejmejcxaxkbhncsjpmbezdoochlhpw,answer 2519
-0.38,-3.35,0.25,mvejmejcxaxkbhncsjpmbezdoochlhpw,answer 2520
-0.13,3.51,0.25,mvejmejcxaxkbhncsjpmbezdoochlhpw,answer 2521
-0.44,3.69,0.25,mvejmejcxaxkbhncsjpmbezdoochlhpw,answer 2522
1.58,-3.87,0.25,mvejmejcxaxkbhncsjpmbezdoochlhpw,answer 2523
0.67,1.91,0.25,mvejmejcxaxkbhncsjpmbezdoochlhpw,answer 2524
0.11,2.44,0.25,mvejmejcxaxkbhncsjpmbezdoochlhpw,answer 2525
0.9,-2.33,0.25,mvejmejcxaxkbhncsjpmbezdoochlhpw,answer 2526
-0.11,-0.28,0.25,mvejmejcxaxkbhncsjpmbezdoochlhpw,answer 2527
1.44,3.51,0.25,mvejmejcxaxkbhncsjpmbezdoochlhpw,answer 2528
0.47,2.74,0.25,mvejmejcxaxkbhncsjpmbezdoochlhpw,answer 2529
1.94,-3.56,0.25,mvejmejcxaxkbhncsjpmbezdoochlhpw,answer 2530
1.17,-1.67,0.25,mvejmejcxaxkbhncsjpmbezdoochlhpw,answer 2531
-0.46,-3.17,0.25,mvejmejcxaxkbhncsjpmbezdoochlhpw,answer 2532
0.72,3.11,0.25,mvejmejcxaxkbhncsjpmbezdoochlhpw,answer 2533
0.25,1.72,0.25,mvejmejcxaxkbhncsjpmbezdoochlhpw,answer 2534
1.55,2.91,0.25,mvejmejcxaxkbhncsjpmbezdoochlhpw,answer 2535
1.58,-3.62,0.25,mvejmejcxaxkbhncsjpmbezdoochlhpw,answer 2536
0.81,1.64,0.25,mvejmejcxaxkbhncsjpmbezdoochlhpw,answer 2537
-0.28,-0.74,0.25,mvejmejcxaxkbhncsjpmbezdoochlhpw,answer 2538
-0.06,-0.55,0.25,mvejmejcxaxkbhncsjpmbezdoochlhpw,answer 2539
-0.39,1.28,0.25,mvejmejcxaxkbhncsjpmbezdoochlhpw,answer 2540
0.52,-3.89,0.25,mvejmejcxaxkbhncsjpmbezdoochlhpw,answer 2541
1.34,-0.19,0.25,mvejmejcxaxkbhncsjpmbezdoochlhpw,answer 2542
-0.48,-1.22,0.25,mvejmejcxaxkbhncsjpmbezdoochlhpw,answer 2543
0.9,-0.62,0.25,mvejmejcxaxkbhncsjpmbezdoochlhpw,answer 2544
1.06,2.11,0.25,mvejmejcxaxkbhncsjpmbezdoochlhpw,answer 2545
-0.24,-1.48,0.25,mvejmejcxaxkbhncsjpmbezdoochlhpw,answer 2546
-0.37,-1.09,0.25,mvejmejcxaxkbhncsjpmbezdoochlhpw,answer 2547
0.56,-2.54,0.25,mvejmejcxaxkbhncsjpmbezdoochlhpw,answer 2548
-0.41,3.83,0.25,mvejmejcxaxkbhncsjpmbezdoochlhpw,answer 2549
1.51,-3.68,0.25,mvejmejcxaxkbhncsjpmbezdoochlhpw,answer 2550
1.97,3.91,0.25,mvejmejcxaxkbhncsjpmbezdoochlhpw,answer 2551
-0.28,-1.08,0.25,mvejmejcxaxkbhncsjpmbezdoochlhpw,answer 2552
-0.01,-0.72,0.25,mvejmejcxaxkbhncsjpmbezdoochlhpw,answer 2553
0.33,-1.24,0.25,mvejmejcxaxkbhncsjpmbezdoochlhpw,answer 2554
1.43,-1.03,0.25,mvejmejcxaxkbhncsjpmbezdoochlhpw,answer 2555
0.24,3.83,0.25,mvejmejcxaxkbhncsjpmbezdoochlhpw,answer 2556
0.31,0.52,0.25,mvejmejcxaxkbhncsjpmbezdoochlhpw,answer 2557
0.72,3.49,0.25,mvejmejcxaxkbhncsjpmbezdoochlhpw,answer 2558
0.8,2.02,0.25,mvejmejcxaxkbhncsjpmbezdoochlhpw,answer 2559
1.44,-3.54,0.25,mvejmejcxaxkbhncsjpmbezdoochlhpw,answer 2560
0.49,-1.76,0.25,mvejmejcxaxkbhncsjpmbezdoochlhpw,answer 2561
0.59,-3.39,0.25,mvejmejcxaxkbhncsjpmbezdoochlhpw,answer 2562
1.94,3.22,0.25,mvejmejcxaxkbhncsjpmbezdoochlhpw,answer 2563
0.7,2.03,0.25,mvejmejcxaxkbhncsjpmbezdoochlhpw,answer 2564
1.41,3.3,0.25,mvejmejcxaxkbhncsjpmbezdoochlhpw,answer 2565
0.22,2.43,0.25,mvejmejcxaxkbhncsjpmbezdoochlhpw,answer 2566
-0.26,-2.33,0.25,mvejmejcxaxkbhncsjpmbezdoochlhpw,answer 2567
0.15,-3.98,0.25,mvejmejcxaxkbhncsjpmbezdoochlhpw,answer 2568
1.37,2.67,0.25,mvejmejcxaxkbhncsjpmbezdoochlhpw,answer 2569
1.12,-2.2,0.25,mvejmejcxaxkbhncsjpmbezdoochlhpw,answer 2570
-0.43,1.73,0.25,mvejmejcxaxkbhncsjpmbezdoochlhpw,answer 2571
1.81,1.53,0.25,mvejmejcxaxkbhncsjpmbezdoochlhpw,answer 2572
0.32,3.42,0.25,mvejmejcxaxkbhncsjpmbezdoochlhpw,answer 2573
0.58,-0.25,0.25,mvejmejcxaxkbhncsjpmbezdoochlhpw,answer 2574
1.41,0.61,0.25,mvejmejcxaxkbhncsjpmbezdoochlhpw,answer 2575
0.95,-0.07,0.25,mvejmejcxaxkbhncsjpmbezdoochlhpw,answer 2576
1.78,3.34,0.25,mvejmejcxaxkbhncsjpmbezdoochlhpw,answer 2577
0.42,-0.03,0.25,mvejmejcxaxkbhncsjpmbezdoochlhpw,answer 2578
1.22,-2.97,0.25,mvejmejcxaxkbhncsjpmbezdoochlhpw,answer 2579
-0.21,1.83,0.25,mvejmejcxaxkbhncsjpmbezdoochlhpw,answer 2580
-0.31,2.85,0.25,mvejmejcxaxkbhncsjpmbezdoochlhpw,answer 2581
1.42,-0.5,0.25,mvejmejcxaxkbhncsjpmbezdoochlhpw,answer 2582
1.26,-1.05,0.25,mvejmejcxaxkbhncsjpmbezdoochlhpw,answer 2583
-0.18,-1.67,0.25,mvejmejcxaxkbhncsjpmbezdoochlhpw,answer 2584
1.66,0.44,0.25,mvejmejcxaxkbhncsjpmbezdoochlhpw,answer 2585
0.88,-2.35,0.25,mvejmejcxaxkbhncsjpmbezdoochlhpw,answer 2586
0.54,2.72,0.25,mvejmejcxaxkbhncsjpmbezdoochlhpw,answer 2587
0,-1.23,0.25,mvejmejcxaxkbhncsjpmbezdoochlhpw,answer 2588
1.39,-3.21,0.25,mvejmejcxaxkbhncsjpmbezdoochlhpw,answer 2589
0.54,-0.47,0.25,mvejmejcxaxkbhncsjpmbezdoochlhpw,answer 2590
-0.2,0.71,0.25,mvejmejcxaxkbhncsjpmbezdoochlhpw,answer 2591
0.28,0.41,0.25,mvejmejcxaxkbhncsjpmbezdoochlhpw,answer 2592
1.97,-0.98,0.25,mvejmejcxaxkbhncsjpmbezdoochlhpw,answer 2593
1.34,-2.41,0.25,mvejmejcxaxkbhncsjpmbezdoochlhpw,answer 2594
1.35,-1.19,0.25,mvejmejcxaxkbhncsjpmbezdoochlhpw,answer 2595
0.13,1.09,0.25,mvejmejcxaxkbhncsjpmbezdoochlhpw,answer 2596
1.78,3.84,0.25,mvejmejcxaxkbhncsjpmbezdoochlhpw,answer 2597
-0.04,-2.97,0.25,mvejmejcxaxkbhncsjpmbezdoochlhpw,answer 2598
-0.01,2.41,0.25,mvejmejcxaxkbhncsjpmbezdoochlhpw,answer 2599
0.44,1.85,0.25,mvejmejcxaxkbhncsjpmbezdoochlhpw,answer 2600
0,-1.83,0.25,mvejmejcxaxkbhncsjpmbezdoochlhpw,answer 2601
0.6,-2.63,0.25,mvejmejcxaxkbhncsjpmbezdoochlhpw,answer 2602
-0.05,-3.65,0.25,mvejmejcxaxkbhncsjpmbezdoochlhpw,answer 2603
1.9,-2.11,0.25,mvejmejcxaxkbhncsjpmbezdoochlhpw,answer 2604
-0.35,-2.61,0.25,mvejmejcxaxkbhncsjpmbezdoochlhpw,answer 2605
1.99,3.3,0.25,mvejmejcxaxkbhncsjpmbezdoochlhpw,answer 2606
-0.09,-2.39,0.25,mvejmejcxaxkbhncsjpmbezdoochlhpw,answer 2607
0.31,-3.61,0.25,mvejmejcxaxkbhncsjpmbezdoochlhpw,answer 2608
0.49,-0.27,0.25,mvejmejcxaxkbhncsjpmbezdoochlhpw,answer 2609
0.69,3.8,0.25,mvejmejcxaxkbhncsjpmbezdoochlhpw,answer 2610
1.82,0.4,0.25,mvejmejcxaxkbhncsjpmbezdoochlhpw,answer 2611
-0.49,-2.76,0.25,mvejmejcxaxkbhncsjpmbezdoochlhpw,answer 2612
0.12,-0.97,0.25,mvejmejcxaxkbhncsjpmbezdoochlhpw,answer 2613
0.7,-2.89,0.25,mvejmejcxaxkbhncsjpmbezdoochlhpw,answer 2614
0.91,3.17,0.25,mvejmejcxaxkbhncsjpmbezdoochlhpw,answer 2615
-0.4,3.85,0.25,mvejmejcxaxkbhncsjpmbezdoochlhpw,answer 2616
0.87,-2.16,0.25,mvejmejcxaxkbhncsjpmbezdoochlhpw,answer 2617
0.24,1.09,0.25,mvejmejcxaxkbhncsjpmbezdoochlhpw,answer 2618
-0.15,3.3,0.25,mvejmejcxaxkbhncsjpmbezdoochlhpw,answer 2619
1.21,0.01,0.25,mvejmejcxaxkbhncsjpmbezdoochlhpw,answer 2620
-0.3,-1.44,0.25,mvejmejcxaxkbhncsjpmbezdoochlhpw,answer 2621
1.46,-3.45,0.25,mvejmejcxaxkbhncsjpmbezdoochlhpw,answer 2622
-0.32,-2.81,0.25,mvejmejcxaxkbhncsjpmbezdoochlhpw,answer 2623
1.24,2.79,0.25,mvejmejcxaxkbhncsjpmbezdoochlhpw,answer 2624
0.18,-2.81,0.25,mvejmejcxaxkbhncsjpmbezdoochlhpw,answer 2625
0.49,-3.73,0.25,mvejmejcxaxkbhncsjpmbezdoochlhpw,answer 2626
0.84,2.61,0.25,mvejmejcxaxkbhncsjpmbezdoochlhpw,answer 2627
1.84,-3.72,0.25,mvejmejcxaxkbhncsjpmbezdoochlhpw,answer 2628
1.53,2.66,0.25,mvejmejcxaxkbhncsjpmbezdoochlhpw,answer 2629
1.92,0.21,0.25,mvejmejcxaxkbhncsjpmbezdoochlhpw,answer 2630
-0.29,-0.33,0.25,mvejmejcxaxkbhncsjpmbezdoochlhpw,answer 2631
0.77,-2.32,0.25,mvejmejcxaxkbhncsjpmbezdoochlhpw,answer 2632
1.66,-3.66,0.25,mvejmejcxaxkbhncsjpmbezdoochlhpw,answer 2633
1.74,0.66,0.25,mvejmejcxaxkbhncsjpmbezdoochlhpw,answer 2634
0.51,-1.48,0.25,mvejmejcxaxkbhncsjpmbezdoochlhpw,answer 2635
0.72,0.33,0.25,mvejmejcxaxkbhncsjpmbezdoochlhpw,answer 2636
-0.25,3.42,0.25,mvejmejcxaxkbhncsjpmbezdoochlhpw,answer 2637
0.8,-2.97,0.25,mvejmejcxaxkbhncsjpmbezdoochlhpw,answer 2638
-0.15,1.85,0.25,mvejmejcxaxkbhncsjpmbezdoochlhpw,answer 2639
0.02,1.91,0.25,mvejmejcxaxkbhncsjpmbezdoochlhpw,answer 2640
1,3.38,0.25,mvejmejcxaxkbhncsjpmbezdoochlhpw,answer 2641
1.32,-3.39,0.25,mvejmejcxaxkbhncsjpmbezdoochlhpw,answer 2642
1.5,-3.17,0.25,mvejmejcxaxkbhncsjpmbezdoochlhpw,answer 2643
2,0.31,0.25,mvejmejcxaxkbhncsjpmbezdoochlhpw,answer 2644
-0.21,3.22,0.25,mvejmejcxaxkbhncsjpmbezdoochlhpw,answer 2645
0.6,-3.11,0.25,mvejmejcxaxkbhncsjpmbezdoochlhpw,answer 2646
1.35,0.6,0.25,mvejmejcxaxkbhncsjpmbezdoochlhpw,answer 2647
-0.43,2.34,0.25,mvejmejcxaxkbhncsjpmbezdoochlhpw,answer 2648
0.46,1.49,0.25,mvejmejcxaxkbhncsjpmbezdoochlhpw,answer 2649
-0.44,-0.3,0.25,mvejmejcxaxkbhncsjpmbezdoochlhpw,answer 2650
1.66,3.3,0.25,mvejmejcxaxkbhncsjpmbezdoochlhpw,answer 2651
-0.31,0.87,0.25,mvejmejcxaxkbhncsjpmbezdoochlhpw,answer 2652
1.29,-3.55,0.25,mvejmejcxaxkbhncsjpmbezdoochlhpw,answer 2653
1.07,0.94,0.25,mvejmejcxaxkbhncsjpmbezdoochlhpw,answer 2654
0.33,-0.64,0.25,mvejmejcxaxkbhncsjpmbezdoochlhpw,answer 2655
0.59,0.78,0.25,mvejmejcxaxkbhncsjpmbezdoochlhpw,answer 2656
0.07,-2.18,0.25,mvejmejcxaxkbhncsjpmbezdoochlhpw,answer 2657
0.78,2.28,0.25,mvejmejcxaxkbhncsjpmbezdoochlhpw,answer 2658
1.3,3.86,0.25,mvejmejcxaxkbhncsjpmbezdoochlhpw,answer 2659
-0.35,1.35,0.25,mvejmejcxaxkbhncsjpmbezdoochlhpw,answer 2660
0.84,3.2,0.25,mvejmejcxaxkbhncsjpmbezdoochlhpw,answer 2661
-0.35,1.24,0.25,mvejmejcxaxkbhncsjpmbezdoochlhpw,answer 2662
0.51,1.29,0.25,mvejmejcxaxkbhncsjpmbezdoochlhpw,answer 2663
0.55,-3.12,0.25,mvejmejcxaxkbhncsjpmbezdoochlhpw,answer 2664
1.23,-3.12,0.25,mvejmejcxaxkbhncsjpmbezdoochlhpw,answer 2665
0.95,2.75,0.25,mvejmejcxaxkbhncsjpmbezdoochlhpw,answer 2666
1.02,-2.07,0.25,mvejmejcxaxkbhncsjpmbezdoochlhpw,answer 2667
1.13,3.04,0.25,mvejmejcxaxkbhncsjpmbezdoochlhpw,answer 2668
1.3,-3.64,0.25,mvejmejcxaxkbhncsjpmbezdoochlhpw,answer 2669
1.34,1.51,0.25,mvejmejcxaxkbhncsjpmbezdoochlhpw,answer 2670
1.55,-2.95,0.25,mvejmejcxaxkbhncsjpmbezdoochlhpw,answer 2671
0.05,3.54,0.25,mvejmejcxaxkbhncsjpmbezdoochlhpw,answer 2672
-0.35,-3.5,0.25,mvejmejcxaxkbhncsjpmbezdoochlhpw,answer 2673
-0.02,1.24,0.25,mvejmejcxaxkbhncsjpmbezdoochlhpw,answer 2674
1.33,-2.61,0.25,mvejmejcxaxkbhncsjpmbezdoochlhpw,answer 2675
1.61,1.02,0.25,mvejmejcxaxkbhncsjpmbezdoochlhpw,answer 2676
0.98,-3.2,0.25,mvejmejcxaxkbhncsjpmbezdoochlhpw,answer 2677
-0.02,-1.57,0.25,mvejmejcxaxkbhncsjpmbezdoochlhpw,answer 2678
1.71,0.81,0.25,mvejmejcxaxkbhncsjpmbezdoochlhpw,answer 2679
-0.1,3.27,0.25,mvejmejcxaxkbhncsjpmbezdoochlhpw,answer 2680
1.82,-3.33,0.25,mvejmejcxaxkbhncsjpmbezdoochlhpw,answer 2681
0.5,-0.18,0.25,mvejmejcxaxkbhncsjpmbezdoochlhpw,answer 2682
1.79,-3.52,0.25,mvejmejcxaxkbhncsjpmbezdoochlhpw,answer 2683
1.76,0.46,0.25,mvejmejcxaxkbhncsjpmbezdoochlhpw,answer 2684
0.6,2.61,0.25,mvejmejcxaxkbhncsjpmbezdoochlhpw,answer 2685
0.24,-3.06,0.25,mvejmejcxaxkbhncsjpmbezdoochlhpw,answer 2686
0.96,1.7,0.25,mvejmejcxaxkbhncsjpmbezdoochlhpw,answer 2687
0.66,1.62,0.25,mvejmejcxaxkbhncsjpmbezdoochlhpw,answer 2688
1.1,1.21,0.25,mvejmejcxaxkbhncsjpmbezdoochlhpw,answer 2689
0.78,-3.97,0.25,mvejmejcxaxkbhncsjpmbezdoochlhpw,answer 2690
-0.38,1.2,0.25,mvejmejcxaxkbhncsjpmbezdoochlhpw,answer 2691
-0.07,-2.85,0.25,mvejmejcxaxkbhncsjpmbezdoochlhpw,answer 2692
1.81,1.22,0.25,mvejmejcxaxkbhncsjpmbezdoochlhpw,answer 2693
1.48,2.25,0.25,mvejmejcxaxkbhncsjpmbezdoochlhpw,answer 2694
1.11,-2.45,0.25,mvejmejcxaxkbhncsjpmbezdoochlhpw,answer 2695
0.37,-1.7,0.25,mvejmejcxaxkbhncsjpmbezdoochlhpw,answer 2696
0.31,-0.86,0.25,mvejmejcxaxkbhncsjpmbezdoochlhpw,answer 2697
1.44,-0.18,0.25,mvejmejcxaxkbhncsjpmbezdoochlhpw,answer 2698
1.09,0.48,0.25,mvejmejcxaxkbhncsjpmbezdoochlhpw,answer 2699
-0.08,0.4,0.25,mvejmejcxaxkbhncsjpmbezdoochlhpw,answer 2700
0.75,-0.67,0.25,mvejmejcxaxkbhncsjpmbezdoochlhpw,answer 2701
1.12,-3.06,0.25,mvejmejcxaxkbhncsjpmbezdoochlhpw,answer 2702
0.81,-3.47,0.25,mvejmejcxaxkbhncsjpmbezdoochlhpw,answer 2703
-0.35,3.97,0.25,mvejmejcxaxkbhncsjpmbezdoochlhpw,answer 2704
0.43,0.04,0.25,mvejmejcxaxkbhncsjpmbezdoochlhpw,answer 2705
1.42,-3.63,0.25,mvejmejcxaxkbhncsjpmbezdoochlhpw,answer 2706
0.73,-0.6,0.25,mvejmejcxaxkbhncsjpmbezdoochlhpw,answer 2707
0.46,-0.51,0.25,mvejmejcxaxkbhncsjpmbezdoochlhpw,answer 2708
1.11,-1.12,0.25,mvejmejcxaxkbhncsjpmbezdoochlhpw,answer 2709
0.81,1,0.25,mvejmejcxaxkbhncsjpmbezdoochlhpw,answer 2710
1.66,-0.21,0.25,mvejmejcxaxkbhncsjpmbezdoochlhpw,answer 2711
1.14,-2.14,0.25,mvejmejcxaxkbhncsjpmbezdoochlhpw,answer 2712
1.92,-1.91,0.25,mvejmejcxaxkbhncsjpmbezdoochlhpw,answer 2713
0.39,-3.95,0.25,mvejmejcxaxkbhncsjpmbezdoochlhpw,answer 2714
-0.03,1.14,0.25,mvejmejcxaxkbhncsjpmbezdoochlhpw,answer 2715
0.57,-1.87,0.25,mvejmejcxaxkbhncsjpmbezdoochlhpw,answer 2716
0.77,-3.86,0.25,mvejmejcxaxkbhncsjpmbezdoochlhpw,answer 2717
-0.48,-3.06,0.25,mvejmejcxaxkbhncsjpmbezdoochlhpw,answer 2718
0.79,-2.42,0.25,mvejmejcxaxkbhncsjpmbezdoochlhpw,answer 2719
0.06,-1.49,0.25,mvejmejcxaxkbhncsjpmbezdoochlhpw,answer 2720
-0.02,-0.19,0.25,mvejmejcxaxkbhncsjpmbezdoochlhpw,answer 2721
1.63,-3.89,0.25,mvejmejcxaxkbhncsjpmbezdoochlhpw,answer 2722
1.92,-1.63,0.25,mvejmejcxaxkbhncsjpmbezdoochlhpw,answer 2723
-0.46,2.12,0.25,mvejmejcxaxkbhncsjpmbezdoochlhpw,answer 2724
0.75,1.85,0.25,mvejmejcxaxkbhncsjpmbezdoochlhpw,answer 2725
-0.13,1.3,0.25,mvejmejcxaxkbhncsjpmbezdoochlhpw,answer 2726
0.95,-0.48,0.25,mvejmejcxaxkbhncsjpmbezdoochlhpw,answer 2727
0.82,3.37,0.25,mvejmejcxaxkbhncsjpmbezdoochlhpw,answer 2728
1.14,3.83,0.25,mvejmejcxaxkbhncsjpmbezdoochlhpw,answer 2729
0.06,-1.55,0.25,mvejmejcxaxkbhncsjpmbezdoochlhpw,answer 2730
1.53,-0.37,0.25,mvejmejcxaxkbhncsjpmbezdoochlhpw,answer 2731
1.99,3.85,0.25,mvejmejcxaxkbhncsjpmbezdoochlhpw,answer 2732
0.88,-1.98,0.25,mvejmejcxaxkbhncsjpmbezdoochlhpw,answer 2733
-0.23,-3.54,0.25,mvejmejcxaxkbhncsjpmbezdoochlhpw,answer 2734
1.18,-2.83,0.25,mvejmejcxaxkbhncsjpmbezdoochlhpw,answer 2735
0.64,-2.07,0.25,mvejmejcxaxkbhncsjpmbezdoochlhpw,answer 2736
1.78,1.58,0.25,mvejmejcxaxkbhncsjpmbezdoochlhpw,answer 2737
1.89,0.43,0.25,mvejmejcxaxkbhncsjpmbezdoochlhpw,answer 2738
-0.48,0.02,0.25,mvejmejcxaxkbhncsjpmbezdoochlhpw,answer 2739
-0.18,-1.91,0.25,mvejmejcxaxkbhncsjpmbezdoochlhpw,answer 2740
0.18,-2.87,0.25,mvejmejcxaxkbhncsjpmbezdoochlhpw,answer 2741
0.57,-0.03,0.25,mvejmejcxaxkbhncsjpmbezdoochlhpw,answer 2742
1.79,3.89,0.25,mvejmejcxaxkbhncsjpmbezdoochlhpw,answer 2743
0.37,-3.61,0.25,mvejmejcxaxkbhncsjpmbezdoochlhpw,answer 2744
-0.01,2.02,0.25,mvejmejcxaxkbhncsjpmbezdoochlhpw,answer 2745
-0.06,-3.23,0.25,mvejmejcxaxkbhncsjpmbezdoochlhpw,answer 2746
0.79,3.33,0.25,mvejmejcxaxkbhncsjpmbezdoochlhpw,answer 2747
-0.07,-1.19,0.25,mvejmejcxaxkbhncsjpmbezdoochlhpw,answer 2748
1.51,0.11,0.25,mvejmejcxaxkbhncsjpmbezdoochlhpw,answer 2749
1.91,-2.68,0.25,mvejmejcxaxkbhncsjpmbezdoochlhpw,answer 2750
1.85,-1.81,0.25,mvejmejcxaxkbhncsjpmbezdoochlhpw,answer 2751
0.51,1.84,0.25,mvejmejcxaxkbhncsjpmbezdoochlhpw,answer 2752
-0.36,-2.26,0.25,mvejmejcxaxkbhncsjpmbezdoochlhpw,answer 2753
1.28,-3.42,0.25,mvejmejcxaxkbhncsjpmbezdoochlhpw,answer 2754
-0.23,-3.13,0.25,mvejmejcxaxkbhncsjpmbezdoochlhpw,answer 2755
-0.26,2.79,0.25,mvejmejcxaxkbhncsjpmbezdoochlhpw,answer 2756
1.54,-1.34,0.25,mvejmejcxaxkbhncsjpmbezdoochlhpw,answer 2757
1.49,1.75,0.25,mvejmejcxaxkbhncsjpmbezdoochlhpw,answer 2758
-0.23,-2.47,0.25,mvejmejcxaxkbhncsjpmbezdoochlhpw,answer 2759
0.89,3.71,0.25,mvejmejcxaxkbhncsjpmbezdoochlhpw,answer 2760
1.67,1.48,0.25,mvejmejcxaxkbhncsjpmbezdoochlhpw,answer 2761
-0.26,-3.33,0.25,mvejmejcxaxkbhncsjpmbezdoochlhpw,answer 2762
1.05,-1.03,0.25,mvejmejcxaxkbhncsjpmbezdoochlhpw,answer 2763
-0.06,-3.27,0.25,mvejmejcxaxkbhncsjpmbezdoochlhpw,answer 2764
1.62,1.96,0.25,mvejmejcxaxkbhncsjpmbezdoochlhpw,answer 2765
0.36,-0.28,0.25,mvejmejcxaxkbhncsjpmbezdoochlhpw,answer 2766
0.05,2.08,0.25,mvejmejcxaxkbhncsjpmbezdoochlhpw,answer 2767
0.71,2.62,0.25,mvejmejcxaxkbhncsjpmbezdoochlhpw,answer 2768
0.81,-0.24,0.25,mvejmejcxaxkbhncsjpmbezdoochlhpw,answer 2769
0.2,-3.55,0.25,mvejmejcxaxkbhncsjpmbezdoochlhpw,answer 2770
0.31,-1.48,0.25,mvejmejcxaxkbhncsjpmbezdoochlhpw,answer 2771
1.26,-0.11,0.25,mvejmejcxaxkbhncsjpmbezdoochlhpw,answer 2772
1.62,-1.1,0.25,mvejmejcxaxkbhncsjpmbezdoochlhpw,answer 2773
0.03,-0.1,0.25,mvejmejcxaxkbhncsjpmbezdoochlhpw,answer 2774
0.11,1.28,0.25,mvejmejcxaxkbhncsjpmbezdoochlhpw,answer 2775
1.71,2.3,0.25,mvejmejcxaxkbhncsjpmbezdoochlhpw,answer 2776
0.96,1.07,0.25,mvejmejcxaxkbhncsjpmbezdoochlhpw,answer 2777
0.21,-3.58,0.25,mvejmejcxaxkbhncsjpmbezdoochlhpw,answer 2778
0.1,-2.79,0.25,mvejmejcxaxkbhncsjpmbezdoochlhpw,answer 2779
2,-1.13,0.25,mvejmejcxaxkbhncsjpmbezdoochlhpw,answer 2780
0,0.19,0.25,mvejmejcxaxkbhncsjpmbezdoochlhpw,answer 2781
1.59,2.55,0.25,mvejmejcxaxkbhncsjpmbezdoochlhpw,answer 2782
1.2,0.24,0.25,mvejmejcxaxkbhncsjpmbezdoochlhpw,answer 2783
0.62,-3.87,0.25,mvejmejcxaxkbhncsjpmbezdoochlhpw,answer 2784
-0.13,2.47,0.25,mvejmejcxaxkbhncsjpmbezdoochlhpw,answer 2785
0.28,-3.79,0.25,mvejmejcxaxkbhncsjpmbezdoochlhpw,answer 2786
0.93,3.42,0.25,mvejmejcxaxkbhncsjpmbezdoochlhpw,answer 2787
1.39,-2.42,0.25,mvejmejcxaxkbhncsjpmbezdoochlhpw,answer 2788
1.69,-0.08,0.25,mvejmejcxaxkbhncsjpmbezdoochlhpw,answer 2789
1.7,0.35,0.25,mvejmejcxaxkbhncsjpmbezdoochlhpw,answer 2790
1.45,-0.01,0.25,mvejmejcxaxkbhncsjpmbezdoochlhpw,answer 2791
1.85,2.94,0.25,mvejmejcxaxkbhncsjpmbezdoochlhpw,answer 2792
0.75,2.63,0.25,mvejmejcxaxkbhncsjpmbezdoochlhpw,answer 2793
1.65,0.29,0.25,mvejmejcxaxkbhncsjpmbezdoochlhpw,answer 2794
0.2,1.64,0.25,mvejmejcxaxkbhncsjpmbezdoochlhpw,answer 2795
-0.34,3.57,0.25,mvejmejcxaxkbhncsjpmbezdoochlhpw,answer 2796
-0.43,0.56,0.25,mvejmejcxaxkbhncsjpmbezdoochlhpw,answer 2797
1.58,-1.54,0.25,mvejmejcxaxkbhncsjpmbezdoochlhpw,answer 2798
0.79,3.89,0.25,mvejmejcxaxkbhncsjpmbezdoochlhpw,answer 2799
1.88,1.82,0.25,mvejmejcxaxkbhncsjpmbezdoochlhpw,answer 2800
1.52,-2.75,0.25,mvejmejcxaxkbhncsjpmbezdoochlhpw,answer 2801
-0.37,-1.36,0.25,mvejmejcxaxkbhncsjpmbezdoochlhpw,answer 2802
1.5,1.96,0.25,mvejmejcxaxkbhncsjpmbezdoochlhpw,answer 2803
0.26,0.9,0.25,mvejmejcxaxkbhncsjpmbezdoochlhpw,answer 2804
0.73,-1.07,0.25,mvejmejcxaxkbhncsjpmbezdoochlhpw,answer 2805
0.49,-3.05,0.25,mvejmejcxaxkbhncsjpmbezdoochlhpw,answer 2806
0.54,0.73,0.25,mvejmejcxaxkbhncsjpmbezdoochlhpw,answer 2807
1.85,-0.72,0.25,mvejmejcxaxkbhncsjpmbezdoochlhpw,answer 2808
-0.06,-3.46,0.25,mvejmejcxaxkbhncsjpmbezdoochlhpw,answer 2809
1.08,-1.02,0.25,mvejmejcxaxkbhncsjpmbezdoochlhpw,answer 2810
1.87,1.12,0.25,mvejmejcxaxkbhncsjpmbezdoochlhpw,answer 2811
1.42,3.78,0.25,mvejmejcxaxkbhncsjpmbezdoochlhpw,answer 2812
1.45,-1.52,0.25,mvejmejcxaxkbhncsjpmbezdoochlhpw,answer 2813
1.6,0.05,0.25,mvejmejcxaxkbhncsjpmbezdoochlhpw,answer 2814
-0.17,1.63,0.25,mvejmejcxaxkbhncsjpmbezdoochlhpw,answer 2815
0.53,-1.49,0.25,mvejmejcxaxkbhncsjpmbezdoochlhpw,answer 2816
1.84,1.82,0.25,mvejmejcxaxkbhncsjpmbezdoochlhpw,answer 2817
-0.2,3.01,0.25,mvejmejcxaxkbhncsjpmbezdoochlhpw,answer 2818
1.91,-3.66,0.25,mvejmejcxaxkbhncsjpmbezdoochlhpw,answer 2819
1.53,-1.12,0.25,mvejmejcxaxkbhncsjpmbezdoochlhpw,answer 2820
1.57,2.42,0.25,mvejmejcxaxkbhncsjpmbezdoochlhpw,answer 2821
1.03,-1.8,0.25,mvejmejcxaxkbhncsjpmbezdoochlhpw,answer 2822
1.19,3.71,0.25,mvejmejcxaxkbhncsjpmbezdoochlhpw,answer 2823
0.08,3.08,0.25,mvejmejcxaxkbhncsjpmbezdoochlhpw,answer 2824
0.3,-2.53,0.25,mvejmejcxaxkbhncsjpmbezdoochlhpw,answer 2825
0.15,0.22,0.25,mvejmejcxaxkbhncsjpmbezdoochlhpw,answer 2826
1.23,1.92,0.25,mvejmejcxaxkbhncsjpmbezdoochlhpw,answer 2827
0.66,0.13,0.25,mvejmejcxaxkbhncsjpmbezdoochlhpw,answer 2828
1.29,0.79,0.25,mvejmejcxaxkbhncsjpmbezdoochlhpw,answer 2829
1.55,0.15,0.25,mvejmejcxaxkbhncsjpmbezdoochlhpw,answer 2830
1.46,-3.56,0.25,mvejmejcxaxkbhncsjpmbezdoochlhpw,answer 2831
1.46,0.52,0.25,mvejmejcxaxkbhncsjpmbezdoochlhpw,answer 2832
1.33,0.89,0.25,mvejmejcxaxkbhncsjpmbezdoochlhpw,answer 2833
-0.43,0.41,0.25,mvejmejcxaxkbhncsjpmbezdoochlhpw,answer 2834
0.29,2.94,0.25,mvejmejcxaxkbhncsjpmbezdoochlhpw,answer 2835
1.98,-3.14,0.25,mvejmejcxaxkbhncsjpmbezdoochlhpw,answer 2836
1.58,2.33,0.25,mvejmejcxaxkbhncsjpmbezdoochlhpw,answer 2837
0.65,-0.15,0.25,mvejmejcxaxkbhncsjpmbezdoochlhpw,answer 2838
1.66,0.04,0.25,mvejmejcxaxkbhncsjpmbezdoochlhpw,answer 2839
-0.04,3.45,0.25,mvejmejcxaxkbhncsjpmbezdoochlhpw,answer 2840
-0.34,0.7,0.25,mvejmejcxaxkbhncsjpmbezdoochlhpw,answer 2841
1.98,-1.79,0.25,mvejmejcxaxkbhncsjpmbezdoochlhpw,answer 2842
-0.06,0.49,0.25,mvejmejcxaxkbhncsjpmbezdoochlhpw,answer 2843
1.16,0.09,0.25,mvejmejcxaxkbhncsjpmbezdoochlhpw,answer 2844
1.74,1,0.25,mvejmejcxaxkbhncsjpmbezdoochlhpw,answer 2845
1.99,1.88,0.25,mvejmejcxaxkbhncsjpmbezdoochlhpw,answer 2846
-0.18,-0.54,0.25,mvejmejcxaxkbhncsjpmbezdoochlhpw,answer 2847
1.04,-3.87,0.25,mvejmejcxaxkbhncsjpmbezdoochlhpw,answer 2848
1.88,0.25,0.25,mvejmejcxaxkbhncsjpmbezdoochlhpw,answer 2849
0.56,-2.15,0.25,mvejmejcxaxkbhncsjpmbezdoochlhpw,answer 2850
-0.44,-1.42,0.25,mvejmejcxaxkbhncsjpmbezdoochlhpw,answer 2851
-0.23,-1.13,0.25,mvejmejcxaxkbhncsjpmbezdoochlhpw,answer 2852
0.05,0.23,0.25,mvejmejcxaxkbhncsjpmbezdoochlhpw,answer 2853
1.2,-2.42,0.25,mvejmejcxaxkbhncsjpmbezdoochlhpw,answer 2854
0.34,-3.48,0.25,mvejmejcxaxkbhncsjpmbezdoochlhpw,answer 2855
0.47,3.58,0.25,mvejmejcxaxkbhncsjpmbezdoochlhpw,answer 2856
0.09,1.85,0.25,mvejmejcxaxkbhncsjpmbezdoochlhpw,answer 2857
0.77,-2.76,0.25,mvejmejcxaxkbhncsjpmbezdoochlhpw,answer 2858
-0.45,-1.34,0.25,mvejmejcxaxkbhncsjpmbezdoochlhpw,answer 2859
0.88,3.06,0.25,mvejmejcxaxkbhncsjpmbezdoochlhpw,answer 2860
-0.46,-1.12,0.25,mvejmejcxaxkbhncsjpmbezdoochlhpw,answer 2861
-0.02,0.7,0.25,mvejmejcxaxkbhncsjpmbezdoochlhpw,answer 2862
2,2.74,0.25,mvejmejcxaxkbhncsjpmbezdoochlhpw,answer 2863
0.19,0.11,0.25,mvejmejcxaxkbhncsjpmbezdoochlhpw,answer 2864
-0.11,2.53,0.25,mvejmejcxaxkbhncsjpmbezdoochlhpw,answer 2865
0.69,1.68,0.25,mvejmejcxaxkbhncsjpmbezdoochlhpw,answer 2866
1.97,2.96,0.25,mvejmejcxaxkbhncsjpmbezdoochlhpw,answer 2867
-0.08,3.95,0.25,mvejmejcxaxkbhncsjpmbezdoochlhpw,answer 2868
0.78,-0.2,0.25,mvejmejcxaxkbhncsjpmbezdoochlhpw,answer 2869
0.16,2.87,0.25,mvejmejcxaxkbhncsjpmbezdoochlhpw,answer 2870
0.67,-1.08,0.25,mvejmejcxaxkbhncsjpmbezdoochlhpw,answer 2871
0.25,-1.92,0.25,mvejmejcxaxkbhncsjpmbezdoochlhpw,answer 2872
1.22,3.88,0.25,mvejmejcxaxkbhncsjpmbezdoochlhpw,answer 2873
1.83,1.8,0.25,mvejmejcxaxkbhncsjpmbezdoochlhpw,answer 2874
1.76,3.91,0.25,mvejmejcxaxkbhncsjpmbezdoochlhpw,answer 2875
1.43,1.79,0.25,mvejmejcxaxkbhncsjpmbezdoochlhpw,answer 2876
1.02,3.38,0.25,mvejmejcxaxkbhncsjpmbezdoochlhpw,answer 2877
0.91,1.45,0.25,mvejmejcxaxkbhncsjpmbezdoochlhpw,answer 2878
0.9,-4,0.25,mvejmejcxaxkbhncsjpmbezdoochlhpw,answer 2879
-0.45,2.7,0.25,mvejmejcxaxkbhncsjpmbezdoochlhpw,answer 2880
0.02,-0.29,0.25,mvejmejcxaxkbhncsjpmbezdoochlhpw,answer 2881
1.7,-2.09,0.25,mvejmejcxaxkbhncsjpmbezdoochlhpw,answer 2882
1.53,3.25,0.25,mvejmejcxaxkbhncsjpmbezdoochlhpw,answer 2883
0.04,2.21,0.25,mvejmejcxaxkbhncsjpmbezdoochlhpw,answer 2884
1.7,0.39,0.25,mvejmejcxaxkbhncsjpmbezdoochlhpw,answer 2885
1.06,-1.07,0.25,mvejmejcxaxkbhncsjpmbezdoochlhpw,answer 2886
1.47,-3.92,0.25,mvejmejcxaxkbhncsjpmbezdoochlhpw,answer 2887
1.91,1.77,0.25,mvejmejcxaxkbhncsjpmbezdoochlhpw,answer 2888
0.92,-3.67,0.25,mvejmejcxaxkbhncsjpmbezdoochlhpw,answer 2889
-0.3,3.4,0.25,mvejmejcxaxkbhncsjpmbezdoochlhpw,answer 2890
1.12,-0.87,0.25,mvejmejcxaxkbhncsjpmbezdoochlhpw,answer 2891
1.83,-1.65,0.25,mvejmejcxaxkbhncsjpmbezdoochlhpw,answer 2892
0.65,0.73,0.25,mvejmejcxaxkbhncsjpmbezdoochlhpw,answer 2893
1.65,-1.26,0.25,mvejmejcxaxkbhncsjpmbezdoochlhpw,answer 2894
-0.34,3.15,0.25,mvejmejcxaxkbhncsjpmbezdoochlhpw,answer 2895
0.37,-0.35,0.25,mvejmejcxaxkbhncsjpmbezdoochlhpw,answer 2896
-0.29,2.99,0.25,mvejmejcxaxkbhncsjpmbezdoochlhpw,answer 2897
0.21,-3.4,0.25,mvejmejcxaxkbhncsjpmbezdoochlhpw,answer 2898
0.48,-2.12,0.25,mvejmejcxaxkbhncsjpmbezdoochlhpw,answer 2899
0.95,3.48,0.25,mvejmejcxaxkbhncsjpmbezdoochlhpw,answer 2900
0.23,-0.48,0.25,mvejmejcxaxkbhncsjpmbezdoochlhpw,answer 2901
-0.37,1.88,0.25,mvejmejcxaxkbhncsjpmbezdoochlhpw,answer 2902
1.08,-1.55,0.25,mvejmejcxaxkbhncsjpmbezdoochlhpw,answer 2903
-0.03,-0.52,0.25,mvejmejcxaxkbhncsjpmbezdoochlhpw,answer 2904
-0.11,-1.44,0.25,mvejmejcxaxkbhncsjpmbezdoochlhpw,answer 2905
1.98,-3.58,0.25,mvejmejcxaxkbhncsjpmbezdoochlhpw,answer 2906
1.05,3.78,0.25,mvejmejcxaxkbhncsjpmbezdoochlhpw,answer 2907
0.69,-1.6,0.25,mvejmejcxaxkbhncsjpmbezdoochlhpw,answer 2908
0.81,0.2,0.25,mvejmejcxaxkbhncsjpmbezdoochlhpw,answer 2909
1.58,1.11,0.25,mvejmejcxaxkbhncsjpmbezdoochlhpw,answer 2910
1.37,-0.01,0.25,mvejmejcxaxkbhncsjpmbezdoochlhpw,answer 2911
1.19,-3.92,0.25,mvejmejcxaxkbhncsjpmbezdoochlhpw,answer 2912
-0.18,-2.61,0.25,mvejmejcxaxkbhncsjpmbezdoochlhpw,answer 2913
-0.28,0.98,0.25,mvejmejcxaxkbhncsjpmbezdoochlhpw,answer 2914
1.97,-0.96,0.25,mvejmejcxaxkbhncsjpmbezdoochlhpw,answer 2915
1.63,3.97,0.25,mvejmejcxaxkbhncsjpmbezdoochlhpw,answer 2916
-0.01,3.02,0.25,mvejmejcxaxkbhncsjpmbezdoochlhpw,answer 2917
0.85,-3.34,0.25,mvejmejcxaxkbhncsjpmbezdoochlhpw,answer 2918
0.98,-0.56,0.25,mvejmejcxaxkbhncsjpmbezdoochlhpw,answer 2919
1.08,0.8,0.25,mvejmejcxaxkbhncsjpmbezdoochlhpw,answer 2920
1.23,2.46,0.25,mvejmejcxaxkbhncsjpmbezdoochlhpw,answer 2921
0.07,2.09,0.25,mvejmejcxaxkbhncsjpmbezdoochlhpw,answer 2922
1.6,2.77,0.25,mvejmejcxaxkbhncsjpmbezdoochlhpw,answer 2923
-0.19,2.5,0.25,mvejmejcxaxkbhncsjpmbezdoochlhpw,answer 2924
1.5,-0.32,0.25,mvejmejcxaxkbhncsjpmbezdoochlhpw,answer 2925
0.1,0.71,0.25,mvejmejcxaxkbhncsjpmbezdoochlhpw,answer 2926
0.61,2.79,0.25,mvejmejcxaxkbhncsjpmbezdoochlhpw,answer 2927
0.94,-0.98,0.25,mvejmejcxaxkbhncsjpmbezdoochlhpw,answer 2928
1.34,-0.45,0.25,mvejmejcxaxkbhncsjpmbezdoochlhpw,answer 2929
0.03,2.17,0.25,mvejmejcxaxkbhncsjpmbezdoochlhpw,answer 2930
-0.24,0.99,0.25,mvejmejcxaxkbhncsjpmbezdoochlhpw,answer 2931
1.47,-3.77,0.25,mvejmejcxaxkbhncsjpmbezdoochlhpw,answer 2932
-0.34,0.03,0.25,mvejmejcxaxkbhncsjpmbezdoochlhpw,answer 2933
1.12,-1.83,0.25,mvejmejcxaxkbhncsjpmbezdoochlhpw,answer 2934
0.68,-1.81,0.25,mvejmejcxaxkbhncsjpmbezdoochlhpw,answer 2935
-0.01,-3.97,0.25,mvejmejcxaxkbhncsjpmbezdoochlhpw,answer 2936
0.04,1.49,0.25,mvejmejcxaxkbhncsjpmbezdoochlhpw,answer 2937
0.83,-0.09,0.25,mvejmejcxaxkbhncsjpmbezdoochlhpw,answer 2938
0.34,-3.59,0.25,mvejmejcxaxkbhncsjpmbezdoochlhpw,answer 2939
0.33,-1.67,0.25,mvejmejcxaxkbhncsjpmbezdoochlhpw,answer 2940
0.94,1.81,0.25,mvejmejcxaxkbhncsjpmbezdoochlhpw,answer 2941
-0.01,2,0.25,mvejmejcxaxkbhncsjpmbezdoochlhpw,answer 2942
0.26,2.8,0.25,mvejmejcxaxkbhncsjpmbezdoochlhpw,answer 2943
1.33,-0.59,0.25,mvejmejcxaxkbhncsjpmbezdoochlhpw,answer 2944
-0.14,-2.6,0.25,mvejmejcxaxkbhncsjpmbezdoochlhpw,answer 2945
-0.24,-1.21,0.25,mvejmejcxaxkbhncsjpmbezdoochlhpw,answer 2946
0.58,-2.1,0.25,mvejmejcxaxkbhncsjpmbezdoochlhpw,answer 2947
-0.1,-1.62,0.25,mvejmejcxaxkbhncsjpmbezdoochlhpw,answer 2948
0.41,2.77,0.25,mvejmejcxaxkbhncsjpmbezdoochlhpw,answer 2949
0.54,2.61,0.25,mvejmejcxaxkbhncsjpmbezdoochlhpw,answer 2950
-0.06,-3.19,0.25,mvejmejcxaxkbhncsjpmbezdoochlhpw,answer 2951
1.34,-1.73,0.25,mvejmejcxaxkbhncsjpmbezdoochlhpw,answer 2952
1.15,-2.84,0.25,mvejmejcxaxkbhncsjpmbezdoochlhpw,answer 2953
1.35,2.32,0.25,mvejmejcxaxkbhncsjpmbezdoochlhpw,answer 2954
-0.35,0.84,0.25,mvejmejcxaxkbhncsjpmbezdoochlhpw,answer 2955
-0.1,-1.23,0.25,mvejmejcxaxkbhncsjpmbezdoochlhpw,answer 2956
-0.4,-1.48,0.25,mvejmejcxaxkbhncsjpmbezdoochlhpw,answer 2957
1.55,-3.77,0.25,mvejmejcxaxkbhncsjpmbezdoochlhpw,answer 2958
-0.25,1.5,0.25,mvejmejcxaxkbhncsjpmbezdoochlhpw,answer 2959
0.65,-3.4,0.25,mvejmejcxaxkbhncsjpmbezdoochlhpw,answer 2960
-0.09,-1.29,0.25,mvejmejcxaxkbhncsjpmbezdoochlhpw,answer 2961
0.2,2.62,0.25,mvejmejcxaxkbhncsjpmbezdoochlhpw,answer 2962
0.21,-1.37,0.25,mvejmejcxaxkbhncsjpmbezdoochlhpw,answer 2963
1.48,0.46,0.25,mvejmejcxaxkbhncsjpmbezdoochlhpw,answer 2964
1.64,-2.84,0.25,mvejmejcxaxkbhncsjpmbezdoochlhpw,answer 2965
0.54,1.81,0.25,mvejmejcxaxkbhncsjpmbezdoochlhpw,answer 2966
0.56,2.41,0.25,mvejmejcxaxkbhncsjpmbezdoochlhpw,answer 2967
-0.25,2.13,0.25,mvejmejcxaxkbhncsjpmbezdoochlhpw,answer 2968
-0.13,-2.43,0.25,mvejmejcxaxkbhncsjpmbezdoochlhpw,answer 2969
-0.42,3.82,0.25,mvejmejcxaxkbhncsjpmbezdoochlhpw,answer 2970
0.14,-3.58,0.25,mvejmejcxaxkbhncsjpmbezdoochlhpw,answer 2971
2,-0.98,0.25,mvejmejcxaxkbhncsjpmbezdoochlhpw,answer 2972
0.64,2.62,0.25,mvejmejcxaxkbhncsjpmbezdoochlhpw,answer 2973
1.53,-2.81,0.25,mvejmejcxaxkbhncsjpmbezdoochlhpw,answer 2974
0.62,-3.69,0.25,mvejmejcxaxkbhncsjpmbezdoochlhpw,answer 2975
1.67,-3.86,0.25,mvejmejcxaxkbhncsjpmbezdoochlhpw,answer 2976
1.98,-0.37,0.25,mvejmejcxaxkbhncsjpmbezdoochlhpw,answer 2977
1.43,0.14,0.25,mvejmejcxaxkbhncsjpmbezdoochlhpw,answer 2978
0.97,-3.85,0.25,mvejmejcxaxkbhncsjpmbezdoochlhpw,answer 2979
0.62,2.37,0.25,mvejmejcxaxkbhncsjpmbezdoochlhpw,answer 2980
0.58,1.42,0.25,mvejmejcxaxkbhncsjpmbezdoochlhpw,answer 2981
0.35,-1.38,0.25,mvejmejcxaxkbhncsjpmbezdoochlhpw,answer 2982
1.91,1.84,0.25,mvejmejcxaxkbhncsjpmbezdoochlhpw,answer 2983
-0.45,0.14,0.25,mvejmejcxaxkbhncsjpmbezdoochlhpw,answer 2984
1.92,2.13,0.25,mvejmejcxaxkbhncsjpmbezdoochlhpw,answer 2985
1.65,-0.68,0.25,mvejmejcxaxkbhncsjpmbezdoochlhpw,answer 2986
1.54,-0.36,0.25,mvejmejcxaxkbhncsjpmbezdoochlhpw,answer 2987
1.36,-0.77,0.25,mvejmejcxaxkbhncsjpmbezdoochlhpw,answer 2988
1.61,-2.9,0.25,mvejmejcxaxkbhncsjpmbezdoochlhpw,answer 2989
1.32,0.25,0.25,mvejmejcxaxkbhncsjpmbezdoochlhpw,answer 2990
0.58,-0.79,0.25,mvejmejcxaxkbhncsjpmbezdoochlhpw,answer 2991
0.31,0.21,0.25,mvejmejcxaxkbhncsjpmbezdoochlhpw,answer 2992
1.62,3.04,0.25,mvejmejcxaxkbhncsjpmbezdoochlhpw,answer 2993
1.34,1.59,0.25,mvejmejcxaxkbhncsjpmbezdoochlhpw,answer 2994
0.4,1.48,0.25,mvejmejcxaxkbhncsjpmbezdoochlhpw,answer 2995
0.37,1.54,0.25,mvejmejcxaxkbhncsjpmbezdoochlhpw,answer 2996
0.05,-0.42,0.25,mvejmejcxaxkbhncsjpmbezdoochlhpw,answer 2997
1.59,0.2,0.25,mvejmejcxaxkbhncsjpmbezdoochlhpw,answer 2998
1.55,3.79,0.25,mvejmejcxaxkbhncsjpmbezdoochlhpw,answer 2999
0.47,1.19,0.25,mvejmejcxaxkbhncsjpmbezdoochlhpw,answer 3000
