A,B,C,Desc
0.62,1.42,0.25,mvejmejcxaxkbhncsjpmbezdoochlhpw
1.07,-3.86,0.25,mvejmejcxaxkbhncsjpmbezdoochlhpw
0.29,2.1,0.25,mvejmejcxaxkbhncsjpmbezdoochlhpw
0.86,0.29,0.25,mvejmejcxaxkbhncsjpmbezdoochlhpw
0,2.39,0.25,mvejmejcxaxkbhncsjpmbezdoochlhpw
-0.2,0.06,0.25,mvejmejcxaxkbhncsjpmbezdoochlhpw
-0.31,-1.93,0.25,mvejmejcxaxkbhncsjpmbezdoochlhpw
0.45,-0.46,0.25,mvejmejcxaxkbhncsjpmbezdoochlhpw
1.19,-1.38,0.25,mvejmejcxaxkbhncsjpmbezdoochlhpw
1.36,-2.86,0.25,mvejmejcxaxkbhncsjpmbezdoochlhpw
0.15,2.38,0.25,mvejmejcxaxkbhncsjpmbezdoochlhpw
0.67,1.56,0.25,mvejmejcxaxkbhncsjpmbezdoochlhpw
-0.43,1.17,0.25,mvejmejcxaxkbhncsjpmbezdoochlhpw
1.97,-1.06,0.25,mvejmejcxaxkbhncsjpmbezdoochlhpw
-0.24,-0.3,0.25,mvejmejcxaxkbhncsjpmbezdoochlhpw
0.38,1.47,0.25,mvejmejcxaxkbhncsjpmbezdoochlhpw
1.08,1.16,0.25,mvejmejcxaxkbhncsjpmbezdoochlhpw
0.4,-0.14,0.25,mvejmejcxaxkbhncsjpmbezdoochlhpw
0.85,2,0.25,mvejmejcxaxkbhncsjpmbezdoochlhpw
-0.33,-2.65,0.25,mvejmejcxaxkbhncsjpmbezdoochlhpw
1.92,-2.82,0.25,mvejmejcxaxkbhncsjpmbezdoochlhpw
-0.31,-2.12,0.25,mvejmejcxaxkbhncsjpmbezdoochlhpw
0.37,-2.69,0.25,mvejmejcxaxkbhncsjpmbezdoochlhpw
0.93,1.26,0.25,mvejmejcxaxkbhncsjpmbezdoochlhpw
0.84,2.69,0.25,mvejmejcxaxkbhncsjpmbezdoochlhpw
0,-0.84,0.25,mvejmejcxaxkbhncsjpmbezdoochlhpw
0.68,-3.75,0.25,mvejmejcxaxkbhncsjpmbezdoochlhpw
-0.06,-2.72,0.25,mvejmejcxaxkbhncsjpmbezdoochlhpw
0.22,0.51,0.25,mvejmejcxaxkbhncsjpmbezdoochlhpw
1.19,3,0.25,mvejmejcxaxkbhncsjpmbezdoochlhpw
-0.02,-0.33,0.25,mvejmejcxaxkbhncsjpmbezdoochlhpw
-0.44,-2.83,0.25,mvejmejcxaxkbhncsjpmbezdoochlhpw
-0.38,-1.85,0.25,mvejmejcxaxkbhncsjpmbezdoochlhpw
0.05,-2.6,0.25,mvejmejcxaxkbhncsjpmbezdoochlhpw
0.76,-2.82,0.25,mvejmejcxaxkbhncsjpmbezdoochlhpw
0.42,-1.58,0.25,mvejmejcxaxkbhncsjpmbezdoochlhpw
1.41,-1.43,0.25,mvejmejcxaxkbhncsjpmbezdoochlhpw
1.53,3.12,0.25,mvejmejcxaxkbhncsjpmbezdoochlhpw
1.35,3.37,0.25,mvejmejcxaxkbhncsjpmbezdoochlhpw
1.02,-2.34,0.25,mvejmejcxaxkbhncsjpmbezdoochlhpw
1.63,-1.39,0.25,mvejmejcxaxkbhncsjpmbezdoochlhpw
1.57,1.39,0.25,mvejmejcxaxkbhncsjpmbezdoochlhpw
0.72,-3.84,0.25,mvejmejcxaxkbhncsjpmbezdoochlhpw
1.59,0.9,0.25,mvejmejcxaxkbhncsjpmbezdoochlhpw
1.96,2.02,0.25,mvejmejcxaxkbhncsjpmbezdoochlhpw
0.15,-1.78,0.25,mvejmejcxaxkbhncsjpmbezdoochlhpw
1.33,-1.44,0.25,mvejmejcxaxkbhncsjpmbezdoochlhpw
1.92,3.31,0.25,mvejmejcxaxkbhncsjpmbezdoochlhpw
-0.21,-0.37,0.25,mvejmejcxaxkbhncsjpmbezdoochlhpw
1.88,-1.63,0.25,mvejmejcxaxkbhncsjpmbezdoochlhpw
1.98,2.99,0.25,mvejmejcxaxkbhncsjpmbezdoochlhpw
0.4,3.91,0.25,mvejmejcxaxkbhncsjpmbezdoochlhpw
0.98,-1.22,0.25,mvejmejcxaxkbhncsjpmbezdoochlhpw
1.64,-0.8,0.25,mvejmejcxaxkbhncsjpmbezdoochlhpw
1.18,-2.14,0.25,mvejmejcxaxkbhncsjpmbezdoochlhpw
1.17,-0.16,0.25,mvejmejcxaxkbhncsjpmbezdoochlhpw
1.48,-1.53,0.25,mvejmejcxaxkbhncsjpmbezdoochlhpw
1.03,-0.51,0.25,mvejmejcxaxkbhncsjpmbezdoochlhpw
0.01,3.8,0.25,mvejmejcxaxkbhncsjpmbezdoochlhpw
1.04,-0.51,0.25,mvejmejcxaxkbhncsjpmbezdoochlhpw
1.95,-2.23,0.25,mvejmejcxaxkbhncsjpmbezdoochlhpw
0.9,-3.15,0.25,mvejmejcxaxkbhncsjpmbezdoochlhpw
1.39,4,0.25,mvejmejcxaxkbhncsjpmbezdoochlhpw
1.55,2.91,0.25,mvejmejcxaxkbhncsjpmbezdoochlhpw
0.81,-3.99,0.25,mvejmejcxaxkbhncsjpmbezdoochlhpw
1.47,-1.19,0.25,mvejmejcxaxkbhncsjpmbezdoochlhpw
1.33,0.76,0.25,mvejmejcxaxkbhncsjpmbezdoochlhpw
-0.01,0.52,0.25,mvejmejcxaxkbhncsjpmbezdoochlhpw
0.55,0.16,0.25,mvejmejcxaxkbhncsjpmbezdoochlhpw
1.76,-0.09,0.25,mvejmejcxaxkbhncsjpmbezdoochlhpw
-0.05,-3.9,0.25,mvejmejcxaxkbhncsjpmbezdoochlhpw
0.8,-3.85,0.25,mvejmejcxaxkbhncsjpmbezdoochlhpw
-0.19,-2.8,0.25,mvejmejcxaxkbhncsjpmbezdoochlhpw
-0.19,2.87,0.25,mvejmejcxaxkbhncsjpmbezdoochlhpw
0.79,3.64,0.25,mvejmejcxaxkbhncsjpmbezdoochlhpw
-0.1,2.74,0.25,mvejmejcxaxkbhncsjpmbezdoochlhpw
0.96,-1.11,0.25,mvejmejcxaxkbhncsjpmbezdoochlhpw
-0.32,1.75,0.25,mvejmejcxaxkbhncsjpmbezdoochlhpw
0.23,1.87,0.25,mvejmejcxaxkbhncsjpmbezdoochlhpw
1.48,-2.71,0.25,mvejmejcxaxkbhncsjpmbezdoochlhpw
1.13,2.64,0.25,mvejmejcxaxkbhncsjpmbezdoochlhpw
0.15,3.78,0.25,mvejmejcxaxkbhncsjpmbezdoochlhpw
-0.47,1.94,0.25,mvejmejcxaxkbhncsjpmbezdoochlhpw
1.41,0.61,0.25,mvejmejcxaxkbhncsjpmbezdoochlhpw
1.32,-3.67,0.25,mvejmejcxaxkbhncsjpmbezdoochlhpw
0.24,-0.14,0.25,mvejmejcxaxkbhncsjpmbezdoochlhpw
1.82,1.15,0.25,mvejmejcxaxkbhncsjpmbezdoochlhpw
0.48,3,0.25,mvejmejcxaxkbhncsjpmbezdoochlhpw
-0.31,-0.26,0.25,mvejmejcxaxkbhncsjpmbezdoochlhpw
1.64,3.13,0.25,mvejmejcxaxkbhncsjpmbezdoochlhpw
0.27,-0.56,0.25,mvejmejcxaxkbhncsjpmbezdoochlhpw
-0.07,3.67,0.25,mvejmejcxaxkbhncsjpmbezdoochlhpw
0.09,-2.91,0.25,mvejmejcxaxkbhncsjpmbezdoochlhpw
-0.27,3.96,0.25,mvejmejcxaxkbhncsjpmbezdoochlhpw
1.3,3.25,0.25,mvejmejcxaxkbhncsjpmbezdoochlhpw
0.74,-3.07,0.25,mvejmejcxaxkbhncsjpmbezdoochlhpw
0.93,-0.2,0.25,mvejmejcxaxkbhncsjpmbezdoochlhpw
1.73,-3.68,0.25,mvejmejcxaxkbhncsjpmbezdoochlhpw
-0.2,-1.22,0.25,mvejmejcxaxkbhncsjpmbezdoochlhpw
0.52,1.92,0.25,mvejmejcxaxkbhncsjpmbezdoochlhpw
0.02,3.15,0.25,mvejmejcxaxkbhncsjpmbezdoochlhpw
1.63,0.27,0.25,mvejmejcxaxkbhncsjpmbezdoochlhpw
0.44,1.24,0.25,mvejmejcxaxkbhncsjpmbezdoochlhpw
1.13,0.06,0.25,mvejmejcxaxkbhncsjpmbezdoochlhpw
1.68,1.44,0.25,mvejmejcxaxkbhncsjpmbezdoochlhpw
0.89,3.01,0.25,mvejmejcxaxkbhncsjpmbezdoochlhpw
0.28,0.81,0.25,mvejmejcxaxkbhncsjpmbezdoochlhpw
-0.38,-1.44,0.25,mvejmejcxaxkbhncsjpmbezdoochlhpw
1.68,-2.96,0.25,mvejmejcxaxkbhncsjpmbezdoochlhpw
1.9,1.87,0.25,mvejmejcxaxkbhncsjpmbezdoochlhpw
1.27,-3.01,0.25,mvejmejcxaxkbhncsjpmbezdoochlhpw
-0.02,2.27,0.25,mvejmejcxaxkbhncsjpmbezdoochlhpw
1.52,-0.76,0.25,mvejmejcxaxkbhncsjpmbezdoochlhpw
1.15,2.76,0.25,mvejmejcxaxkbhncsjpmbezdoochlhpw
1.49,-3.82,0.25,mvejmejcxaxkbhncsjpmbezdoochlhpw
1.27,-1.94,0.25,mvejmejcxaxkbhncsjpmbezdoochlhpw
1.5,0.51,0.25,mvejmejcxaxkbhncsjpmbezdoochlhpw
0.99,3.14,0.25,mvejmejcxaxkbhncsjpmbezdoochlhpw
0.81,1.4,0.25,mvejmejcxaxkbhncsjpmbezdoochlhpw
0.81,-3.63,0.25,mvejmejcxaxkbhncsjpmbezdoochlhpw
1.19,-2.6,0.25,mvejmejcxaxkbhncsjpmbezdoochlhpw
0.48,0.26,0.25,mvejmejcxaxkbhncsjpmbezdoochlhpw
1.68,-2.51,0.25,mvejmejcxaxkbhncsjpmbezdoochlhpw
1.8,-3.25,0.25,mvejmejcxaxkbhncsjpmbezdoochlhpw
1.28,-0.12,0.25,mvejmejcxaxkbhncsjpmbezdoochlhpw
1.91,-0.65,0.25,mvejmejcxaxkbhncsjpmbezdoochlhpw
1.33,1.25,0.25,mvejmejcxaxkbhncsjpmbezdoochlhpw
1.64,0.51,0.25,mvejmejcxaxkbhncsjpmbezdoochlhpw
0.13,0.13,0.25,mvejmejcxaxkbhncsjpmbezdoochlhpw
1,-3.34,0.25,mvejmejcxaxkbhncsjpmbezdoochlhpw
1.49,-0.63,0.25,mvejmejcxaxkbhncsjpmbezdoochlhpw
0.52,2.75,0.25,mvejmejcxaxkbhncsjpmbezdoochlhpw
-0.12,-3.07,0.25,mvejmejcxaxkbhncsjpmbezdoochlhpw
0.36,-2.38,0.25,mvejmejcxaxkbhncsjpmbezdoochlhpw
0.14,-1.33,0.25,mvejmejcxaxkbhncsjpmbezdoochlhpw
-0.21,3.36,0.25,mvejmejcxaxkbhncsjpmbezdoochlhpw
1.43,3.63,0.25,mvejmejcxaxkbhncsjpmbezdoochlhpw
0.74,2.29,0.25,mvejmejcxaxkbhncsjpmbezdoochlhpw
0.97,3.01,0.25,mvejmejcxaxkbhncsjpmbezdoochlhpw
0.34,1.73,0.25,mvejmejcxaxkbhncsjpmbezdoochlhpw
-0.19,-0.39,0.25,mvejmejcxaxkbhncsjpmbezdoochlhpw
1.12,1.86,0.25,mvejmejcxaxkbhncsjpmbezdoochlhpw
-0.04,0.01,0.25,mvejmejcxaxkbhncsjpmbezdoochlhpw
-0.39,-0.5,0.25,mvejmejcxaxkbhncsjpmbezdoochlhpw
1.6,3.96,0.25,mvejmejcxaxkbhncsjpmbezdoochlhpw
1.43,-0.78,0.25,mvejmejcxaxkbhncsjpmbezdoochlhpw
0.87,1.74,0.25,mvejmejcxaxkbhncsjpmbezdoochlhpw
0.9,1.2,0.25,mvejmejcxaxkbhncsjpmbezdoochlhpw
1.18,3.5,0.25,mvejmejcxaxkbhncsjpmbezdoochlhpw
-0.16,2.3,0.25,mvejmejcxaxkbhncsjpmbezdoochlhpw
-0.11,0.01,0.25,mvejmejcxaxkbhncsjpmbezdoochlhpw
1.45,-3.21,0.25,mvejmejcxaxkbhncsjpmbezdoochlhpw
-0.31,-0.59,0.25,mvejmejcxaxkbhncsjpmbezdoochlhpw
1.03,-1.45,0.25,mvejmejcxaxkbhncsjpmbezdoochlhpw
1.99,1.78,0.25,mvejmejcxaxkbhncsjpmbezdoochlhpw
0.59,0.57,0.25,mvejmejcxaxkbhncsjpmbezdoochlhpw
0.62,-1.15,0.25,mvejmejcxaxkbhncsjpmbezdoochlhpw
-0.44,-0.63,0.25,mvejmejcxaxkbhncsjpmbezdoochlhpw
1.06,1.09,0.25,mvejmejcxaxkbhncsjpmbezdoochlhpw
-0.44,-2.24,0.25,mvejmejcxaxkbhncsjpmbezdoochlhpw
-0.31,2.52,0.25,mvejmejcxaxkbhncsjpmbezdoochlhpw
-0.48,2.02,0.25,mvejmejcxaxkbhncsjpmbezdoochlhpw
-0.32,-3.57,0.25,mvejmejcxaxkbhncsjpmbezdoochlhpw
1.54,-0.91,0.25,mvejmejcxaxkbhncsjpmbezdoochlhpw
-0.35,0.7,0.25,mvejmejcxaxkbhncsjpmbezdoochlhpw
0.18,3.82,0.25,mvejmejcxaxkbhncsjpmbezdoochlhpw
-0.31,-1.03,0.25,mvejmejcxaxkbhncsjpmbezdoochlhpw
1.5,3.85,0.25,mvejmejcxaxkbhncsjpmbezdoochlhpw
0.55,0.24,0.25,mvejmejcxaxkbhncsjpmbezdoochlhpw
-0.5,-2.17,0.25,mvejmejcxaxkbhncsjpmbezdoochlhpw
0.34,1.81,0.25,mvejmejcxaxkbhncsjpmbezdoochlhpw
-0.4,-1.41,0.25,mvejmejcxaxkbhncsjpmbezdoochlhpw
1.3,-0.16,0.25,mvejmejcxaxkbhncsjpmbezdoochlhpw
-0.07,1.66,0.25,mvejmejcxaxkbhncsjpmbezdoochlhpw
0.23,0.83,0.25,mvejmejcxaxkbhncsjpmbezdoochlhpw
0.34,2.27,0.25,mvejmejcxaxkbhncsjpmbezdoochlhpw
0.08,0.68,0.25,mvejmejcxaxkbhncsjpmbezdoochlhpw
-0.42,-3.6,0.25,mvejmejcxaxkbhncsjpmbezdoochlhpw
1.18,-3.2,0.25,mvejmejcxaxkbhncsjpmbezdoochlhpw
1.14,-1.31,0.25,mvejmejcxaxkbhncsjpmbezdoochlhpw
-0.21,-2.12,0.25,mvejmejcxaxkbhncsjpmbezdoochlhpw
1.97,2.08,0.25,mvejmejcxaxkbhncsjpmbezdoochlhpw
0.9,1.4,0.25,mvejmejcxaxkbhncsjpmbezdoochlhpw
-0.08,-2.93,0.25,mvejmejcxaxkbhncsjpmbezdoochlhpw
1.48,2.95,0.25,mvejmejcxaxkbhncsjpmbezdoochlhpw
-0.01,3.87,0.25,mvejmejcxaxkbhncsjpmbezdoochlhpw
-0.48,3.56,0.25,mvejmejcxaxkbhncsjpmbezdoochlhpw
0.67,-0.22,0.25,mvejmejcxaxkbhncsjpmbezdoochlhpw
1.64,-0.61,0.25,mvejmejcxaxkbhncsjpmbezdoochlhpw
0.09,-3.86,0.25,mvejmejcxaxkbhncsjpmbezdoochlhpw
0.96,-0.28,0.25,mvejmejcxaxkbhncsjpmbezdoochlhpw
1.42,-1.33,0.25,mvejmejcxaxkbhncsjpmbezdoochlhpw
1.93,-1.04,0.25,mvejmejcxaxkbhncsjpmbezdoochlhpw
0.59,-1.99,0.25,mvejmejcxaxkbhncsjpmbezdoochlhpw
1.92,3.68,0.25,mvejmejcxaxkbhncsjpmbezdoochlhpw
0.35,-1.22,0.25,mvejmejcxaxkbhncsjpmbezdoochlhpw
1.35,2.97,0.25,mvejmejcxaxkbhncsjpmbezdoochlhpw
0.61,-3.51,0.25,mvejmejcxaxkbhncsjpmbezdoochlhpw
1.29,-0.82,0.25,mvejmejcxaxkbhncsjpmbezdoochlhpw
1.17,3.94,0.25,mvejmejcxaxkbhncsjpmbezdoochlhpw
0.5,-1.57,0.25,mvejmejcxaxkbhncsjpmbezdoochlhpw
0.34,-1.45,0.25,mvejmejcxaxkbhncsjpmbezdoochlhpw
1.1,-3.07,0.25,mvejmejcxaxkbhncsjpmbezdoochlhpw
0.55,0.86,0.25,mvejmejcxaxkbhncsjpmbezdoochlhpw
-0.47,-1.18,0.25,mvejmejcxaxkbhncsjpmbezdoochlhpw
0.71,-0.23,0.25,mvejmejcxaxkbhncsjpmbezdoochlhpw
0.69,-3.86,0.25,mvejmejcxaxkbhncsjpmbezdoochlhpw
-0.27,-0.56,0.25,mvejmejcxaxkbhncsjpmbezdoochlhpw
0.1,-0.49,0.25,mvejmejcxaxkbhncsjpmbezdoochlhpw
-0.03,-0.47,0.25,mvejmejcxaxkbhncsjpmbezdoochlhpw
0.1,3.52,0.25,mvejmejcxaxkbhncsjpmbezdoochlhpw
1.61,2.03,0.25,mvejmejcxaxkbhncsjpmbezdoochlhpw
0.73,3.25,0.25,mvejmejcxaxkbhncsjpmbezdoochlhpw
-0.23,-0.64,0.25,mvejmejcxaxkbhncsjpmbezdoochlhpw
-0.45,-1.72,0.25,mvejmejcxaxkbhncsjpmbezdoochlhpw
-0.35,-1.31,0.25,mvejmejcxaxkbhncsjpmbezdoochlhpw
-0.38,-3.31,0.25,mvejmejcxaxkbhncsjpmbezdoochlhpw
1.24,1.3,0.25,mvejmejcxaxkbhncsjpmbezdoochlhpw
1.24,-0.37,0.25,mvejmejcxaxkbhncsjpmbezdoochlhpw
-0.26,-1.55,0.25,mvejmejcxaxkbhncsjpmbezdoochlhpw
0.6,2.96,0.25,mvejmejcxaxkbhncsjpmbezdoochlhpw
1.05,-1.07,0.25,mvejmejcxaxkbhncsjpmbezdoochlhpw
0.93,0.56,0.25,mvejmejcxaxkbhncsjpmbezdoochlhpw
0.39,-0.36,0.25,mvejmejcxaxkbhncsjpmbezdoochlhpw
-0.47,1.39,0.25,mvejmejcxaxkbhncsjpmbezdoochlhpw
-0.18,-0.64,0.25,mvejmejcxaxkbhncsjpmbezdoochlhpw
0.84,3.08,0.25,mvejmejcxaxkbhncsjpmbezdoochlhpw
0.21,-2.2,0.25,mvejmejcxaxkbhncsjpmbezdoochlhpw
1.95,2.66,0.25,mvejmejcxaxkbhncsjpmbezdoochlhpw
1.04,-0.46,0.25,mvejmejcxaxkbhncsjpmbezdoochlhpw
-0.43,0.43,0.25,mvejmejcxaxkbhncsjpmbezdoochlhpw
-0.04,2.91,0.25,mvejmejcxaxkbhncsjpmbezdoochlhpw
1.61,-1.98,0.25,mvejmejcxaxkbhncsjpmbezdoochlhpw
0.26,2.03,0.25,mvejmejcxaxkbhncsjpmbezdoochlhpw
-0.48,1.28,0.25,mvejmejcxaxkbhncsjpmbezdoochlhpw
0.18,-2.51,0.25,mvejmejcxaxkbhncsjpmbezdoochlhpw
0.57,-2.91,0.25,mvejmejcxaxkbhncsjpmbezdoochlhpw
0.52,2.71,0.25,mvejmejcxaxkbhncsjpmbezdoochlhpw
0.53,-1.49,0.25,mvejmejcxaxkbhncsjpmbezdoochlhpw
0.52,-3.64,0.25,mvejmejcxaxkbhncsjpmbezdoochlhpw
1.9,-1.29,0.25,mvejmejcxaxkbhncsjpmbezdoochlhpw
-0.37,2.21,0.25,mvejmejcxaxkbhncsjpmbezdoochlhpw
1.6,-3.96,0.25,mvejmejcxaxkbhncsjpmbezdoochlhpw
0.52,3.65,0.25,mvejmejcxaxkbhncsjpmbezdoochlhpw
1.05,-0.84,0.25,mvejmejcxaxkbhncsjpmbezdoochlhpw
1.31,3.95,0.25,mvejmejcxaxkbhncsjpmbezdoochlhpw
1.32,1.7,0.25,mvejmejcxaxkbhncsjpmbezdoochlhpw
-0.17,1.49,0.25,mvejmejcxaxkbhncsjpmbezdoochlhpw
1.14,0.25,0.25,mvejmejcxaxkbhncsjpmbezdoochlhpw
0.95,0.04,0.25,mvejmejcxaxkbhncsjpmbezdoochlhpw
-0.42,-0.68,0.25,mvejmejcxaxkbhncsjpmbezdoochlhpw
1.51,3.41,0.25,mvejmejcxaxkbhncsjpmbezdoochlhpw
0.15,-1.21,0.25,mvejmejcxaxkbhncsjpmbezdoochlhpw
-0.39,-0.05,0.25,mvejmejcxaxkbhncsjpmbezdoochlhpw
0.5,-2.45,0.25,mvejmejcxaxkbhncsjpmbezdoochlhpw
1.41,-0.19,0.25,mvejmejcxaxkbhncsjpmbezdoochlhpw
0.28,-0.45,0.25,mvejmejcxaxkbhncsjpmbezdoochlhpw
0.42,1.3,0.25,mvejmejcxaxkbhncsjpmbezdoochlhpw
1.31,-0.11,0.25,mvejmejcxaxkbhncsjpmbezdoochlhpw
-0.38,-0.59,0.25,mvejmejcxaxkbhncsjpmbezdoochlhpw
0.04,2.47,0.25,mvejmejcxaxkbhncsjpmbezdoochlhpw
0.86,3.77,0.25,mvejmejcxaxkbhncsjpmbezdoochlhpw
-0.21,-1.57,0.25,mvejmejcxaxkbhncsjpmbezdoochlhpw
0.52,-1.21,0.25,mvejmejcxaxkbhncsjpmbezdoochlhpw
1.58,-2.62,0.25,mvejmejcxaxkbhncsjpmbezdoochlhpw
0.56,-0.18,0.25,mvejmejcxaxkbhncsjpmbezdoochlhpw
-0.02,-3.72,0.25,mvejmejcxaxkbhncsjpmbezdoochlhpw
1.18,2.77,0.25,mvejmejcxaxkbhncsjpmbezdoochlhpw
0.61,-3.35,0.25,mvejmejcxaxkbhncsjpmbezdoochlhpw
0.24,2.41,0.25,mvejmejcxaxkbhncsjpmbezdoochlhpw
1.55,0.74,0.25,mvejmejcxaxkbhncsjpmbezdoochlhpw
1.08,-0.8,0.25,mvejmejcxaxkbhncsjpmbezdoochlhpw
1.62,0.89,0.25,mvejmejcxaxkbhncsjpmbezdoochlhpw
1.14,-3.77,0.25,mvejmejcxaxkbhncsjpmbezdoochlhpw
-0.13,-2.07,0.25,mvejmejcxaxkbhncsjpmbezdoochlhpw
0.16,3.41,0.25,mvejmejcxaxkbhncsjpmbezdoochlhpw
0.56,-0.4,0.25,mvejmejcxaxkbhncsjpmbezdoochlhpw
0.47,2.24,0.25,mvejmejcxaxkbhncsjpmbezdoochlhpw
1.4,-3.53,0.25,mvejmejcxaxkbhncsjpmbezdoochlhpw
0.86,1.58,0.25,mvejmejcxaxkbhncsjpmbezdoochlhpw
-0.34,0.5,0.25,mvejmejcxaxkbhncsjpmbezdoochlhpw
0.97,-2.93,0.25,mvejmejcxaxkbhncsjpmbezdoochlhpw
1.98,4,0.25,mvejmejcxaxkbhncsjpmbezdoochlhpw
0.55,-1.56,0.25,mvejmejcxaxkbhncsjpmbezdoochlhpw
0.05,-1.77,0.25,mvejmejcxaxkbhncsjpmbezdoochlhpw
-0.2,-2.43,0.25,mvejmejcxaxkbhncsjpmbezdoochlhpw
1.98,2.16,0.25,mvejmejcxaxkbhncsjpmbezdoochlhpw
1.88,0.25,0.25,mvejmejcxaxkbhncsjpmbezdoochlhpw
1.45,3.38,0.25,mvejmejcxaxkbhncsjpmbezdoochlhpw
-0.11,-1.51,0.25,mvejmejcxaxkbhncsjpmbezdoochlhpw
1.7,-2.65,0.25,mvejmejcxaxkbhncsjpmbezdoochlhpw
0.3,-2.92,0.25,mvejmejcxaxkbhncsjpmbezdoochlhpw
-0.44,0.59,0.25,mvejmejcxaxkbhncsjpmbezdoochlhpw
0.28,3.76,0.25,mvejmejcxaxkbhncsjpmbezdoochlhpw
0.38,0.23,0.25,mvejmejcxaxkbhncsjpmbezdoochlhpw
1.1,0.39,0.25,mvejmejcxaxkbhncsjpmbezdoochlhpw
0.46,-3.02,0.25,mvejmejcxaxkbhncsjpmbezdoochlhpw
1.29,-2.63,0.25,mvejmejcxaxkbhncsjpmbezdoochlhpw
0.1,3.16,0.25,mvejmejcxaxkbhncsjpmbezdoochlhpw
0.37,0.83,0.25,mvejmejcxaxkbhncsjpmbezdoochlhpw
1.73,2.74,0.25,mvejmejcxaxkbhncsjpmbezdoochlhpw
0.09,1.21,0.25,mvejmejcxaxkbhncsjpmbezdoochlhpw
0.25,3.87,0.25,mvejmejcxaxkbhncsjpmbezdoochlhpw
0.25,1.42,0.25,mvejmejcxaxkbhncsjpmbezdoochlhpw
1.85,2.48,0.25,mvejmejcxaxkbhncsjpmbezdoochlhpw
-0.37,-1.56,0.25,mvejmejcxaxkbhncsjpmbezdoochlhpw
1.47,2.85,0.25,mvejmejcxaxkbhncsjpmbezdoochlhpw
-0.41,2.76,0.25,mvejmejcxaxkbhncsjpmbezdoochlhpw
0.76,2.35,0.25,mvejmejcxaxkbhncsjpmbezdoochlhpw
-0.1,3.36,0.25,mvejmejcxaxkbhncsjpmbezdoochlhpw
0.81,-3.04,0.25,mvejmejcxaxkbhncsjpmbezdoochlhpw
1.8,-0.53,0.25,mvejmejcxaxkbhncsjpmbezdoochlhpw
-0.29,0.83,0.25,mvejmejcxaxkbhncsjpmbezdoochlhpw
0.83,-3.3,0.25,mvejmejcxaxkbhncsjpmbezdoochlhpw
1.16,3.4,0.25,mvejmejcxaxkbhncsjpmbezdoochlhpw
1.13,1.11,0.25,mvejmejcxaxkbhncsjpmbezdoochlhpw
0.4,-2.5,0.25,mvejmejcxaxkbhncsjpmbezdoochlhpw
0.39,-1.86,0.25,mvejmejcxaxkbhncsjpmbezdoochlhpw
1.26,-0.95,0.25,mvejmejcxaxkbhncsjpmbezdoochlhpw
0.65,2.26,0.25,mvejmejcxaxkbhncsjpmbezdoochlhpw
1.65,-3.41,0.25,mvejmejcxaxkbhncsjpmbezdoochlhpw
-0.18,-3.46,0.25,mvejmejcxaxkbhncsjpmbezdoochlhpw
0.1,0.97,0.25,mvejmejcxaxkbhncsjpmbezdoochlhpw
1.42,-3.06,0.25,mvejmejcxaxkbhncsjpmbezdoochlhpw
0.34,2.55,0.25,mvejmejcxaxkbhncsjpmbezdoochlhpw
0.26,1.02,0.25,mvejmejcxaxkbhncsjpmbezdoochlhpw
0.96,0.61,0.25,mvejmejcxaxkbhncsjpmbezdoochlhpw
1.12,-2.22,0.25,mvejmejcxaxkbhncsjpmbezdoochlhpw
1.89,2.56,0.25,mvejmejcxaxkbhncsjpmbezdoochlhpw
-0.2,-1.48,0.25,mvejmejcxaxkbhncsjpmbezdoochlhpw
1.24,-2.85,0.25,mvejmejcxaxkbhncsjpmbezdoochlhpw
0.69,-2.52,0.25,mvejmejcxaxkbhncsjpmbezdoochlhpw
0.02,0.65,0.25,mvejmejcxaxkbhncsjpmbezdoochlhpw
0.96,-3.55,0.25,mvejmejcxaxkbhncsjpmbezdoochlhpw
0.67,3.44,0.25,mvejmejcxaxkbhncsjpmbezdoochlhpw
0.63,1.9,0.25,mvejmejcxaxkbhncsjpmbezdoochlhpw
0.92,-3.34,0.25,mvejmejcxaxkbhncsjpmbezdoochlhpw
1.01,-1.77,0.25,mvejmejcxaxkbhncsjpmbezdoochlhpw
1.88,-0.92,0.25,mvejmejcxaxkbhncsjpmbezdoochlhpw
1.52,2.79,0.25,mvejmejcxaxkbhncsjpmbezdoochlhpw
0.52,-3.65,0.25,mvejmejcxaxkbhncsjpmbezdoochlhpw
1.77,3.74,0.25,mvejmejcxaxkbhncsjpmbezdoochlhpw
1.62,2.42,0.25,mvejmejcxaxkbhncsjpmbezdoochlhpw
-0.11,-2.51,0.25,mvejmejcxaxkbhncsjpmbezdoochlhpw
0.82,-0.29,0.25,mvejmejcxaxkbhncsjpmbezdoochlhpw
1.16,-1.58,0.25,mvejmejcxaxkbhncsjpmbezdoochlhpw
0.87,0.61,0.25,mvejmejcxaxkbhncsjpmbezdoochlhpw
1.5,-1.88,0.25,mvejmejcxaxkbhncsjpmbezdoochlhpw
1.64,3.78,0.25,mvejmejcxaxkbhncsjpmbezdoochlhpw
1.81,-2.75,0.25,mvejmejcxaxkbhncsjpmbezdoochlhpw
1.16,-2.44,0.25,mvejmejcxaxkbhncsjpmbezdoochlhpw
0.72,-2.72,0.25,mvejmejcxaxkbhncsjpmbezdoochlhpw
0.15,1.17,0.25,mvejmejcxaxkbhncsjpmbezdoochlhpw
-0.01,1.89,0.25,mvejmejcxaxkbhncsjpmbezdoochlhpw
1.45,3.89,0.25,mvejmejcxaxkbhncsjpmbezdoochlhpw
-0.3,3.1,0.25,mvejmejcxaxkbhncsjpmbezdoochlhpw
1.94,-3.85,0.25,mvejmejcxaxkbhncsjpmbezdoochlhpw
0.33,3.88,0.25,mvejmejcxaxkbhncsjpmbezdoochlhpw
1.13,-3.23,0.25,mvejmejcxaxkbhncsjpmbezdoochlhpw
-0.18,-2.14,0.25,mvejmejcxaxkbhncsjpmbezdoochlhpw
0.84,2.75,0.25,mvejmejcxaxkbhncsjpmbezdoochlhpw
1.39,-0.36,0.25,mvejmejcxaxkbhncsjpmbezdoochlhpw
0.25,0.27,0.25,mvejmejcxaxkbhncsjpmbezdoochlhpw
0.38,3.54,0.25,mvejmejcxaxkbhncsjpmbezdoochlhpw
1.5,1.24,0.25,mvejmejcxaxkbhncsjpmbezdoochlhpw
-0.41,-0.11,0.25,mvejmejcxaxkbhncsjpmbezdoochlhpw
0.84,1.06,0.25,mvejmejcxaxkbhncsjpmbezdoochlhpw
1.51,0.5,0.25,mvejmejcxaxkbhncsjpmbezdoochlhpw
0.44,3.76,0.25,mvejmejcxaxkbhncsjpmbezdoochlhpw
1.71,0.49,0.25,mvejmejcxaxkbhncsjpmbezdoochlhpw
1.59,1.39,0.25,mvejmejcxaxkbhncsjpmbezdoochlhpw
1.85,0.77,0.25,mvejmejcxaxkbhncsjpmbezdoochlhpw
0.06,1.99,0.25,mvejmejcxaxkbhncsjpmbezdoochlhpw
1.33,2.6,0.25,mvejmejcxaxkbhncsjpmbezdoochlhpw
0.15,1.55,0.25,mvejmejcxaxkbhncsjpmbezdoochlhpw
0.31,-1.51,0.25,mvejmejcxaxkbhncsjpmbezdoochlhpw
-0.09,1.86,0.25,mvejmejcxaxkbhncsjpmbezdoochlhpw
0.91,1.49,0.25,mvejmejcxaxkbhncsjpmbezdoochlhpw
1.19,-1.34,0.25,mvejmejcxaxkbhncsjpmbezdoochlhpw
0.61,-3.89,0.25,mvejmejcxaxkbhncsjpmbezdoochlhpw
0.95,0.7,0.25,mvejmejcxaxkbhncsjpmbezdoochlhpw
0.61,0.87,0.25,mvejmejcxaxkbhncsjpmbezdoochlhpw
1.8,0.79,0.25,mvejmejcxaxkbhncsjpmbezdoochlhpw
1.47,-0.74,0.25,mvejmejcxaxkbhncsjpmbezdoochlhpw
0.31,-3.62,0.25,mvejmejcxaxkbhncsjpmbezdoochlhpw
1.66,1.07,0.25,mvejmejcxaxkbhncsjpmbezdoochlhpw
1.88,3.43,0.25,mvejmejcxaxkbhncsjpmbezdoochlhpw
0.26,-1.75,0.25,mvejmejcxaxkbhncsjpmbezdoochlhpw
-0.36,-1.52,0.25,mvejmejcxaxkbhncsjpmbezdoochlhpw
-0.46,1.27,0.25,mvejmejcxaxkbhncsjpmbezdoochlhpw
1,2.3,0.25,mvejmejcxaxkbhncsjpmbezdoochlhpw
0.05,2.95,0.25,mvejmejcxaxkbhncsjpmbezdoochlhpw
1.94,-0.72,0.25,mvejmejcxaxkbhncsjpmbezdoochlhpw
1.62,-0.28,0.25,mvejmejcxaxkbhncsjpmbezdoochlhpw
1.19,3.12,0.25,mvejmejcxaxkbhncsjpmbezdoochlhpw
0.2,3.97,0.25,mvejmejcxaxkbhncsjpmbezdoochlhpw
1.08,-2.05,0.25,mvejmejcxaxkbhncsjpmbezdoochlhpw
0.92,-2.18,0.25,mvejmejcxaxkbhncsjpmbezdoochlhpw
0,3.36,0.25,mvejmejcxaxkbhncsjpmbezdoochlhpw
1.08,0.23,0.25,mvejmejcxaxkbhncsjpmbezdoochlhpw
-0.46,1.55,0.25,mvejmejcxaxkbhncsjpmbezdoochlhpw
0.83,0.81,0.25,mvejmejcxaxkbhncsjpmbezdoochlhpw
1.4,-2.02,0.25,mvejmejcxaxkbhncsjpmbezdoochlhpw
1.81,-1.04,0.25,mvejmejcxaxkbhncsjpmbezdoochlhpw
0.29,2.82,0.25,mvejmejcxaxkbhncsjpmbezdoochlhpw
-0.13,-2.43,0.25,mvejmejcxaxkbhncsjpmbezdoochlhpw
1.21,0.47,0.25,mvejmejcxaxkbhncsjpmbezdoochlhpw
-0.29,1.19,0.25,mvejmejcxaxkbhncsjpmbezdoochlhpw
1.67,1.26,0.25,mvejmejcxaxkbhncsjpmbezdoochlhpw
1.7,0.53,0.25,mvejmejcxaxkbhncsjpmbezdoochlhpw
0.42,0.68,0.25,mvejmejcxaxkbhncsjpmbezdoochlhpw
1.34,-0.2,0.25,mvejmejcxaxkbhncsjpmbezdoochlhpw
1.26,-0.76,0.25,mvejmejcxaxkbhncsjpmbezdoochlhpw
0.16,3.13,0.25,mvejmejcxaxkbhncsjpmbezdoochlhpw
-0.24,2.29,0.25,mvejmejcxaxkbhncsjpmbezdoochlhpw
0.32,3.98,0.25,mvejmejcxaxkbhncsjpmbezdoochlhpw
0.79,1.62,0.25,mvejmejcxaxkbhncsjpmbezdoochlhpw
1.96,-3.28,0.25,mvejmejcxaxkbhncsjpmbezdoochlhpw
-0.4,-1.38,0.25,mvejmejcxaxkbhncsjpmbezdoochlhpw
0.84,-1.07,0.25,mvejmejcxaxkbhncsjpmbezdoochlhpw
0.95,-0.42,0.25,mvejmejcxaxkbhncsjpmbezdoochlhpw
0.26,-1.69,0.25,mvejmejcxaxkbhncsjpmbezdoochlhpw
0.13,2.87,0.25,mvejmejcxaxkbhncsjpmbezdoochlhpw
1.23,-2.34,0.25,mvejmejcxaxkbhncsjpmbezdoochlhpw
0.37,-0.52,0.25,mvejmejcxaxkbhncsjpmbezdoochlhpw
-0.36,-3.5,0.25,mvejmejcxaxkbhncsjpmbezdoochlhpw
1.58,-3.38,0.25,mvejmejcxaxkbhncsjpmbezdoochlhpw
0.89,-1.7,0.25,mvejmejcxaxkbhncsjpmbezdoochlhpw
0.37,3.34,0.25,mvejmejcxaxkbhncsjpmbezdoochlhpw
0.04,0.77,0.25,mvejmejcxaxkbhncsjpmbezdoochlhpw
0.79,-0.52,0.25,mvejmejcxaxkbhncsjpmbezdoochlhpw
1.39,1.39,0.25,mvejmejcxaxkbhncsjpmbezdoochlhpw
1.3,2.45,0.25,mvejmejcxaxkbhncsjpmbezdoochlhpw
0.63,-1.97,0.25,mvejmejcxaxkbhncsjpmbezdoochlhpw
1.64,2.66,0.25,mvejmejcxaxkbhncsjpmbezdoochlhpw
1.91,-3.41,0.25,mvejmejcxaxkbhncsjpmbezdoochlhpw
0.11,-3.77,0.25,mvejmejcxaxkbhncsjpmbezdoochlhpw
-0.48,-1.73,0.25,mvejmejcxaxkbhncsjpmbezdoochlhpw
0.29,3.93,0.25,mvejmejcxaxkbhncsjpmbezdoochlhpw
0.97,-3.77,0.25,mvejmejcxaxkbhncsjpmbezdoochlhpw
1.37,0.06,0.25,mvejmejcxaxkbhncsjpmbezdoochlhpw
1.16,1.52,0.25,mvejmejcxaxkbhncsjpmbezdoochlhpw
0.64,0.78,0.25,mvejmejcxaxkbhncsjpmbezdoochlhpw
0.76,1.59,0.25,mvejmejcxaxkbhncsjpmbezdoochlhpw
-0.36,-2.83,0.25,mvejmejcxaxkbhncsjpmbezdoochlhpw
1.74,-2.62,0.25,mvejmejcxaxkbhncsjpmbezdoochlhpw
1.12,-3.56,0.25,mvejmejcxaxkbhncsjpmbezdoochlhpw
0.96,-0.17,0.25,mvejmejcxaxkbhncsjpmbezdoochlhpw
1.94,0.04,0.25,mvejmejcxaxkbhncsjpmbezdoochlhpw
0.44,3,0.25,mvejmejcxaxkbhncsjpmbezdoochlhpw
1.72,-0.38,0.25,mvejmejcxaxkbhncsjpmbezdoochlhpw
0.68,0.5,0.25,mvejmejcxaxkbhncsjpmbezdoochlhpw
0.55,0.23,0.25,mvejmejcxaxkbhncsjpmbezdoochlhpw
-0.36,-2.63,0.25,mvejmejcxaxkbhncsjpmbezdoochlhpw
0.85,-0.81,0.25,mvejmejcxaxkbhncsjpmbezdoochlhpw
1.29,-1.34,0.25,mvejmejcxaxkbhncsjpmbezdoochlhpw
-0.01,-3.53,0.25,mvejmejcxaxkbhncsjpmbezdoochlhpw
1.54,-1.51,0.25,mvejmejcxaxkbhncsjpmbezdoochlhpw
0.64,-3.18,0.25,mvejmejcxaxkbhncsjpmbezdoochlhpw
1,-3.3,0.25,mvejmejcxaxkbhncsjpmbezdoochlhpw
1.05,0.86,0.25,mvejmejcxaxkbhncsjpmbezdoochlhpw
1.69,1.87,0.25,mvejmejcxaxkbhncsjpmbezdoochlhpw
-0.43,1.03,0.25,mvejmejcxaxkbhncsjpmbezdoochlhpw
0.13,-1.1,0.25,mvejmejcxaxkbhncsjpmbezdoochlhpw
-0.01,2.68,0.25,mvejmejcxaxkbhncsjpmbezdoochlhpw
0.39,-3.34,0.25,mvejmejcxaxkbhncsjpmbezdoochlhpw
1.64,0.51,0.25,mvejmejcxaxkbhncsjpmbezdoochlhpw
-0.33,-0.05,0.25,mvejmejcxaxkbhncsjpmbezdoochlhpw
1.61,1.73,0.25,mvejmejcxaxkbhncsjpmbezdoochlhpw
0.59,0.42,0.25,mvejmejcxaxkbhncsjpmbezdoochlhpw
-0.16,3.77,0.25,mvejmejcxaxkbhncsjpmbezdoochlhpw
-0.44,-1.34,0.25,mvejmejcxaxkbhncsjpmbezdoochlhpw
1,-3.49,0.25,mvejmejcxaxkbhncsjpmbezdoochlhpw
1.18,0.26,0.25,mvejmejcxaxkbhncsjpmbezdoochlhpw
0.47,1.5,0.25,mvejmejcxaxkbhncsjpmbezdoochlhpw
-0.02,1.84,0.25,mvejmejcxaxkbhncsjpmbezdoochlhpw
1.21,-0.78,0.25,mvejmejcxaxkbhncsjpmbezdoochlhpw
1.1,-2.05,0.25,mvejmejcxaxkbhncsjpmbezdoochlhpw
1.71,0.51,0.25,mvejmejcxaxkbhncsjpmbezdoochlhpw
1.34,3.09,0.25,mvejmejcxaxkbhncsjpmbezdoochlhpw
1.63,-3.2,0.25,mvejmejcxaxkbhncsjpmbezdoochlhpw
0.86,1.59,0.25,mvejmejcxaxkbhncsjpmbezdoochlhpw
1.9,-3.95,0.25,mvejmejcxaxkbhncsjpmbezdoochlhpw
-0.48,-3.94,0.25,mvejmejcxaxkbhncsjpmbezdoochlhpw
1.84,-0.72,0.25,mvejmejcxaxkbhncsjpmbezdoochlhpw
1.09,2.67,0.25,mvejmejcxaxkbhncsjpmbezdoochlhpw
0.41,0.71,0.25,mvejmejcxaxkbhncsjpmbezdoochlhpw
0.73,1.82,0.25,mvejmejcxaxkbhncsjpmbezdoochlhpw
1.21,-0.66,0.25,mvejmejcxaxkbhncsjpmbezdoochlhpw
-0.46,3.24,0.25,mvejmejcxaxkbhncsjpmbezdoochlhpw
1.56,2.22,0.25,mvejmejcxaxkbhncsjpmbezdoochlhpw
1.77,0.53,0.25,mvejmejcxaxkbhncsjpmbezdoochlhpw
0.5,-2.38,0.25,mvejmejcxaxkbhncsjpmbezdoochlhpw
1.06,0.77,0.25,mvejmejcxaxkbhncsjpmbezdoochlhpw
1.35,1.2,0.25,mvejmejcxaxkbhncsjpmbezdoochlhpw
0.58,3.83,0.25,mvejmejcxaxkbhncsjpmbezdoochlhpw
-0.24,0.8,0.25,mvejmejcxaxkbhncsjpmbezdoochlhpw
1.24,3.7,0.25,mvejmejcxaxkbhncsjpmbezdoochlhpw
1.6,2.54,0.25,mvejmejcxaxkbhncsjpmbezdoochlhpw
0.18,1.24,0.25,mvejmejcxaxkbhncsjpmbezdoochlhpw
0.65,2.66,0.25,mvejmejcxaxkbhncsjpmbezdoochlhpw
0.94,-0.72,0.25,mvejmejcxaxkbhncsjpmbezdoochlhpw
0.41,-0.27,0.25,mvejmejcxaxkbhncsjpmbezdoochlhpw
1.34,2.49,0.25,mvejmejcxaxkbhncsjpmbezdoochlhpw
0.49,1.38,0.25,mvejmejcxaxkbhncsjpmbezdoochlhpw
-0.47,2.59,0.25,mvejmejcxaxkbhncsjpmbezdoochlhpw
-0.36,-3.41,0.25,mvejmejcxaxkbhncsjpmbezdoochlhpw
-0.46,1.55,0.25,mvejmejcxaxkbhncsjpmbezdoochlhpw
0.69,-3.4,0.25,mvejmejcxaxkbhncsjpmbezdoochlhpw
1.37,-0.5,0.25,mvejmejcxaxkbhncsjpmbezdoochlhpw
1.32,-0.69,0.25,mvejmejcxaxkbhncsjpmbezdoochlhpw
1.93,-1.76,0.25,mvejmejcxaxkbhncsjpmbezdoochlhpw
0.21,-3.87,0.25,mvejmejcxaxkbhncsjpmbezdoochlhpw
0.78,-0.07,0.25,mvejmejcxaxkbhncsjpmbezdoochlhpw
1.31,-2.59,0.25,mvejmejcxaxkbhncsjpmbezdoochlhpw
1.81,-1.13,0.25,mvejmejcxaxkbhncsjpmbezdoochlhpw
0.33,2.89,0.25,mvejmejcxaxkbhncsjpmbezdoochlhpw
0.08,3.96,0.25,mvejmejcxaxkbhncsjpmbezdoochlhpw
-0.01,-3.59,0.25,mvejmejcxaxkbhncsjpmbezdoochlhpw
0.08,-3.6,0.25,mvejmejcxaxkbhncsjpmbezdoochlhpw
1.78,3.31,0.25,mvejmejcxaxkbhncsjpmbezdoochlhpw
1,-1.59,0.25,mvejmejcxaxkbhncsjpmbezdoochlhpw
0.93,3.72,0.25,mvejmejcxaxkbhncsjpmbezdoochlhpw
0.1,-1.55,0.25,mvejmejcxaxkbhncsjpmbezdoochlhpw
0.56,-0.33,0.25,mvejmejcxaxkbhncsjpmbezdoochlhpw
-0.5,2.77,0.25,mvejmejcxaxkbhncsjpmbezdoochlhpw
1.02,0.3,0.25,mvejmejcxaxkbhncsjpmbezdoochlhpw
0.78,-3.11,0.25,mvejmejcxaxkbhncsjpmbezdoochlhpw
1.25,-0.72,0.25,mvejmejcxaxkbhncsjpmbezdoochlhpw
0.87,3.38,0.25,mvejmejcxaxkbhncsjpmbezdoochlhpw
0.27,3.22,0.25,mvejmejcxaxkbhncsjpmbezdoochlhpw
1.31,-3.09,0.25,mvejmejcxaxkbhncsjpmbezdoochlhpw
0.98,3.56,0.25,mvejmejcxaxkbhncsjpmbezdoochlhpw
0.75,-2.93,0.25,mvejmejcxaxkbhncsjpmbezdoochlhpw
-0.26,3.66,0.25,mvejmejcxaxkbhncsjpmbezdoochlhpw
1.12,-0.08,0.25,mvejmejcxaxkbhncsjpmbezdoochlhpw
1.98,1.04,0.25,mvejmejcxaxkbhncsjpmbezdoochlhpw
1.98,-3.55,0.25,mvejmejcxaxkbhncsjpmbezdoochlhpw
0.15,2.4,0.25,mvejmejcxaxkbhncsjpmbezdoochlhpw
1.12,3.3,0.25,mvejmejcxaxkbhncsjpmbezdoochlhpw
1.15,-0.16,0.25,mvejmejcxaxkbhncsjpmbezdoochlhpw
1.87,-1.39,0.25,mvejmejcxaxkbhncsjpmbezdoochlhpw
-0.49,-3.31,0.25,mvejmejcxaxkbhncsjpmbezdoochlhpw
-0.02,-2,0.25,mvejmejcxaxkbhncsjpmbezdoochlhpw
0.2,0.84,0.25,mvejmejcxaxkbhncsjpmbezdoochlhpw
0.15,3.07,0.25,mvejmejcxaxkbhncsjpmbezdoochlhpw
-0.45,-1.72,0.25,mvejmejcxaxkbhncsjpmbezdoochlhpw
-0.42,2.82,0.25,mvejmejcxaxkbhncsjpmbezdoochlhpw
1.67,3.65,0.25,mvejmejcxaxkbhncsjpmbezdoochlhpw
0.54,1.16,0.25,mvejmejcxaxkbhncsjpmbezdoochlhpw
1.62,3.52,0.25,mvejmejcxaxkbhncsjpmbezdoochlhpw
1.45,-2.25,0.25,mvejmejcxaxkbhncsjpmbezdoochlhpw
0.47,1.68,0.25,mvejmejcxaxkbhncsjpmbezdoochlhpw
1.84,-1.14,0.25,mvejmejcxaxkbhncsjpmbezdoochlhpw
0.56,1.29,0.25,mvejmejcxaxkbhncsjpmbezdoochlhpw
1.69,-3.45,0.25,mvejmejcxaxkbhncsjpmbezdoochlhpw
1.39,0.52,0.25,mvejmejcxaxkbhncsjpmbezdoochlhpw
0.94,1.14,0.25,mvejmejcxaxkbhncsjpmbezdoochlhpw
-0.3,-1.7,0.25,mvejmejcxaxkbhncsjpmbezdoochlhpw
-0.3,3.11,0.25,mvejmejcxaxkbhncsjpmbezdoochlhpw
1.32,-3.47,0.25,mvejmejcxaxkbhncsjpmbezdoochlhpw
-0.09,1.67,0.25,mvejmejcxaxkbhncsjpmbezdoochlhpw
1.4,3.22,0.25,mvejmejcxaxkbhncsjpmbezdoochlhpw
1.3,0.59,0.25,mvejmejcxaxkbhncsjpmbezdoochlhpw
1.64,1.21,0.25,mvejmejcxaxkbhncsjpmbezdoochlhpw
1.91,2.03,0.25,mvejmejcxaxkbhncsjpmbezdoochlhpw
0.97,-2.3,0.25,mvejmejcxaxkbhncsjpmbezdoochlhpw
1.67,-3.73,0.25,mvejmejcxaxkbhncsjpmbezdoochlhpw
1.06,0.4,0.25,mvejmejcxaxkbhncsjpmbezdoochlhpw
1.22,-1.49,0.25,mvejmejcxaxkbhncsjpmbezdoochlhpw
0.04,3.05,0.25,mvejmejcxaxkbhncsjpmbezdoochlhpw
0.77,-0.64,0.25,mvejmejcxaxkbhncsjpmbezdoochlhpw
0.77,-1.77,0.25,mvejmejcxaxkbhncsjpmbezdoochlhpw
0.66,-1.87,0.25,mvejmejcxaxkbhncsjpmbezdoochlhpw
-0.03,1.17,0.25,mvejmejcxaxkbhncsjpmbezdoochlhpw
1.7,-3.78,0.25,mvejmejcxaxkbhncsjpmbezdoochlhpw
-0.12,-0.23,0.25,mvejmejcxaxkbhncsjpmbezdoochlhpw
0.51,-0.53,0.25,mvejmejcxaxkbhncsjpmbezdoochlhpw
0.72,-3.76,0.25,mvejmejcxaxkbhncsjpmbezdoochlhpw
-0.5,-3.68,0.25,mvejmejcxaxkbhncsjpmbezdoochlhpw
0.93,3.34,0.25,mvejmejcxaxkbhncsjpmbezdoochlhpw
0.56,-1.8,0.25,mvejmejcxaxkbhncsjpmbezdoochlhpw
0.67,-0.58,0.25,mvejmejcxaxkbhncsjpmbezdoochlhpw
0.85,2.44,0.25,mvejmejcxaxkbhncsjpmbezdoochlhpw
1.45,0.91,0.25,mvejmejcxaxkbhncsjpmbezdoochlhpw
0.13,-0.79,0.25,mvejmejcxaxkbhncsjpmbezdoochlhpw
-0.45,-2.29,0.25,mvejmejcxaxkbhncsjpmbezdoochlhpw
0.93,-3.17,0.25,mvejmejcxaxkbhncsjpmbezdoochlhpw
1.11,0.35,0.25,mvejmejcxaxkbhncsjpmbezdoochlhpw
-0.28,1.89,0.25,mvejmejcxaxkbhncsjpmbezdoochlhpw
1.52,4,0.25,mvejmejcxaxkbhncsjpmbezdoochlhpw
1.41,2.54,0.25,mvejmejcxaxkbhncsjpmbezdoochlhpw
0.18,3.44,0.25,mvejmejcxaxkbhncsjpmbezdoochlhpw
-0.38,-2.33,0.25,mvejmejcxaxkbhncsjpmbezdoochlhpw
-0.43,-2.72,0.25,mvejmejcxaxkbhncsjpmbezdoochlhpw
1.1,-2.14,0.25,mvejmejcxaxkbhncsjpmbezdoochlhpw
1.54,-3.45,0.25,mvejmejcxaxkbhncsjpmbezdoochlhpw
0.92,-3.9,0.25,mvejmejcxaxkbhncsjpmbezdoochlhpw
-0.13,0.15,0.25,mvejmejcxaxkbhncsjpmbezdoochlhpw
0.14,3.27,0.25,mvejmejcxaxkbhncsjpmbezdoochlhpw
1.39,-1.69,0.25,mvejmejcxaxkbhncsjpmbezdoochlhpw
-0.33,-2.79,0.25,mvejmejcxaxkbhncsjpmbezdoochlhpw
1.81,3.56,0.25,mvejmejcxaxkbhncsjpmbezdoochlhpw
-0.24,-1.5,0.25,mvejmejcxaxkbhncsjpmbezdoochlhpw
-0.11,1.33,0.25,mvejmejcxaxkbhncsjpmbezdoochlhpw
-0.36,3.62,0.25,mvejmejcxaxkbhncsjpmbezdoochlhpw
0.94,2.26,0.25,mvejmejcxaxkbhncsjpmbezdoochlhpw
0.15,2.38,0.25,mvejmejcxaxkbhncsjpmbezdoochlhpw
0.21,-2.95,0.25,mvejmejcxaxkbhncsjpmbezdoochlhpw
-0.26,-2.44,0.25,mvejmejcxaxkbhncsjpmbezdoochlhpw
1.61,-3.23,0.25,mvejmejcxaxkbhncsjpmbezdoochlhpw
1.37,2.02,0.25,mvejmejcxaxkbhncsjpmbezdoochlhpw
1.8,-3.15,0.25,mvejmejcxaxkbhncsjpmbezdoochlhpw
0.7,2.28,0.25,mvejmejcxaxkbhncsjpmbezdoochlhpw
-0.38,-2.25,0.25,mvejmejcxaxkbhncsjpmbezdoochlhpw
-0.09,1.41,0.25,mvejmejcxaxkbhncsjpmbezdoochlhpw
0.08,1.35,0.25,mvejmejcxaxkbhncsjpmbezdoochlhpw
-0.18,1.61,0.25,mvejmejcxaxkbhncsjpmbezdoochlhpw
-0.47,-2.87,0.25,mvejmejcxaxkbhncsjpmbezdoochlhpw
-0.17,-2.91,0.25,mvejmejcxaxkbhncsjpmbezdoochlhpw
1.45,0.12,0.25,mvejmejcxaxkbhncsjpmbezdoochlhpw
1.48,2.11,0.25,mvejmejcxaxkbhncsjpmbezdoochlhpw
0.16,-1.42,0.25,mvejmejcxaxkbhncsjpmbezdoochlhpw
0.27,-2.38,0.25,mvejmejcxaxkbhncsjpmbezdoochlhpw
0.72,1.06,0.25,mvejmejcxaxkbhncsjpmbezdoochlhpw
0.98,-3.63,0.25,mvejmejcxaxkbhncsjpmbezdoochlhpw
0.68,-1.1,0.25,mvejmejcxaxkbhncsjpmbezdoochlhpw
0.88,-0.89,0.25,mvejmejcxaxkbhncsjpmbezdoochlhpw
-0.35,-1.66,0.25,mvejmejcxaxkbhncsjpmbezdoochlhpw
1.84,-3.06,0.25,mvejmejcxaxkbhncsjpmbezdoochlhpw
-0.09,1.45,0.25,mvejmejcxaxkbhncsjpmbezdoochlhpw
0.72,-1.95,0.25,mvejmejcxaxkbhncsjpmbezdoochlhpw
-0.35,-2.74,0.25,mvejmejcxaxkbhncsjpmbezdoochlhpw
1.63,3.78,0.25,mvejmejcxaxkbhncsjpmbezdoochlhpw
1.41,-3.05,0.25,mvejmejcxaxkbhncsjpmbezdoochlhpw
1.32,-0.46,0.25,mvejmejcxaxkbhncsjpmbezdoochlhpw
0.32,3.53,0.25,mvejmejcxaxkbhncsjpmbezdoochlhpw
0.9,-2.73,0.25,mvejmejcxaxkbhncsjpmbezdoochlhpw
0.74,1.84,0.25,mvejmejcxaxkbhncsjpmbezdoochlhpw
1.93,0.88,0.25,mvejmejcxaxkbhncsjpmbezdoochlhpw
-0.34,-2.97,0.25,mvejmejcxaxkbhncsjpmbezdoochlhpw
0.75,-2.25,0.25,mvejmejcxaxkbhncsjpmbezdoochlhpw
1.98,-0.85,0.25,mvejmejcxaxkbhncsjpmbezdoochlhpw
0.6,-2.98,0.25,mvejmejcxaxkbhncsjpmbezdoochlhpw
1.08,-2.1,0.25,mvejmejcxaxkbhncsjpmbezdoochlhpw
-0.27,3.37,0.25,mvejmejcxaxkbhncsjpmbezdoochlhpw
0.35,2.26,0.25,mvejmejcxaxkbhncsjpmbezdoochlhpw
1.9,-2.69,0.25,mvejmejcxaxkbhncsjpmbezdoochlhpw
0.78,-1.54,0.25,mvejmejcxaxkbhncsjpmbezdoochlhpw
0.46,0.62,0.25,mvejmejcxaxkbhncsjpmbezdoochlhpw
1.06,-0.58,0.25,mvejmejcxaxkbhncsjpmbezdoochlhpw
0.17,2.8,0.25,mvejmejcxaxkbhncsjpmbezdoochlhpw
1.57,-3.75,0.25,mvejmejcxaxkbhncsjpmbezdoochlhpw
1.15,1.2,0.25,mvejmejcxaxkbhncsjpmbezdoochlhpw
1.72,1.96,0.25,mvejmejcxaxkbhncsjpmbezdoochlhpw
0.66,-3.56,0.25,mvejmejcxaxkbhncsjpmbezdoochlhpw
1.37,-2.14,0.25,mvejmejcxaxkbhncsjpmbezdoochlhpw
1.8,-0.01,0.25,mvejmejcxaxkbhncsjpmbezdoochlhpw
1.98,2.39,0.25,mvejmejcxaxkbhncsjpmbezdoochlhpw
-0.46,-3.94,0.25,mvejmejcxaxkbhncsjpmbezdoochlhpw
1.61,-1.18,0.25,mvejmejcxaxkbhncsjpmbezdoochlhpw
1.03,0.18,0.25,mvejmejcxaxkbhncsjpmbezdoochlhpw
0.59,-0.07,0.25,mvejmejcxaxkbhncsjpmbezdoochlhpw
1.9,0.62,0.25,mvejmejcxaxkbhncsjpmbezdoochlhpw
-0.13,4,0.25,mvejmejcxaxkbhncsjpmbezdoochlhpw
1.68,-2.94,0.25,mvejmejcxaxkbhncsjpmbezdoochlhpw
1.11,-3.81,0.25,mvejmejcxaxkbhncsjpmbezdoochlhpw
1.19,-3.7,0.25,mvejmejcxaxkbhncsjpmbezdoochlhpw
1.71,-1.25,0.25,mvejmejcxaxkbhncsjpmbezdoochlhpw
0.56,-1.53,0.25,mvejmejcxaxkbhncsjpmbezdoochlhpw
1.61,-1.62,0.25,mvejmejcxaxkbhncsjpmbezdoochlhpw
1.47,-1.31,0.25,mvejmejcxaxkbhncsjpmbezdoochlhpw
0.17,2.42,0.25,mvejmejcxaxkbhncsjpmbezdoochlhpw
1.09,2.03,0.25,mvejmejcxaxkbhncsjpmbezdoochlhpw
0.6,-1.78,0.25,mvejmejcxaxkbhncsjpmbezdoochlhpw
1.52,0.86,0.25,mvejmejcxaxkbhncsjpmbezdoochlhpw
1.4,2.22,0.25,mvejmejcxaxkbhncsjpmbezdoochlhpw
1.11,0.81,0.25,mvejmejcxaxkbhncsjpmbezdoochlhpw
1.06,-3.14,0.25,mvejmejcxaxkbhncsjpmbezdoochlhpw
0.54,-2.93,0.25,mvejmejcxaxkbhncsjpmbezdoochlhpw
1.66,0.03,0.25,mvejmejcxaxkbhncsjpmbezdoochlhpw
-0.09,0.81,0.25,mvejmejcxaxkbhncsjpmbezdoochlhpw
1.8,-0.33,0.25,mvejmejcxaxkbhncsjpmbezdoochlhpw
1.69,-1.75,0.25,mvejmejcxaxkbhncsjpmbezdoochlhpw
1.71,2.97,0.25,mvejmejcxaxkbhncsjpmbezdoochlhpw
2,3.93,0.25,mvejmejcxaxkbhncsjpmbezdoochlhpw
1.46,-1.32,0.25,mvejmejcxaxkbhncsjpmbezdoochlhpw
0.81,2.71,0.25,mvejmejcxaxkbhncsjpmbezdoochlhpw
0.26,0.36,0.25,mvejmejcxaxkbhncsjpmbezdoochlhpw
0.86,-0.42,0.25,mvejmejcxaxkbhncsjpmbezdoochlhpw
-0.45,-3.57,0.25,mvejmejcxaxkbhncsjpmbezdoochlhpw
0.18,2.55,0.25,mvejmejcxaxkbhncsjpmbezdoochlhpw
1.57,2.98,0.25,mvejmejcxaxkbhncsjpmbezdoochlhpw
-0.18,2.08,0.25,mvejmejcxaxkbhncsjpmbezdoochlhpw
-0.49,3.48,0.25,mvejmejcxaxkbhncsjpmbezdoochlhpw
1.67,-1.74,0.25,mvejmejcxaxkbhncsjpmbezdoochlhpw
1.05,-3.58,0.25,mvejmejcxaxkbhncsjpmbezdoochlhpw
1.95,1.72,0.25,mvejmejcxaxkbhncsjpmbezdoochlhpw
-0.34,-2.2,0.25,mvejmejcxaxkbhncsjpmbezdoochlhpw
0.72,1.08,0.25,mvejmejcxaxkbhncsjpmbezdoochlhpw
1.72,-3.22,0.25,mvejmejcxaxkbhncsjpmbezdoochlhpw
-0.33,-1.34,0.25,mvejmejcxaxkbhncsjpmbezdoochlhpw
0.97,-0.72,0.25,mvejmejcxaxkbhncsjpmbezdoochlhpw
0.16,0.97,0.25,mvejmejcxaxkbhncsjpmbezdoochlhpw
1.52,1.86,0.25,mvejmejcxaxkbhncsjpmbezdoochlhpw
0.1,-2.9,0.25,mvejmejcxaxkbhncsjpmbezdoochlhpw
0.48,1.44,0.25,mvejmejcxaxkbhncsjpmbezdoochlhpw
0.07,-3.67,0.25,mvejmejcxaxkbhncsjpmbezdoochlhpw
0.9,-2.9,0.25,mvejmejcxaxkbhncsjpmbezdoochlhpw
-0.22,1.59,0.25,mvejmejcxaxkbhncsjpmbezdoochlhpw
0.51,0.26,0.25,mvejmejcxaxkbhncsjpmbezdoochlhpw
1.05,2.03,0.25,mvejmejcxaxkbhncsjpmbezdoochlhpw
0.93,-1.83,0.25,mvejmejcxaxkbhncsjpmbezdoochlhpw
1.41,-2.41,0.25,mvejmejcxaxkbhncsjpmbezdoochlhpw
0.41,-3.03,0.25,mvejmejcxaxkbhncsjpmbezdoochlhpw
0.3,2.82,0.25,mvejmejcxaxkbhncsjpmbezdoochlhpw
0.73,-3.04,0.25,mvejmejcxaxkbhncsjpmbezdoochlhpw
1.51,2.62,0.25,mvejmejcxaxkbhncsjpmbezdoochlhpw
-0.41,2.43,0.25,mvejmejcxaxkbhncsjpmbezdoochlhpw
-0.03,0.73,0.25,mvejmejcxaxkbhncsjpmbezdoochlhpw
1.74,3.33,0.25,mvejmejcxaxkbhncsjpmbezdoochlhpw
-0.42,1.25,0.25,mvejmejcxaxkbhncsjpmbezdoochlhpw
1.25,-1.7,0.25,mvejmejcxaxkbhncsjpmbezdoochlhpw
1.51,2.77,0.25,mvejmejcxaxkbhncsjpmbezdoochlhpw
0.28,-0.05,0.25,mvejmejcxaxkbhncsjpmbezdoochlhpw
1.56,0.63,0.25,mvejmejcxaxkbhncsjpmbezdoochlhpw
1.86,0.01,0.25,mvejmejcxaxkbhncsjpmbezdoochlhpw
0.89,-0.68,0.25,mvejmejcxaxkbhncsjpmbezdoochlhpw
0.58,2.38,0.25,mvejmejcxaxkbhncsjpmbezdoochlhpw
0.59,-1.77,0.25,mvejmejcxaxkbhncsjpmbezdoochlhpw
-0.21,-3.74,0.25,mvejmejcxaxkbhncsjpmbezdoochlhpw
1.83,1.94,0.25,mvejmejcxaxkbhncsjpmbezdoochlhpw
0.34,1.15,0.25,mvejmejcxaxkbhncsjpmbezdoochlhpw
0,1.76,0.25,mvejmejcxaxkbhncsjpmbezdoochlhpw
0.76,0.88,0.25,mvejmejcxaxkbhncsjpmbezdoochlhpw
1.14,-1.18,0.25,mvejmejcxaxkbhncsjpmbezdoochlhpw
1.28,-2.34,0.25,mvejmejcxaxkbhncsjpmbezdoochlhpw
1.6,1.63,0.25,mvejmejcxaxkbhncsjpmbezdoochlhpw
0.65,1.41,0.25,mvejmejcxaxkbhncsjpmbezdoochlhpw
1.4,-3.2,0.25,mvejmejcxaxkbhncsjpmbezdoochlhpw
1.42,-3.43,0.25,mvejmejcxaxkbhncsjpmbezdoochlhpw
1.85,1.92,0.25,mvejmejcxaxkbhncsjpmbezdoochlhpw
0.64,-2.61,0.25,mvejmejcxaxkbhncsjpmbezdoochlhpw
-0.43,-3.54,0.25,mvejmejcxaxkbhncsjpmbezdoochlhpw
-0.14,-2.48,0.25,mvejmejcxaxkbhncsjpmbezdoochlhpw
1.68,1.33,0.25,mvejmejcxaxkbhncsjpmbezdoochlhpw
0.59,2.08,0.25,mvejmejcxaxkbhncsjpmbezdoochlhpw
1.89,-0.3,0.25,mvejmejcxaxkbhncsjpmbezdoochlhpw
1.37,3.38,0.25,mvejmejcxaxkbhncsjpmbezdoochlhpw
0.15,3.04,0.25,mvejmejcxaxkbhncsjpmbezdoochlhpw
-0.44,3.7,0.25,mvejmejcxaxkbhncsjpmbezdoochlhpw
0.77,-2.14,0.25,mvejmejcxaxkbhncsjpmbezdoochlhpw
1.83,2.96,0.25,mvejmejcxaxkbhncsjpmbezdoochlhpw
1.63,-1.49,0.25,mvejmejcxaxkbhncsjpmbezdoochlhpw
0.13,-0.42,0.25,mvejmejcxaxkbhncsjpmbezdoochlhpw
0.12,-3.33,0.25,mvejmejcxaxkbhncsjpmbezdoochlhpw
0.8,-3.25,0.25,mvejmejcxaxkbhncsjpmbezdoochlhpw
0.64,-0.47,0.25,mvejmejcxaxkbhncsjpmbezdoochlhpw
0.47,0.09,0.25,mvejmejcxaxkbhncsjpmbezdoochlhpw
0.85,-3.93,0.25,mvejmejcxaxkbhncsjpmbezdoochlhpw
0.26,2.25,0.25,mvejmejcxaxkbhncsjpmbezdoochlhpw
0.79,-3.4,0.25,mvejmejcxaxkbhncsjpmbezdoochlhpw
0.54,-3.83,0.25,mvejmejcxaxkbhncsjpmbezdoochlhpw
1.51,-1.86,0.25,mvejmejcxaxkbhncsjpmbezdoochlhpw
1.4,-3.13,0.25,mvejmejcxaxkbhncsjpmbezdoochlhpw
0.87,3.79,0.25,mvejmejcxaxkbhncsjpmbezdoochlhpw
1.12,0.65,0.25,mvejmejcxaxkbhncsjpmbezdoochlhpw
-0.26,0.08,0.25,mvejmejcxaxkbhncsjpmbezdoochlhpw
1.66,-3.7,0.25,mvejmejcxaxkbhncsjpmbezdoochlhpw
0.48,0.74,0.25,mvejmejcxaxkbhncsjpmbezdoochlhpw
0.68,-1.15,0.25,mvejmejcxaxkbhncsjpmbezdoochlhpw
1.68,-1.76,0.25,mvejmejcxaxkbhncsjpmbezdoochlhpw
0.02,-3.33,0.25,mvejmejcxaxkbhncsjpmbezdoochlhpw
-0.27,-3.08,0.25,mvejmejcxaxkbhncsjpmbezdoochlhpw
1.24,0.92,0.25,mvejmejcxaxkbhncsjpmbezdoochlhpw
0.03,2.57,0.25,mvejmejcxaxkbhncsjpmbezdoochlhpw
-0.11,0.03,0.25,mvejmejcxaxkbhncsjpmbezdoochlhpw
1.58,-1.13,0.25,mvejmejcxaxkbhncsjpmbezdoochlhpw
0.6,3.9,0.25,mvejmejcxaxkbhncsjpmbezdoochlhpw
0.49,-3,0.25,mvejmejcxaxkbhncsjpmbezdoochlhpw
0.37,-3.26,0.25,mvejmejcxaxkbhncsjpmbezdoochlhpw
-0.08,-0.75,0.25,mvejmejcxaxkbhncsjpmbezdoochlhpw
1.74,3.95,0.25,mvejmejcxaxkbhncsjpmbezdoochlhpw
1.69,-0.58,0.25,mvejmejcxaxkbhncsjpmbezdoochlhpw
1.71,-2.47,0.25,mvejmejcxaxkbhncsjpmbezdoochlhpw
0.46,-0.98,0.25,mvejmejcxaxkbhncsjpmbezdoochlhpw
1.82,0.79,0.25,mvejmejcxaxkbhncsjpmbezdoochlhpw
1.38,-3.12,0.25,mvejmejcxaxkbhncsjpmbezdoochlhpw
1.34,-1.6,0.25,mvejmejcxaxkbhncsjpmbezdoochlhpw
1.97,0.35,0.25,mvejmejcxaxkbhncsjpmbezdoochlhpw
0.54,3.79,0.25,mvejmejcxaxkbhncsjpmbezdoochlhpw
1.95,0.98,0.25,mvejmejcxaxkbhncsjpmbezdoochlhpw
0.44,3.32,0.25,mvejmejcxaxkbhncsjpmbezdoochlhpw
1.08,3.62,0.25,mvejmejcxaxkbhncsjpmbezdoochlhpw
-0.03,0,0.25,mvejmejcxaxkbhncsjpmbezdoochlhpw
1.24,2.39,0.25,mvejmejcxaxkbhncsjpmbezdoochlhpw
-0.47,1.87,0.25,mvejmejcxaxkbhncsjpmbezdoochlhpw
1.12,-1.2,0.25,mvejmejcxaxkbhncsjpmbezdoochlhpw
1.13,-2.48,0.25,mvejmejcxaxkbhncsjpmbezdoochlhpw
1.27,2.46,0.25,mvejmejcxaxkbhncsjpmbezdoochlhpw
0.52,3.32,0.25,mvejmejcxaxkbhncsjpmbezdoochlhpw
0.9,-2.81,0.25,mvejmejcxaxkbhncsjpmbezdoochlhpw
1.61,-3.04,0.25,mvejmejcxaxkbhncsjpmbezdoochlhpw
0.51,0.26,0.25,mvejmejcxaxkbhncsjpmbezdoochlhpw
1.56,-2.33,0.25,mvejmejcxaxkbhncsjpmbezdoochlhpw
0.78,-2.01,0.25,mvejmejcxaxkbhncsjpmbezdoochlhpw
0.11,-2.07,0.25,mvejmejcxaxkbhncsjpmbezdoochlhpw
0.7,-0.14,0.25,mvejmejcxaxkbhncsjpmbezdoochlhpw
0.32,2.68,0.25,mvejmejcxaxkbhncsjpmbezdoochlhpw
1.14,2.4,0.25,mvejmejcxaxkbhncsjpmbezdoochlhpw
-0.28,0.49,0.25,mvejmejcxaxkbhncsjpmbezdoochlhpw
1.99,-1.91,0.25,mvejmejcxaxkbhncsjpmbezdoochlhpw
1.65,-1.32,0.25,mvejmejcxaxkbhncsjpmbezdoochlhpw
-0.14,-3.46,0.25,mvejmejcxaxkbhncsjpmbezdoochlhpw
1,0.37,0.25,mvejmejcxaxkbhncsjpmbezdoochlhpw
0.21,-1.81,0.25,mvejmejcxaxkbhncsjpmbezdoochlhpw
0.96,3.11,0.25,mvejmejcxaxkbhncsjpmbezdoochlhpw
1.37,1.52,0.25,mvejmejcxaxkbhncsjpmbezdoochlhpw
1.1,-1.35,0.25,mvejmejcxaxkbhncsjpmbezdoochlhpw
0.87,2.74,0.25,mvejmejcxaxkbhncsjpmbezdoochlhpw
1.7,-1.17,0.25,mvejmejcxaxkbhncsjpmbezdoochlhpw
0.72,1.73,0.25,mvejmejcxaxkbhncsjpmbezdoochlhpw
-0.46,-3.97,0.25,mvejmejcxaxkbhncsjpmbezdoochlhpw
-0.28,-1.99,0.25,mvejmejcxaxkbhncsjpmbezdoochlhpw
1.53,0.89,0.25,mvejmejcxaxkbhncsjpmbezdoochlhpw
0.88,-1.97,0.25,mvejmejcxaxkbhncsjpmbezdoochlhpw
0.71,-1.99,0.25,mvejmejcxaxkbhncsjpmbezdoochlhpw
1.59,-0.69,0.25,mvejmejcxaxkbhncsjpmbezdoochlhpw
1.49,1.44,0.25,mvejmejcxaxkbhncsjpmbezdoochlhpw
0.57,0.6,0.25,mvejmejcxaxkbhncsjpmbezdoochlhpw
1.71,-3.98,0.25,mvejmejcxaxkbhncsjpmbezdoochlhpw
-0.06,-2.77,0.25,mvejmejcxaxkbhncsjpmbezdoochlhpw
1.56,1.85,0.25,mvejmejcxaxkbhncsjpmbezdoochlhpw
0.05,-3.73,0.25,mvejmejcxaxkbhncsjpmbezdoochlhpw
0.71,-1.52,0.25,mvejmejcxaxkbhncsjpmbezdoochlhpw
-0.16,0.08,0.25,mvejmejcxaxkbhncsjpmbezdoochlhpw
1.35,2.91,0.25,mvejmejcxaxkbhncsjpmbezdoochlhpw
-0.03,-1.4,0.25,mvejmejcxaxkbhncsjpmbezdoochlhpw
0.12,0.18,0.25,mvejmejcxaxkbhncsjpmbezdoochlhpw
1.33,-3.75,0.25,mvejmejcxaxkbhncsjpmbezdoochlhpw
1.27,3.62,0.25,mvejmejcxaxkbhncsjpmbezdoochlhpw
0.74,0.49,0.25,mvejmejcxaxkbhncsjpmbezdoochlhpw
0.68,3.19,0.25,mvejmejcxaxkbhncsjpmbezdoochlhpw
0.26,-3.41,0.25,mvejmejcxaxkbhncsjpmbezdoochlhpw
1.92,2.3,0.25,mvejmejcxaxkbhncsjpmbezdoochlhpw
1.96,2.4,0.25,mvejmejcxaxkbhncsjpmbezdoochlhpw
0.99,0.09,0.25,mvejmejcxaxkbhncsjpmbezdoochlhpw
-0.12,-3.74,0.25,mvejmejcxaxkbhncsjpmbezdoochlhpw
1.11,-2.57,0.25,mvejmejcxaxkbhncsjpmbezdoochlhpw
0.13,-3.98,0.25,mvejmejcxaxkbhncsjpmbezdoochlhpw
1.81,-0.36,0.25,mvejmejcxaxkbhncsjpmbezdoochlhpw
-0.14,1.78,0.25,mvejmejcxaxkbhncsjpmbezdoochlhpw
-0.35,1.43,0.25,mvejmejcxaxkbhncsjpmbezdoochlhpw
1.86,3.01,0.25,mvejmejcxaxkbhncsjpmbezdoochlhpw
1.36,1.21,0.25,mvejmejcxaxkbhncsjpmbezdoochlhpw
-0.09,0.83,0.25,mvejmejcxaxkbhncsjpmbezdoochlhpw
0.2,-0.16,0.25,mvejmejcxaxkbhncsjpmbezdoochlhpw
1.44,-3.36,0.25,mvejmejcxaxkbhncsjpmbezdoochlhpw
0.33,-2.62,0.25,mvejmejcxaxkbhncsjpmbezdoochlhpw
0.56,-2.93,0.25,mvejmejcxaxkbhncsjpmbezdoochlhpw
0.65,-2.93,0.25,mvejmejcxaxkbhncsjpmbezdoochlhpw
1.4,0.49,0.25,mvejmejcxaxkbhncsjpmbezdoochlhpw
1.12,-3.03,0.25,mvejmejcxaxkbhncsjpmbezdoochlhpw
-0.03,-2.96,0.25,mvejmejcxaxkbhncsjpmbezdoochlhpw
0.16,-1.89,0.25,mvejmejcxaxkbhncsjpmbezdoochlhpw
-0.47,-1.77,0.25,mvejmejcxaxkbhncsjpmbezdoochlhpw
1.35,-2.16,0.25,mvejmejcxaxkbhncsjpmbezdoochlhpw
1.33,3.89,0.25,mvejmejcxaxkbhncsjpmbezdoochlhpw
1.27,-1.32,0.25,mvejmejcxaxkbhncsjpmbezdoochlhpw
1.87,2.58,0.25,mvejmejcxaxkbhncsjpmbezdoochlhpw
0.78,-2.01,0.25,mvejmejcxaxkbhncsjpmbezdoochlhpw
-0.25,-3.93,0.25,mvejmejcxaxkbhncsjpmbezdoochlhpw
0.67,-0.55,0.25,mvejmejcxaxkbhncsjpmbezdoochlhpw
0.76,3.02,0.25,mvejmejcxaxkbhncsjpmbezdoochlhpw
0.14,0.56,0.25,mvejmejcxaxkbhncsjpmbezdoochlhpw
-0.15,-2.98,0.25,mvejmejcxaxkbhncsjpmbezdoochlhpw
1.34,-1.27,0.25,mvejmejcxaxkbhncsjpmbezdoochlhpw
1.53,0.03,0.25,mvejmejcxaxkbhncsjpmbezdoochlhpw
0.98,1.18,0.25,mvejmejcxaxkbhncsjpmbezdoochlhpw
0.94,-3.03,0.25,mvejmejcxaxkbhncsjpmbezdoochlhpw
1.21,3.38,0.25,mvejmejcxaxkbhncsjpmbezdoochlhpw
-0.38,1.38,0.25,mvejmejcxaxkbhncsjpmbezdoochlhpw
1.57,-2.3,0.25,mvejmejcxaxkbhncsjpmbezdoochlhpw
0.17,-1.78,0.25,mvejmejcxaxkbhncsjpmbezdoochlhpw
0.28,-1.58,0.25,mvejmejcxaxkbhncsjpmbezdoochlhpw
-0.43,-2.09,0.25,mvejmejcxaxkbhncsjpmbezdoochlhpw
0.36,0.41,0.25,mvejmejcxaxkbhncsjpmbezdoochlhpw
1.28,3.96,0.25,mvejmejcxaxkbhncsjpmbezdoochlhpw
1.65,0.72,0.25,mvejmejcxaxkbhncsjpmbezdoochlhpw
0.92,1.49,0.25,mvejmejcxaxkbhncsjpmbezdoochlhpw
0.13,2.2,0.25,mvejmejcxaxkbhncsjpmbezdoochlhpw
-0.18,0.47,0.25,mvejmejcxaxkbhncsjpmbezdoochlhpw
-0.24,0.1,0.25,mvejmejcxaxkbhncsjpmbezdoochlhpw
1.61,-1.59,0.25,mvejmejcxaxkbhncsjpmbezdoochlhpw
0.21,3.39,0.25,mvejmejcxaxkbhncsjpmbezdoochlhpw
1.12,0.96,0.25,mvejmejcxaxkbhncsjpmbezdoochlhpw
0.56,-3.43,0.25,mvejmejcxaxkbhncsjpmbezdoochlhpw
-0.2,-1.29,0.25,mvejmejcxaxkbhncsjpmbezdoochlhpw
1.7,0,0.25,mvejmejcxaxkbhncsjpmbezdoochlhpw
1.93,1.44,0.25,mvejmejcxaxkbhncsjpmbezdoochlhpw
1.91,-3.22,0.25,mvejmejcxaxkbhncsjpmbezdoochlhpw
0.36,3.96,0.25,mvejmejcxaxkbhncsjpmbezdoochlhpw
1.93,-3.6,0.25,mvejmejcxaxkbhncsjpmbezdoochlhpw
-0.09,1.77,0.25,mvejmejcxaxkbhncsjpmbezdoochlhpw
0.31,0.23,0.25,mvejmejcxaxkbhncsjpmbezdoochlhpw
-0.01,-2.35,0.25,mvejmejcxaxkbhncsjpmbezdoochlhpw
1.85,3.12,0.25,mvejmejcxaxkbhncsjpmbezdoochlhpw
0.15,-1.91,0.25,mvejmejcxaxkbhncsjpmbezdoochlhpw
-0.39,-0.3,0.25,mvejmejcxaxkbhncsjpmbezdoochlhpw
-0.21,-0.37,0.25,mvejmejcxaxkbhncsjpmbezdoochlhpw
1.23,-0.77,0.25,mvejmejcxaxkbhncsjpmbezdoochlhpw
0.37,3.66,0.25,mvejmejcxaxkbhncsjpmbezdoochlhpw
0.26,-0.69,0.25,mvejmejcxaxkbhncsjpmbezdoochlhpw
-0.42,-1.93,0.25,mvejmejcxaxkbhncsjpmbezdoochlhpw
-0.45,-1.45,0.25,mvejmejcxaxkbhncsjpmbezdoochlhpw
1.32,0.46,0.25,mvejmejcxaxkbhncsjpmbezdoochlhpw
-0.32,3.28,0.25,mvejmejcxaxkbhncsjpmbezdoochlhpw
0.69,-1.68,0.25,mvejmejcxaxkbhncsjpmbezdoochlhpw
-0.29,-2.59,0.25,mvejmejcxaxkbhncsjpmbezdoochlhpw
0.06,1.33,0.25,mvejmejcxaxkbhncsjpmbezdoochlhpw
1.81,3.58,0.25,mvejmejcxaxkbhncsjpmbezdoochlhpw
-0.22,-0.6,0.25,mvejmejcxaxkbhncsjpmbezdoochlhpw
0.4,3.32,0.25,mvejmejcxaxkbhncsjpmbezdoochlhpw
1.22,0.72,0.25,mvejmejcxaxkbhncsjpmbezdoochlhpw
-0.33,3.08,0.25,mvejmejcxaxkbhncsjpmbezdoochlhpw
-0.44,-0.23,0.25,mvejmejcxaxkbhncsjpmbezdoochlhpw
0.5,3.16,0.25,mvejmejcxaxkbhncsjpmbezdoochlhpw
1.24,-0.81,0.25,mvejmejcxaxkbhncsjpmbezdoochlhpw
1.53,0.51,0.25,mvejmejcxaxkbhncsjpmbezdoochlhpw
-0.41,3.59,0.25,mvejmejcxaxkbhncsjpmbezdoochlhpw
1,-0.18,0.25,mvejmejcxaxkbhncsjpmbezdoochlhpw
1.08,-2.38,0.25,mvejmejcxaxkbhncsjpmbezdoochlhpw
-0.2,2.28,0.25,mvejmejcxaxkbhncsjpmbezdoochlhpw
0.27,0.6,0.25,mvejmejcxaxkbhncsjpmbezdoochlhpw
0.96,-1.05,0.25,mvejmejcxaxkbhncsjpmbezdoochlhpw
1.81,1.78,0.25,mvejmejcxaxkbhncsjpmbezdoochlhpw
-0.09,0.16,0.25,mvejmejcxaxkbhncsjpmbezdoochlhpw
0.99,-0.08,0.25,mvejmejcxaxkbhncsjpmbezdoochlhpw
1.02,-1.98,0.25,mvejmejcxaxkbhncsjpmbezdoochlhpw
-0.15,3.34,0.25,mvejmejcxaxkbhncsjpmbezdoochlhpw
0.91,-0.69,0.25,mvejmejcxaxkbhncsjpmbezdoochlhpw
1.99,0.99,0.25,mvejmejcxaxkbhncsjpmbezdoochlhpw
0.98,1.64,0.25,mvejmejcxaxkbhncsjpmbezdoochlhpw
-0.35,-0.38,0.25,mvejmejcxaxkbhncsjpmbezdoochlhpw
-0.49,-3.55,0.25,mvejmejcxaxkbhncsjpmbezdoochlhpw
-0.42,3.93,0.25,mvejmejcxaxkbhncsjpmbezdoochlhpw
-0.5,2.53,0.25,mvejmejcxaxkbhncsjpmbezdoochlhpw
0.48,-1.39,0.25,mvejmejcxaxkbhncsjpmbezdoochlhpw
1.52,1.61,0.25,mvejmejcxaxkbhncsjpmbezdoochlhpw
0.95,2.97,0.25,mvejmejcxaxkbhncsjpmbezdoochlhpw
1.64,2.91,0.25,mvejmejcxaxkbhncsjpmbezdoochlhpw
1.56,-1.7,0.25,mvejmejcxaxkbhncsjpmbezdoochlhpw
1.49,0.43,0.25,mvejmejcxaxkbhncsjpmbezdoochlhpw
0.32,-0.14,0.25,mvejmejcxaxkbhncsjpmbezdoochlhpw
1.2,-3.09,0.25,mvejmejcxaxkbhncsjpmbezdoochlhpw
1.97,3.72,0.25,mvejmejcxaxkbhncsjpmbezdoochlhpw
0.56,2.68,0.25,mvejmejcxaxkbhncsjpmbezdoochlhpw
0.98,0.37,0.25,mvejmejcxaxkbhncsjpmbezdoochlhpw
0.48,2.15,0.25,mvejmejcxaxkbhncsjpmbezdoochlhpw
1.37,3.87,0.25,mvejmejcxaxkbhncsjpmbezdoochlhpw
1.36,0.71,0.25,mvejmejcxaxkbhncsjpmbezdoochlhpw
0.45,-2.71,0.25,mvejmejcxaxkbhncsjpmbezdoochlhpw
1.71,1.01,0.25,mvejmejcxaxkbhncsjpmbezdoochlhpw
1.2,-2.54,0.25,mvejmejcxaxkbhncsjpmbezdoochlhpw
-0.02,-3.7,0.25,mvejmejcxaxkbhncsjpmbezdoochlhpw
2,1.64,0.25,mvejmejcxaxkbhncsjpmbezdoochlhpw
0.33,-0.16,0.25,mvejmejcxaxkbhncsjpmbezdoochlhpw
-0.21,-3.25,0.25,mvejmejcxaxkbhncsjpmbezdoochlhpw
0.85,-2.33,0.25,mvejmejcxaxkbhncsjpmbezdoochlhpw
0.03,2.21,0.25,mvejmejcxaxkbhncsjpmbezdoochlhpw
1.32,-2.62,0.25,mvejmejcxaxkbhncsjpmbezdoochlhpw
0.53,-2.65,0.25,mvejmejcxaxkbhncsjpmbezdoochlhpw
1.07,-1.6,0.25,mvejmejcxaxkbhncsjpmbezdoochlhpw
0.61,-1.33,0.25,mvejmejcxaxkbhncsjpmbezdoochlhpw
1.84,1.11,0.25,mvejmejcxaxkbhncsjpmbezdoochlhpw
-0.13,2.67,0.25,mvejmejcxaxkbhncsjpmbezdoochlhpw
0.9,-1.12,0.25,mvejmejcxaxkbhncsjpmbezdoochlhpw
-0.2,-2.81,0.25,mvejmejcxaxkbhncsjpmbezdoochlhpw
-0.41,1.81,0.25,mvejmejcxaxkbhncsjpmbezdoochlhpw
1.28,-3.32,0.25,mvejmejcxaxkbhncsjpmbezdoochlhpw
0.75,-2.19,0.25,mvejmejcxaxkbhncsjpmbezdoochlhpw
0.84,-2.25,0.25,mvejmejcxaxkbhncsjpmbezdoochlhpw
1.22,1.99,0.25,mvejmejcxaxkbhncsjpmbezdoochlhpw
1.52,-3.63,0.25,mvejmejcxaxkbhncsjpmbezdoochlhpw
1.04,-0.53,0.25,mvejmejcxaxkbhncsjpmbezdoochlhpw
-0.3,0.96,0.25,mvejmejcxaxkbhncsjpmbezdoochlhpw
-0.09,3.02,0.25,mvejmejcxaxkbhncsjpmbezdoochlhpw
0.52,-0.18,0.25,mvejmejcxaxkbhncsjpmbezdoochlhpw
0.51,-2.79,0.25,mvejmejcxaxkbhncsjpmbezdoochlhpw
1.98,-2.31,0.25,mvejmejcxaxkbhncsjpmbezdoochlhpw
0.22,-3.69,0.25,mvejmejcxaxkbhncsjpmbezdoochlhpw
1.11,-0.84,0.25,mvejmejcxaxkbhncsjpmbezdoochlhpw
-0.05,1.06,0.25,mvejmejcxaxkbhncsjpmbezdoochlhpw
0.96,3.24,0.25,mvejmejcxaxkbhncsjpmbezdoochlhpw
-0.42,2.91,0.25,mvejmejcxaxkbhncsjpmbezdoochlhpw
0.61,3.59,0.25,mvejmejcxaxkbhncsjpmbezdoochlhpw
0.67,-2.16,0.25,mvejmejcxaxkbhncsjpmbezdoochlhpw
0.31,-3.62,0.25,mvejmejcxaxkbhncsjpmbezdoochlhpw
0.9,-0.25,0.25,mvejmejcxaxkbhncsjpmbezdoochlhpw
1.42,1.19,0.25,mvejmejcxaxkbhncsjpmbezdoochlhpw
-0.47,0.35,0.25,mvejmejcxaxkbhncsjpmbezdoochlhpw
1.32,1.53,0.25,mvejmejcxaxkbhncsjpmbezdoochlhpw
-0.27,3.88,0.25,mvejmejcxaxkbhncsjpmbezdoochlhpw
0.16,-3.67,0.25,mvejmejcxaxkbhncsjpmbezdoochlhpw
0.97,-0.69,0.25,mvejmejcxaxkbhncsjpmbezdoochlhpw
0.56,3.06,0.25,mvejmejcxaxkbhncsjpmbezdoochlhpw
1.49,-2.95,0.25,mvejmejcxaxkbhncsjpmbezdoochlhpw
0.45,3.99,0.25,mvejmejcxaxkbhncsjpmbezdoochlhpw
1.39,-2.95,0.25,mvejmejcxaxkbhncsjpmbezdoochlhpw
1.22,2.73,0.25,mvejmejcxaxkbhncsjpmbezdoochlhpw
-0.48,2.26,0.25,mvejmejcxaxkbhncsjpmbezdoochlhpw
-0.33,3.68,0.25,mvejmejcxaxkbhncsjpmbezdoochlhpw
0.79,-2.48,0.25,mvejmejcxaxkbhncsjpmbezdoochlhpw
-0.05,2.69,0.25,mvejmejcxaxkbhncsjpmbezdoochlhpw
1.97,-3.03,0.25,mvejmejcxaxkbhncsjpmbezdoochlhpw
0.91,0.13,0.25,mvejmejcxaxkbhncsjpmbezdoochlhpw
1.94,0.23,0.25,mvejmejcxaxkbhncsjpmbezdoochlhpw
0.6,1.8,0.25,mvejmejcxaxkbhncsjpmbezdoochlhpw
-0.17,-2.82,0.25,mvejmejcxaxkbhncsjpmbezdoochlhpw
-0.09,2.03,0.25,mvejmejcxaxkbhncsjpmbezdoochlhpw
1.28,-2.06,0.25,mvejmejcxaxkbhncsjpmbezdoochlhpw
0.73,-2.87,0.25,mvejmejcxaxkbhncsjpmbezdoochlhpw
1.19,2.7,0.25,mvejmejcxaxkbhncsjpmbezdoochlhpw
0.7,-0.79,0.25,mvejmejcxaxkbhncsjpmbezdoochlhpw
0.32,1.53,0.25,mvejmejcxaxkbhncsjpmbezdoochlhpw
0,1.41,0.25,mvejmejcxaxkbhncsjpmbezdoochlhpw
0.38,-1.25,0.25,mvejmejcxaxkbhncsjpmbezdoochlhpw
1.21,0.86,0.25,mvejmejcxaxkbhncsjpmbezdoochlhpw
1.43,-0.86,0.25,mvejmejcxaxkbhncsjpmbezdoochlhpw
-0.44,-0.24,0.25,mvejmejcxaxkbhncsjpmbezdoochlhpw
-0.04,-1.72,0.25,mvejmejcxaxkbhncsjpmbezdoochlhpw
1.48,-0.57,0.25,mvejmejcxaxkbhncsjpmbezdoochlhpw
0.65,2.33,0.25,mvejmejcxaxkbhncsjpmbezdoochlhpw
0.06,0,0.25,mvejmejcxaxkbhncsjpmbezdoochlhpw
0.67,-2.36,0.25,mvejmejcxaxkbhncsjpmbezdoochlhpw
-0.2,-1.25,0.25,mvejmejcxaxkbhncsjpmbezdoochlhpw
1.44,3.84,0.25,mvejmejcxaxkbhncsjpmbezdoochlhpw
0.54,2.13,0.25,mvejmejcxaxkbhncsjpmbezdoochlhpw
1.95,-0.01,0.25,mvejmejcxaxkbhncsjpmbezdoochlhpw
0.94,3.73,0.25,mvejmejcxaxkbhncsjpmbezdoochlhpw
-0.09,0.75,0.25,mvejmejcxaxkbhncsjpmbezdoochlhpw
0.96,1.81,0.25,mvejmejcxaxkbhncsjpmbezdoochlhpw
1.44,1.98,0.25,mvejmejcxaxkbhncsjpmbezdoochlhpw
1.29,-0.05,0.25,mvejmejcxaxkbhncsjpmbezdoochlhpw
1.9,3.34,0.25,mvejmejcxaxkbhncsjpmbezdoochlhpw
0.82,3.83,0.25,mvejmejcxaxkbhncsjpmbezdoochlhpw
1.55,-3.05,0.25,mvejmejcxaxkbhncsjpmbezdoochlhpw
-0.38,-2.59,0.25,mvejmejcxaxkbhncsjpmbezdoochlhpw
1.29,-3.66,0.25,mvejmejcxaxkbhncsjpmbezdoochlhpw
1.17,1.26,0.25,mvejmejcxaxkbhncsjpmbezdoochlhpw
0.14,0.23,0.25,mvejmejcxaxkbhncsjpmbezdoochlhpw
-0.06,-1.17,0.25,mvejmejcxaxkbhncsjpmbezdoochlhpw
-0.44,2.33,0.25,mvejmejcxaxkbhncsjpmbezdoochlhpw
1.66,0.74,0.25,mvejmejcxaxkbhncsjpmbezdoochlhpw
0.49,1.57,0.25,mvejmejcxaxkbhncsjpmbezdoochlhpw
0.14,1.37,0.25,mvejmejcxaxkbhncsjpmbezdoochlhpw
0.39,-1.34,0.25,mvejmejcxaxkbhncsjpmbezdoochlhpw
1.64,0.02,0.25,mvejmejcxaxkbhncsjpmbezdoochlhpw
1.23,-1.8,0.25,mvejmejcxaxkbhncsjpmbezdoochlhpw
-0.1,3.28,0.25,mvejmejcxaxkbhncsjpmbezdoochlhpw
-0.19,3.98,0.25,mvejmejcxaxkbhncsjpmbezdoochlhpw
1.12,-0.8,0.25,mvejmejcxaxkbhncsjpmbezdoochlhpw
0.98,-3.38,0.25,mvejmejcxaxkbhncsjpmbezdoochlhpw
-0.34,2.12,0.25,mvejmejcxaxkbhncsjpmbezdoochlhpw
1.72,0.28,0.25,mvejmejcxaxkbhncsjpmbezdoochlhpw
-0.18,2.07,0.25,mvejmejcxaxkbhncsjpmbezdoochlhpw
0.99,1.51,0.25,mvejmejcxaxkbhncsjpmbezdoochlhpw
0.93,0.2,0.25,mvejmejcxaxkbhncsjpmbezdoochlhpw
1.39,-0.22,0.25,mvejmejcxaxkbhncsjpmbezdoochlhpw
0.58,-2.57,0.25,mvejmejcxaxkbhncsjpmbezdoochlhpw
-0.02,-3.08,0.25,mvejmejcxaxkbhncsjpmbezdoochlhpw
0.73,-0.97,0.25,mvejmejcxaxkbhncsjpmbezdoochlhpw
0.85,-1.41,0.25,mvejmejcxaxkbhncsjpmbezdoochlhpw
-0.31,-2.45,0.25,mvejmejcxaxkbhncsjpmbezdoochlhpw
-0.01,3.31,0.25,mvejmejcxaxkbhncsjpmbezdoochlhpw
0.76,-2.65,0.25,mvejmejcxaxkbhncsjpmbezdoochlhpw
0.98,1.31,0.25,mvejmejcxaxkbhncsjpmbezdoochlhpw
0.39,3.23,0.25,mvejmejcxaxkbhncsjpmbezdoochlhpw
-0.45,2.54,0.25,mvejmejcxaxkbhncsjpmbezdoochlhpw
-0.2,0.5,0.25,mvejmejcxaxkbhncsjpmbezdoochlhpw
1.98,1.98,0.25,mvejmejcxaxkbhncsjpmbezdoochlhpw
0.39,1.1,0.25,mvejmejcxaxkbhncsjpmbezdoochlhpw
1.11,-0.15,0.25,mvejmejcxaxkbhncsjpmbezdoochlhpw
-0.09,0.76,0.25,mvejmejcxaxkbhncsjpmbezdoochlhpw
1.38,2.84,0.25,mvejmejcxaxkbhncsjpmbezdoochlhpw
-0.28,-3.2,0.25,mvejmejcxaxkbhncsjpmbezdoochlhpw
0.8,-1.03,0.25,mvejmejcxaxkbhncsjpmbezdoochlhpw
1.63,-1.83,0.25,mvejmejcxaxkbhncsjpmbezdoochlhpw
1.23,2.59,0.25,mvejmejcxaxkbhncsjpmbezdoochlhpw
-0.4,3.77,0.25,mvejmejcxaxkbhncsjpmbezdoochlhpw
1.36,-1.26,0.25,mvejmejcxaxkbhncsjpmbezdoochlhpw
-0.43,1.37,0.25,mvejmejcxaxkbhncsjpmbezdoochlhpw
1.49,-3.07,0.25,mvejmejcxaxkbhncsjpmbezdoochlhpw
0.63,3.63,0.25,mvejmejcxaxkbhncsjpmbezdoochlhpw
1.61,-0.9,0.25,mvejmejcxaxkbhncsjpmbezdoochlhpw
0.48,-2.14,0.25,mvejmejcxaxkbhncsjpmbezdoochlhpw
1.14,-3.48,0.25,mvejmejcxaxkbhncsjpmbezdoochlhpw
0.22,3.89,0.25,mvejmejcxaxkbhncsjpmbezdoochlhpw
1.17,-2.12,0.25,mvejmejcxaxkbhncsjpmbezdoochlhpw
0.64,-0.13,0.25,mvejmejcxaxkbhncsjpmbezdoochlhpw
0.36,-2.18,0.25,mvejmejcxaxkbhncsjpmbezdoochlhpw
1.16,0.97,0.25,mvejmejcxaxkbhncsjpmbezdoochlhpw
0.82,-1.17,0.25,mvejmejcxaxkbhncsjpmbezdoochlhpw
0.81,2.37,0.25,mvejmejcxaxkbhncsjpmbezdoochlhpw
1.65,0.51,0.25,mvejmejcxaxkbhncsjpmbezdoochlhpw
-0.29,-0.11,0.25,mvejmejcxaxkbhncsjpmbezdoochlhpw
0.94,-3.37,0.25,mvejmejcxaxkbhncsjpmbezdoochlhpw
-0.32,-2.28,0.25,mvejmejcxaxkbhncsjpmbezdoochlhpw
0.11,2.31,0.25,mvejmejcxaxkbhncsjpmbezdoochlhpw
1.6,-0.66,0.25,mvejmejcxaxkbhncsjpmbezdoochlhpw
-0.08,0.96,0.25,mvejmejcxaxkbhncsjpmbezdoochlhpw
1.1,-3.34,0.25,mvejmejcxaxkbhncsjpmbezdoochlhpw
0.32,2.2,0.25,mvejmejcxaxkbhncsjpmbezdoochlhpw
1.6,3.71,0.25,mvejmejcxaxkbhncsjpmbezdoochlhpw
0.66,-2.86,0.25,mvejmejcxaxkbhncsjpmbezdoochlhpw
1.4,-2.45,0.25,mvejmejcxaxkbhncsjpmbezdoochlhpw
0.17,1.25,0.25,mvejmejcxaxkbhncsjpmbezdoochlhpw
0.41,-1.62,0.25,mvejmejcxaxkbhncsjpmbezdoochlhpw
1.15,0.06,0.25,mvejmejcxaxkbhncsjpmbezdoochlhpw
1.28,-2.74,0.25,mvejmejcxaxkbhncsjpmbezdoochlhpw
-0.18,-1.26,0.25,mvejmejcxaxkbhncsjpmbezdoochlhpw
0.84,3.7,0.25,mvejmejcxaxkbhncsjpmbezdoochlhpw
0.05,-2.94,0.25,mvejmejcxaxkbhncsjpmbezdoochlhpw
1.72,-2.63,0.25,mvejmejcxaxkbhncsjpmbezdoochlhpw
0.56,3.89,0.25,mvejmejcxaxkbhncsjpmbezdoochlhpw
1.49,2.45,0.25,mvejmejcxaxkbhncsjpmbezdoochlhpw
-0.3,-3.85,0.25,mvejmejcxaxkbhncsjpmbezdoochlhpw
1.21,3.92,0.25,mvejmejcxaxkbhncsjpmbezdoochlhpw
1.18,1.66,0.25,mvejmejcxaxkbhncsjpmbezdoochlhpw
0.72,-2.45,0.25,mvejmejcxaxkbhncsjpmbezdoochlhpw
0.26,0.4,0.25,mvejmejcxaxkbhncsjpmbezdoochlhpw
0.21,-2.56,0.25,mvejmejcxaxkbhncsjpmbezdoochlhpw
-0.27,-0.62,0.25,mvejmejcxaxkbhncsjpmbezdoochlhpw
-0.44,-1.43,0.25,mvejmejcxaxkbhncsjpmbezdoochlhpw
-0.04,0.04,0.25,mvejmejcxaxkbhncsjpmbezdoochlhpw
-0.17,-3.35,0.25,mvejmejcxaxkbhncsjpmbezdoochlhpw
1.18,2.9,0.25,mvejmejcxaxkbhncsjpmbezdoochlhpw
1.9,0.82,0.25,mvejmejcxaxkbhncsjpmbezdoochlhpw
1.06,-3.72,0.25,mvejmejcxaxkbhncsjpmbezdoochlhpw
1.62,2.85,0.25,mvejmejcxaxkbhncsjpmbezdoochlhpw
1.74,2.91,0.25,mvejmejcxaxkbhncsjpmbezdoochlhpw
0.17,-0.52,0.25,mvejmejcxaxkbhncsjpmbezdoochlhpw
1.71,-0.67,0.25,mvejmejcxaxkbhncsjpmbezdoochlhpw
1.81,-1.05,0.25,mvejmejcxaxkbhncsjpmbezdoochlhpw
-0.14,-1.86,0.25,mvejmejcxaxkbhncsjpmbezdoochlhpw
0.42,-0.15,0.25,mvejmejcxaxkbhncsjpmbezdoochlhpw
1.48,2.83,0.25,mvejmejcxaxkbhncsjpmbezdoochlhpw
0.56,2.2,0.25,mvejmejcxaxkbhncsjpmbezdoochlhpw
1.75,-1.66,0.25,mvejmejcxaxkbhncsjpmbezdoochlhpw
1.41,-3.62,0.25,mvejmejcxaxkbhncsjpmbezdoochlhpw
-0.06,2.83,0.25,mvejmejcxaxkbhncsjpmbezdoochlhpw
0.74,1.43,0.25,mvejmejcxaxkbhncsjpmbezdoochlhpw
1.6,1.34,0.25,mvejmejcxaxkbhncsjpmbezdoochlhpw
1.03,-2.64,0.25,mvejmejcxaxkbhncsjpmbezdoochlhpw
-0.04,1.53,0.25,mvejmejcxaxkbhncsjpmbezdoochlhpw
1.97,-0.41,0.25,mvejmejcxaxkbhncsjpmbezdoochlhpw
-0.36,-0.13,0.25,mvejmejcxaxkbhncsjpmbezdoochlhpw
1.17,3.9,0.25,mvejmejcxaxkbhncsjpmbezdoochlhpw
-0.21,1.09,0.25,mvejmejcxaxkbhncsjpmbezdoochlhpw
0.73,1.45,0.25,mvejmejcxaxkbhncsjpmbezdoochlhpw
1.24,-0.97,0.25,mvejmejcxaxkbhncsjpmbezdoochlhpw
-0.19,-0.79,0.25,mvejmejcxaxkbhncsjpmbezdoochlhpw
-0.14,-1.53,0.25,mvejmejcxaxkbhncsjpmbezdoochlhpw
1.02,3.74,0.25,mvejmejcxaxkbhncsjpmbezdoochlhpw
0.85,3.72,0.25,mvejmejcxaxkbhncsjpmbezdoochlhpw
-0.43,-3.35,0.25,mvejmejcxaxkbhncsjpmbezdoochlhpw
1.89,3.32,0.25,mvejmejcxaxkbhncsjpmbezdoochlhpw
0.8,-3.02,0.25,mvejmejcxaxkbhncsjpmbezdoochlhpw
0.53,-3.3,0.25,mvejmejcxaxkbhncsjpmbezdoochlhpw
0.95,-0.5,0.25,mvejmejcxaxkbhncsjpmbezdoochlhpw
1.72,2.82,0.25,mvejmejcxaxkbhncsjpmbezdoochlhpw
1.02,-1.15,0.25,mvejmejcxaxkbhncsjpmbezdoochlhpw
0.16,-1.27,0.25,mvejmejcxaxkbhncsjpmbezdoochlhpw
1.69,-3.23,0.25,mvejmejcxaxkbhncsjpmbezdoochlhpw
0.87,-2.88,0.25,mvejmejcxaxkbhncsjpmbezdoochlhpw
1.32,0.43,0.25,mvejmejcxaxkbhncsjpmbezdoochlhpw
0.29,-3.11,0.25,mvejmejcxaxkbhncsjpmbezdoochlhpw
-0.29,-3.06,0.25,mvejmejcxaxkbhncsjpmbezdoochlhpw
0.59,-2.03,0.25,mvejmejcxaxkbhncsjpmbezdoochlhpw
1.98,2.53,0.25,mvejmejcxaxkbhncsjpmbezdoochlhpw
0.38,0.27,0.25,mvejmejcxaxkbhncsjpmbezdoochlhpw
1.48,-2.21,0.25,mvejmejcxaxkbhncsjpmbezdoochlhpw
0.11,-1.52,0.25,mvejmejcxaxkbhncsjpmbezdoochlhpw
0.48,3.92,0.25,mvejmejcxaxkbhncsjpmbezdoochlhpw
0.1,-0.95,0.25,mvejmejcxaxkbhncsjpmbezdoochlhpw
0.55,-1.25,0.25,mvejmejcxaxkbhncsjpmbezdoochlhpw
-0.47,-3.51,0.25,mvejmejcxaxkbhncsjpmbezdoochlhpw
0.45,-1.71,0.25,mvejmejcxaxkbhncsjpmbezdoochlhpw
0.78,2.65,0.25,mvejmejcxaxkbhncsjpmbezdoochlhpw
1.82,2.28,0.25,mvejmejcxaxkbhncsjpmbezdoochlhpw
0.27,0.37,0.25,mvejmejcxaxkbhncsjpmbezdoochlhpw
-0.3,2.93,0.25,mvejmejcxaxkbhncsjpmbezdoochlhpw
0.19,-1.55,0.25,mvejmejcxaxkbhncsjpmbezdoochlhpw
1.77,-3.71,0.25,mvejmejcxaxkbhncsjpmbezdoochlhpw
-0.02,-1.64,0.25,mvejmejcxaxkbhncsjpmbezdoochlhpw
1.13,3.64,0.25,mvejmejcxaxkbhncsjpmbezdoochlhpw
1.75,-2.74,0.25,mvejmejcxaxkbhncsjpmbezdoochlhpw
1.17,-1.39,0.25,mvejmejcxaxkbhncsjpmbezdoochlhpw
0.27,-0.21,0.25,mvejmejcxaxkbhncsjpmbezdoochlhpw
-0.28,-2.48,0.25,mvejmejcxaxkbhncsjpmbezdoochlhpw
0.56,-2.5,0.25,mvejmejcxaxkbhncsjpmbezdoochlhpw
0.13,-1.78,0.25,mvejmejcxaxkbhncsjpmbezdoochlhpw
0.92,-2.72,0.25,mvejmejcxaxkbhncsjpmbezdoochlhpw
1.37,-1.7,0.25,mvejmejcxaxkbhncsjpmbezdoochlhpw
1,1.52,0.25,mvejmejcxaxkbhncsjpmbezdoochlhpw
-0.05,0.17,0.25,mvejmejcxaxkbhncsjpmbezdoochlhpw
-0.34,2.57,0.25,mvejmejcxaxkbhncsjpmbezdoochlhpw
-0.39,-0.47,0.25,mvejmejcxaxkbhncsjpmbezdoochlhpw
0.43,0.26,0.25,mvejmejcxaxkbhncsjpmbezdoochlhpw
0.43,-1.31,0.25,mvejmejcxaxkbhncsjpmbezdoochlhpw
1.12,0.79,0.25,mvejmejcxaxkbhncsjpmbezdoochlhpw
1.07,1.38,0.25,mvejmejcxaxkbhncsjpmbezdoochlhpw
1,-2.65,0.25,mvejmejcxaxkbhncsjpmbezdoochlhpw
1.66,1.46,0.25,mvejmejcxaxkbhncsjpmbezdoochlhpw
0.26,2.52,0.25,mvejmejcxaxkbhncsjpmbezdoochlhpw
1.78,3.9,0.25,mvejmejcxaxkbhncsjpmbezdoochlhpw
0.38,3.89,0.25,mvejmejcxaxkbhncsjpmbezdoochlhpw
1.24,2.84,0.25,mvejmejcxaxkbhncsjpmbezdoochlhpw
1.81,-3.86,0.25,mvejmejcxaxkbhncsjpmbezdoochlhpw
0.57,-0.73,0.25,mvejmejcxaxkbhncsjpmbezdoochlhpw
0.81,-2.42,0.25,mvejmejcxaxkbhncsjpmbezdoochlhpw
1.3,-1.8,0.25,mvejmejcxaxkbhncsjpmbezdoochlhpw
0.32,2.6,0.25,mvejmejcxaxkbhncsjpmbezdoochlhpw
0.59,2.56,0.25,mvejmejcxaxkbhncsjpmbezdoochlhpw
1.54,-3.94,0.25,mvejmejcxaxkbhncsjpmbezdoochlhpw
1.29,0.38,0.25,mvejmejcxaxkbhncsjpmbezdoochlhpw
-0.3,-0.64,0.25,mvejmejcxaxkbhncsjpmbezdoochlhpw
0.98,-2.74,0.25,mvejmejcxaxkbhncsjpmbezdoochlhpw
0.08,0.2,0.25,mvejmejcxaxkbhncsjpmbezdoochlhpw
0.79,0.41,0.25,mvejmejcxaxkbhncsjpmbezdoochlhpw
1.68,0.52,0.25,mvejmejcxaxkbhncsjpmbezdoochlhpw
1.23,-2.85,0.25,mvejmejcxaxkbhncsjpmbezdoochlhpw
0.11,3.94,0.25,mvejmejcxaxkbhncsjpmbezdoochlhpw
1.79,-3.44,0.25,mvejmejcxaxkbhncsjpmbezdoochlhpw
1.06,3.36,0.25,mvejmejcxaxkbhncsjpmbezdoochlhpw
-0.5,3.36,0.25,mvejmejcxaxkbhncsjpmbezdoochlhpw
0.38,1.21,0.25,mvejmejcxaxkbhncsjpmbezdoochlhpw
0.39,-2.15,0.25,mvejmejcxaxkbhncsjpmbezdoochlhpw
1.42,-0.05,0.25,mvejmejcxaxkbhncsjpmbezdoochlhpw
1.53,0.14,0.25,mvejmejcxaxkbhncsjpmbezdoochlhpw
0.47,1.43,0.25,mvejmejcxaxkbhncsjpmbezdoochlhpw
1.86,3.99,0.25,mvejmejcxaxkbhncsjpmbezdoochlhpw
1.78,-1.68,0.25,mvejmejcxaxkbhncsjpmbezdoochlhpw
1.19,1.25,0.25,mvejmejcxaxkbhncsjpmbezdoochlhpw
1.94,1.53,0.25,mvejmejcxaxkbhncsjpmbezdoochlhpw
-0.02,-1.46,0.25,mvejmejcxaxkbhncsjpmbezdoochlhpw
0.1,3.69,0.25,mvejmejcxaxkbhncsjpmbezdoochlhpw
0.48,2.28,0.25,mvejmejcxaxkbhncsjpmbezdoochlhpw
1.04,-0.43,0.25,mvejmejcxaxkbhncsjpmbezdoochlhpw
0.05,-1.84,0.25,mvejmejcxaxkbhncsjpmbezdoochlhpw
1.31,2.01,0.25,mvejmejcxaxkbhncsjpmbezdoochlhpw
0.64,3.88,0.25,mvejmejcxaxkbhncsjpmbezdoochlhpw
-0.06,3.77,0.25,mvejmejcxaxkbhncsjpmbezdoochlhpw
0.88,1.51,0.25,mvejmejcxaxkbhncsjpmbezdoochlhpw
1.48,0.21,0.25,mvejmejcxaxkbhncsjpmbezdoochlhpw
0.63,-0.22,0.25,mvejmejcxaxkbhncsjpmbezdoochlhpw
0.58,3.35,0.25,mvejmejcxaxkbhncsjpmbezdoochlhpw
-0.41,-0.4,0.25,mvejmejcxaxkbhncsjpmbezdoochlhpw
-0.24,1.17,0.25,mvejmejcxaxkbhncsjpmbezdoochlhpw
-0.01,3.61,0.25,mvejmejcxaxkbhncsjpmbezdoochlhpw
0.89,-3.51,0.25,mvejmejcxaxkbhncsjpmbezdoochlhpw
0.1,0.86,0.25,mvejmejcxaxkbhncsjpmbezdoochlhpw
0.67,0.96,0.25,mvejmejcxaxkbhncsjpmbezdoochlhpw
1.95,-0.77,0.25,mvejmejcxaxkbhncsjpmbezdoochlhpw
-0.12,3.33,0.25,mvejmejcxaxkbhncsjpmbezdoochlhpw
-0.41,-2.47,0.25,mvejmejcxaxkbhncsjpmbezdoochlhpw
0.67,-3.11,0.25,mvejmejcxaxkbhncsjpmbezdoochlhpw
1.63,2.17,0.25,mvejmejcxaxkbhncsjpmbezdoochlhpw
1.17,-0.49,0.25,mvejmejcxaxkbhncsjpmbezdoochlhpw
1.42,0.85,0.25,mvejmejcxaxkbhncsjpmbezdoochlhpw
0.51,1.02,0.25,mvejmejcxaxkbhncsjpmbezdoochlhpw
-0.25,-3.67,0.25,mvejmejcxaxkbhncsjpmbezdoochlhpw
1.44,-2.56,0.25,mvejmejcxaxkbhncsjpmbezdoochlhpw
0.02,1.82,0.25,mvejmejcxaxkbhncsjpmbezdoochlhpw
1.12,3.3,0.25,mvejmejcxaxkbhncsjpmbezdoochlhpw
-0.27,3.23,0.25,mvejmejcxaxkbhncsjpmbezdoochlhpw
-0.39,-1.19,0.25,mvejmejcxaxkbhncsjpmbezdoochlhpw
-0.33,-3.05,0.25,mvejmejcxaxkbhncsjpmbezdoochlhpw
0.82,-3.49,0.25,mvejmejcxaxkbhncsjpmbezdoochlhpw
-0.11,3.81,0.25,mvejmejcxaxkbhncsjpmbezdoochlhpw
-0.15,-1.07,0.25,mvejmejcxaxkbhncsjpmbezdoochlhpw
1.27,1.19,0.25,mvejmejcxaxkbhncsjpmbezdoochlhpw
0.54,-3.33,0.25,mvejmejcxaxkbhncsjpmbezdoochlhpw
0.99,0.43,0.25,mvejmejcxaxkbhncsjpmbezdoochlhpw
-0.26,3.64,0.25,mvejmejcxaxkbhncsjpmbezdoochlhpw
0.28,3.2,0.25,mvejmejcxaxkbhncsjpmbezdoochlhpw
0.83,1.63,0.25,mvejmejcxaxkbhncsjpmbezdoochlhpw
0.83,-0.63,0.25,mvejmejcxaxkbhncsjpmbezdoochlhpw
0.23,2.19,0.25,mvejmejcxaxkbhncsjpmbezdoochlhpw
1.74,-3.92,0.25,mvejmejcxaxkbhncsjpmbezdoochlhpw
1.6,-0.72,0.25,mvejmejcxaxkbhncsjpmbezdoochlhpw
1.83,0.98,0.25,mvejmejcxaxkbhncsjpmbezdoochlhpw
0.55,0.35,0.25,mvejmejcxaxkbhncsjpmbezdoochlhpw
0.72,3.14,0.25,mvejmejcxaxkbhncsjpmbezdoochlhpw
1.94,-2.72,0.25,mvejmejcxaxkbhncsjpmbezdoochlhpw
1.83,2.38,0.25,mvejmejcxaxkbhncsjpmbezdoochlhpw
1.81,-3.08,0.25,mvejmejcxaxkbhncsjpmbezdoochlhpw
0.18,-2.83,0.25,mvejmejcxaxkbhncsjpmbezdoochlhpw
0.5,1.13,0.25,mvejmejcxaxkbhncsjpmbezdoochlhpw
0.67,2.61,0.25,mvejmejcxaxkbhncsjpmbezdoochlhpw
-0.06,-3.31,0.25,mvejmejcxaxkbhncsjpmbezdoochlhpw
0.69,1.2,0.25,mvejmejcxaxkbhncsjpmbezdoochlhpw
0.15,-2.92,0.25,mvejmejcxaxkbhncsjpmbezdoochlhpw
1.4,3.68,0.25,mvejmejcxaxkbhncsjpmbezdoochlhpw
1.6,-0.28,0.25,mvejmejcxaxkbhncsjpmbezdoochlhpw
0.44,-0.23,0.25,mvejmejcxaxkbhncsjpmbezdoochlhpw
0.69,3.61,0.25,mvejmejcxaxkbhncsjpmbezdoochlhpw
0.59,2.16,0.25,mvejmejcxaxkbhncsjpmbezdoochlhpw
1.49,0.76,0.25,mvejmejcxaxkbhncsjpmbezdoochlhpw
1.68,-1.47,0.25,mvejmejcxaxkbhncsjpmbezdoochlhpw
1.22,2.02,0.25,mvejmejcxaxkbhncsjpmbezdoochlhpw
1.74,2.79,0.25,mvejmejcxaxkbhncsjpmbezdoochlhpw
1.24,0.4,0.25,mvejmejcxaxkbhncsjpmbezdoochlhpw
-0.26,1.5,0.25,mvejmejcxaxkbhncsjpmbezdoochlhpw
1.69,-2.76,0.25,mvejmejcxaxkbhncsjpmbezdoochlhpw
1.09,1.61,0.25,mvejmejcxaxkbhncsjpmbezdoochlhpw
1.27,-1.77,0.25,mvejmejcxaxkbhncsjpmbezdoochlhpw
0.58,1.55,0.25,mvejmejcxaxkbhncsjpmbezdoochlhpw
0.07,-2.27,0.25,mvejmejcxaxkbhncsjpmbezdoochlhpw
1.71,-0.12,0.25,mvejmejcxaxkbhncsjpmbezdoochlhpw
0.43,-2.86,0.25,mvejmejcxaxkbhncsjpmbezdoochlhpw
1.06,2.19,0.25,mvejmejcxaxkbhncsjpmbezdoochlhpw
1.08,0.21,0.25,mvejmejcxaxkbhncsjpmbezdoochlhpw
1.75,-2.86,0.25,mvejmejcxaxkbhncsjpmbezdoochlhpw
0.86,0.4,0.25,mvejmejcxaxkbhncsjpmbezdoochlhpw
-0.25,2.79,0.25,mvejmejcxaxkbhncsjpmbezdoochlhpw
1.36,1.66,0.25,mvejmejcxaxkbhncsjpmbezdoochlhpw
1.23,3.82,0.25,mvejmejcxaxkbhncsjpmbezdoochlhpw
0.07,-3.13,0.25,mvejmejcxaxkbhncsjpmbezdoochlhpw
0.77,3.94,0.25,mvejmejcxaxkbhncsjpmbezdoochlhpw
1.24,-0.76,0.25,mvejmejcxaxkbhncsjpmbezdoochlhpw
0.69,3.67,0.25,mvejmejcxaxkbhncsjpmbezdoochlhpw
-0.41,2.55,0.25,mvejmejcxaxkbhncsjpmbezdoochlhpw
1.57,-3.36,0.25,mvejmejcxaxkbhncsjpmbezdoochlhpw
1.06,-1.2,0.25,mvejmejcxaxkbhncsjpmbezdoochlhpw
-0.34,-1.3,0.25,mvejmejcxaxkbhncsjpmbezdoochlhpw
1.72,2.33,0.25,mvejmejcxaxkbhncsjpmbezdoochlhpw
1.1,0.09,0.25,mvejmejcxaxkbhncsjpmbezdoochlhpw
0.96,-1.73,0.25,mvejmejcxaxkbhncsjpmbezdoochlhpw
1.75,1.01,0.25,mvejmejcxaxkbhncsjpmbezdoochlhpw
0.95,-2.28,0.25,mvejmejcxaxkbhncsjpmbezdoochlhpw
1.47,0.58,0.25,mvejmejcxaxkbhncsjpmbezdoochlhpw
1.92,2.24,0.25,mvejmejcxaxkbhncsjpmbezdoochlhpw
0.48,1.43,0.25,mvejmejcxaxkbhncsjpmbezdoochlhpw
1.48,-0.98,0.25,mvejmejcxaxkbhncsjpmbezdoochlhpw
0.92,0.2,0.25,mvejmejcxaxkbhncsjpmbezdoochlhpw
1.61,3.9,0.25,mvejmejcxaxkbhncsjpmbezdoochlhpw
1.91,1.97,0.25,mvejmejcxaxkbhncsjpmbezdoochlhpw
-0.15,2.16,0.25,mvejmejcxaxkbhncsjpmbezdoochlhpw
1.74,-1.86,0.25,mvejmejcxaxkbhncsjpmbezdoochlhpw
0.41,-3.32,0.25,mvejmejcxaxkbhncsjpmbezdoochlhpw
0.87,-3.76,0.25,mvejmejcxaxkbhncsjpmbezdoochlhpw
-0.01,1.55,0.25,mvejmejcxaxkbhncsjpmbezdoochlhpw
1.13,1.5,0.25,mvejmejcxaxkbhncsjpmbezdoochlhpw
1.73,-0.81,0.25,mvejmejcxaxkbhncsjpmbezdoochlhpw
1.1,-0.38,0.25,mvejmejcxaxkbhncsjpmbezdoochlhpw
1.3,3.65,0.25,mvejmejcxaxkbhncsjpmbezdoochlhpw
0.94,-3.21,0.25,mvejmejcxaxkbhncsjpmbezdoochlhpw
1.32,2.24,0.25,mvejmejcxaxkbhncsjpmbezdoochlhpw
1.93,2.44,0.25,mvejmejcxaxkbhncsjpmbezdoochlhpw
0.66,0.07,0.25,mvejmejcxaxkbhncsjpmbezdoochlhpw
1.97,2.4,0.25,mvejmejcxaxkbhncsjpmbezdoochlhpw
0.82,3.24,0.25,mvejmejcxaxkbhncsjpmbezdoochlhpw
0.92,2.77,0.25,mvejmejcxaxkbhncsjpmbezdoochlhpw
-0.09,0.74,0.25,mvejmejcxaxkbhncsjpmbezdoochlhpw
1.13,-1.89,0.25,mvejmejcxaxkbhncsjpmbezdoochlhpw
0.81,-1.26,0.25,mvejmejcxaxkbhncsjpmbezdoochlhpw
0.45,-3.28,0.25,mvejmejcxaxkbhncsjpmbezdoochlhpw
1.18,3.76,0.25,mvejmejcxaxkbhncsjpmbezdoochlhpw
0.13,-1.83,0.25,mvejmejcxaxkbhncsjpmbezdoochlhpw
-0.12,-1.2,0.25,mvejmejcxaxkbhncsjpmbezdoochlhpw
0.82,3.68,0.25,mvejmejcxaxkbhncsjpmbezdoochlhpw
-0.22,3.04,0.25,mvejmejcxaxkbhncsjpmbezdoochlhpw
0.9,-1.19,0.25,mvejmejcxaxkbhncsjpmbezdoochlhpw
1.14,-3.84,0.25,mvejmejcxaxkbhncsjpmbezdoochlhpw
0,-0.34,0.25,mvejmejcxaxkbhncsjpmbezdoochlhpw
0.38,2.38,0.25,mvejmejcxaxkbhncsjpmbezdoochlhpw
1.85,-1.34,0.25,mvejmejcxaxkbhncsjpmbezdoochlhpw
1.36,3.98,0.25,mvejmejcxaxkbhncsjpmbezdoochlhpw
0.86,-2.55,0.25,mvejmejcxaxkbhncsjpmbezdoochlhpw
-0.15,2.83,0.25,mvejmejcxaxkbhncsjpmbezdoochlhpw
1.62,-0.07,0.25,mvejmejcxaxkbhncsjpmbezdoochlhpw
0.91,2.27,0.25,mvejmejcxaxkbhncsjpmbezdoochlhpw
0.6,2.9,0.25,mvejmejcxaxkbhncsjpmbezdoochlhpw
0.94,3.24,0.25,mvejmejcxaxkbhncsjpmbezdoochlhpw
0.11,1.03,0.25,mvejmejcxaxkbhncsjpmbezdoochlhpw
1.69,0.24,0.25,mvejmejcxaxkbhncsjpmbezdoochlhpw
-0.24,-0.81,0.25,mvejmejcxaxkbhncsjpmbezdoochlhpw
0.66,0.31,0.25,mvejmejcxaxkbhncsjpmbezdoochlhpw
0.48,-2.08,0.25,mvejmejcxaxkbhncsjpmbezdoochlhpw
1.87,2.51,0.25,mvejmejcxaxkbhncsjpmbezdoochlhpw
0.7,0.56,0.25,mvejmejcxaxkbhncsjpmbezdoochlhpw
0.35,0.2,0.25,mvejmejcxaxkbhncsjpmbezdoochlhpw
0.65,-0.81,0.25,mvejmejcxaxkbhncsjpmbezdoochlhpw
1.55,1.27,0.25,mvejmejcxaxkbhncsjpmbezdoochlhpw
0.93,3.18,0.25,mvejmejcxaxkbhncsjpmbezdoochlhpw
-0.18,3.92,0.25,mvejmejcxaxkbhncsjpmbezdoochlhpw
1.5,-1.4,0.25,mvejmejcxaxkbhncsjpmbezdoochlhpw
1.42,1.83,0.25,mvejmejcxaxkbhncsjpmbezdoochlhpw
-0.04,-2.04,0.25,mvejmejcxaxkbhncsjpmbezdoochlhpw
-0.02,-1.15,0.25,mvejmejcxaxkbhncsjpmbezdoochlhpw
1.47,-1.54,0.25,mvejmejcxaxkbhncsjpmbezdoochlhpw
-0.3,-2.94,0.25,mvejmejcxaxkbhncsjpmbezdoochlhpw
0.47,3.24,0.25,mvejmejcxaxkbhncsjpmbezdoochlhpw
1.67,1.27,0.25,mvejmejcxaxkbhncsjpmbezdoochlhpw
1.88,-1.32,0.25,mvejmejcxaxkbhncsjpmbezdoochlhpw
1.82,-1.63,0.25,mvejmejcxaxkbhncsjpmbezdoochlhpw
0.69,-3.61,0.25,mvejmejcxaxkbhncsjpmbezdoochlhpw
1.88,0.16,0.25,mvejmejcxaxkbhncsjpmbezdoochlhpw
0.85,2.54,0.25,mvejmejcxaxkbhncsjpmbezdoochlhpw
-0.01,2.16,0.25,mvejmejcxaxkbhncsjpmbezdoochlhpw
1.07,3.55,0.25,mvejmejcxaxkbhncsjpmbezdoochlhpw
0.18,1.16,0.25,mvejmejcxaxkbhncsjpmbezdoochlhpw
-0.15,-0.69,0.25,mvejmejcxaxkbhncsjpmbezdoochlhpw
1.97,2.91,0.25,mvejmejcxaxkbhncsjpmbezdoochlhpw
1.23,0.72,0.25,mvejmejcxaxkbhncsjpmbezdoochlhpw
1.22,-1.8,0.25,mvejmejcxaxkbhncsjpmbezdoochlhpw
0.62,-3.37,0.25,mvejmejcxaxkbhncsjpmbezdoochlhpw
0.18,-1.79,0.25,mvejmejcxaxkbhncsjpmbezdoochlhpw
1.6,-1.71,0.25,mvejmejcxaxkbhncsjpmbezdoochlhpw
1.01,1.84,0.25,mvejmejcxaxkbhncsjpmbezdoochlhpw
0.9,2.84,0.25,mvejmejcxaxkbhncsjpmbezdoochlhpw
0.17,0.82,0.25,mvejmejcxaxkbhncsjpmbezdoochlhpw
1.84,1.09,0.25,mvejmejcxaxkbhncsjpmbezdoochlhpw
0.37,-2.21,0.25,mvejmejcxaxkbhncsjpmbezdoochlhpw
1.87,0.77,0.25,mvejmejcxaxkbhncsjpmbezdoochlhpw
1.94,-0.15,0.25,mvejmejcxaxkbhncsjpmbezdoochlhpw
0.26,1.44,0.25,mvejmejcxaxkbhncsjpmbezdoochlhpw
0.22,3.83,0.25,mvejmejcxaxkbhncsjpmbezdoochlhpw
1.42,0.17,0.25,mvejmejcxaxkbhncsjpmbezdoochlhpw
1.39,-2.11,0.25,mvejmejcxaxkbhncsjpmbezdoochlhpw
0.14,0.66,0.25,mvejmejcxaxkbhncsjpmbezdoochlhpw
0.4,0.06,0.25,mvejmejcxaxkbhncsjpmbezdoochlhpw
0.5,-1.65,0.25,mvejmejcxaxkbhncsjpmbezdoochlhpw
0.41,-2.51,0.25,mvejmejcxaxkbhncsjpmbezdoochlhpw
1.56,-0.38,0.25,mvejmejcxaxkbhncsjpmbezdoochlhpw
0.85,-1.52,0.25,mvejmejcxaxkbhncsjpmbezdoochlhpw
0.86,1.84,0.25,mvejmejcxaxkbhncsjpmbezdoochlhpw
-0.13,0.28,0.25,mvejmejcxaxkbhncsjpmbezdoochlhpw
0.24,3.45,0.25,mvejmejcxaxkbhncsjpmbezdoochlhpw
1.4,-2.59,0.25,mvejmejcxaxkbhncsjpmbezdoochlhpw
1.34,3.34,0.25,mvejmejcxaxkbhncsjpmbezdoochlhpw
-0.13,0.65,0.25,mvejmejcxaxkbhncsjpmbezdoochlhpw
0.57,-2.76,0.25,mvejmejcxaxkbhncsjpmbezdoochlhpw
-0.35,-3.06,0.25,mvejmejcxaxkbhncsjpmbezdoochlhpw
1.84,-1.08,0.25,mvejmejcxaxkbhncsjpmbezdoochlhpw
1.91,-0.92,0.25,mvejmejcxaxkbhncsjpmbezdoochlhpw
1.22,-3.23,0.25,mvejmejcxaxkbhncsjpmbezdoochlhpw
1.55,0.03,0.25,mvejmejcxaxkbhncsjpmbezdoochlhpw
0.45,-2.72,0.25,mvejmejcxaxkbhncsjpmbezdoochlhpw
1.12,-1.32,0.25,mvejmejcxaxkbhncsjpmbezdoochlhpw
1.64,2.48,0.25,mvejmejcxaxkbhncsjpmbezdoochlhpw
0.14,-3.01,0.25,mvejmejcxaxkbhncsjpmbezdoochlhpw
0.29,3.18,0.25,mvejmejcxaxkbhncsjpmbezdoochlhpw
-0.47,-1.46,0.25,mvejmejcxaxkbhncsjpmbezdoochlhpw
0.75,1.84,0.25,mvejmejcxaxkbhncsjpmbezdoochlhpw
0.78,0.65,0.25,mvejmejcxaxkbhncsjpmbezdoochlhpw
0.29,2.83,0.25,mvejmejcxaxkbhncsjpmbezdoochlhpw
0.22,-0.38,0.25,mvejmejcxaxkbhncsjpmbezdoochlhpw
0.7,-2.44,0.25,mvejmejcxaxkbhncsjpmbezdoochlhpw
-0.01,1.7,0.25,mvejmejcxaxkbhncsjpmbezdoochlhpw
0.08,0.39,0.25,mvejmejcxaxkbhncsjpmbezdoochlhpw
0.29,1.96,0.25,mvejmejcxaxkbhncsjpmbezdoochlhpw
1.76,-0.75,0.25,mvejmejcxaxkbhncsjpmbezdoochlhpw
0.35,0.88,0.25,mvejmejcxaxkbhncsjpmbezdoochlhpw
1.4,-0.19,0.25,mvejmejcxaxkbhncsjpmbezdoochlhpw
1.56,3.32,0.25,mvejmejcxaxkbhncsjpmbezdoochlhpw
-0.09,-1.44,0.25,mvejmejcxaxkbhncsjpmbezdoochlhpw
1.66,-1.52,0.25,mvejmejcxaxkbhncsjpmbezdoochlhpw
1.13,-1.13,0.25,mvejmejcxaxkbhncsjpmbezdoochlhpw
0.72,3.25,0.25,mvejmejcxaxkbhncsjpmbezdoochlhpw
1.08,-0.57,0.25,mvejmejcxaxkbhncsjpmbezdoochlhpw
1.47,3.84,0.25,mvejmejcxaxkbhncsjpmbezdoochlhpw
1.48,-1.8,0.25,mvejmejcxaxkbhncsjpmbezdoochlhpw
-0.41,1.79,0.25,mvejmejcxaxkbhncsjpmbezdoochlhpw
-0.43,-1.11,0.25,mvejmejcxaxkbhncsjpmbezdoochlhpw
-0.15,-0.89,0.25,mvejmejcxaxkbhncsjpmbezdoochlhpw
-0.26,1.49,0.25,mvejmejcxaxkbhncsjpmbezdoochlhpw
1.67,-2.88,0.25,mvejmejcxaxkbhncsjpmbezdoochlhpw
-0.36,2.75,0.25,mvejmejcxaxkbhncsjpmbezdoochlhpw
1.85,-3.82,0.25,mvejmejcxaxkbhncsjpmbezdoochlhpw
0.88,1.65,0.25,mvejmejcxaxkbhncsjpmbezdoochlhpw
-0.09,0.62,0.25,mvejmejcxaxkbhncsjpmbezdoochlhpw
1.52,3.64,0.25,mvejmejcxaxkbhncsjpmbezdoochlhpw
-0.33,-2.35,0.25,mvejmejcxaxkbhncsjpmbezdoochlhpw
1.65,1.44,0.25,mvejmejcxaxkbhncsjpmbezdoochlhpw
0.3,2.31,0.25,mvejmejcxaxkbhncsjpmbezdoochlhpw
1.74,-3.24,0.25,mvejmejcxaxkbhncsjpmbezdoochlhpw
0.95,1.57,0.25,mvejmejcxaxkbhncsjpmbezdoochlhpw
0.26,-2.98,0.25,mvejmejcxaxkbhncsjpmbezdoochlhpw
1.27,-0.61,0.25,mvejmejcxaxkbhncsjpmbezdoochlhpw
-0.11,-3.03,0.25,mvejmejcxaxkbhncsjpmbezdoochlhpw
-0.18,3.34,0.25,mvejmejcxaxkbhncsjpmbezdoochlhpw
-0.34,1.2,0.25,mvejmejcxaxkbhncsjpmbezdoochlhpw
-0.1,0.51,0.25,mvejmejcxaxkbhncsjpmbezdoochlhpw
1.09,-0.25,0.25,mvejmejcxaxkbhncsjpmbezdoochlhpw
-0.46,-0.04,0.25,mvejmejcxaxkbhncsjpmbezdoochlhpw
0.68,-3.22,0.25,mvejmejcxaxkbhncsjpmbezdoochlhpw
1.53,1,0.25,mvejmejcxaxkbhncsjpmbezdoochlhpw
1.49,-1.94,0.25,mvejmejcxaxkbhncsjpmbezdoochlhpw
0.21,-2.67,0.25,mvejmejcxaxkbhncsjpmbezdoochlhpw
-0.11,0.72,0.25,mvejmejcxaxkbhncsjpmbezdoochlhpw
1.67,-0.12,0.25,mvejmejcxaxkbhncsjpmbezdoochlhpw
0.36,-3.3,0.25,mvejmejcxaxkbhncsjpmbezdoochlhpw
1.41,-0.81,0.25,mvejmejcxaxkbhncsjpmbezdoochlhpw
0.73,1.03,0.25,mvejmejcxaxkbhncsjpmbezdoochlhpw
1.69,-2.67,0.25,mvejmejcxaxkbhncsjpmbezdoochlhpw
1.79,-2.05,0.25,mvejmejcxaxkbhncsjpmbezdoochlhpw
1.4,3.57,0.25,mvejmejcxaxkbhncsjpmbezdoochlhpw
1.01,1.24,0.25,mvejmejcxaxkbhncsjpmbezdoochlhpw
0.7,0.71,0.25,mvejmejcxaxkbhncsjpmbezdoochlhpw
1.14,-1.1,0.25,mvejmejcxaxkbhncsjpmbezdoochlhpw
0.93,-3.8,0.25,mvejmejcxaxkbhncsjpmbezdoochlhpw
1.27,2.41,0.25,mvejmejcxaxkbhncsjpmbezdoochlhpw
0.12,-1.75,0.25,mvejmejcxaxkbhncsjpmbezdoochlhpw
0.42,2.8,0.25,mvejmejcxaxkbhncsjpmbezdoochlhpw
0.52,-0.31,0.25,mvejmejcxaxkbhncsjpmbezdoochlhpw
-0.18,-2.92,0.25,mvejmejcxaxkbhncsjpmbezdoochlhpw
-0.05,-2.91,0.25,mvejmejcxaxkbhncsjpmbezdoochlhpw
1.74,2.89,0.25,mvejmejcxaxkbhncsjpmbezdoochlhpw
0.89,3.33,0.25,mvejmejcxaxkbhncsjpmbezdoochlhpw
1.38,-1.3,0.25,mvejmejcxaxkbhncsjpmbezdoochlhpw
1.51,1.98,0.25,mvejmejcxaxkbhncsjpmbezdoochlhpw
1.15,-0.04,0.25,mvejmejcxaxkbhncsjpmbezdoochlhpw
1.89,2.52,0.25,mvejmejcxaxkbhncsjpmbezdoochlhpw
-0.13,3.18,0.25,mvejmejcxaxkbhncsjpmbezdoochlhpw
0.29,0.35,0.25,mvejmejcxaxkbhncsjpmbezdoochlhpw
0.05,0.23,0.25,mvejmejcxaxkbhncsjpmbezdoochlhpw
1.54,2.12,0.25,mvejmejcxaxkbhncsjpmbezdoochlhpw
0.37,3.24,0.25,mvejmejcxaxkbhncsjpmbezdoochlhpw
-0.23,-0.84,0.25,mvejmejcxaxkbhncsjpmbezdoochlhpw
1.26,1.06,0.25,mvejmejcxaxkbhncsjpmbezdoochlhpw
0.6,2.67,0.25,mvejmejcxaxkbhncsjpmbezdoochlhpw
1.52,-3.34,0.25,mvejmejcxaxkbhncsjpmbezdoochlhpw
0.96,2.51,0.25,mvejmejcxaxkbhncsjpmbezdoochlhpw
-0.25,3.51,0.25,mvejmejcxaxkbhncsjpmbezdoochlhpw
1.23,-0.58,0.25,mvejmejcxaxkbhncsjpmbezdoochlhpw
1.23,1.37,0.25,mvejmejcxaxkbhncsjpmbezdoochlhpw
1.62,3.06,0.25,mvejmejcxaxkbhncsjpmbezdoochlhpw
0.14,2.58,0.25,mvejmejcxaxkbhncsjpmbezdoochlhpw
-0.42,-0.35,0.25,mvejmejcxaxkbhncsjpmbezdoochlhpw
0.44,-2.45,0.25,mvejmejcxaxkbhncsjpmbezdoochlhpw
1.52,-3.09,0.25,mvejmejcxaxkbhncsjpmbezdoochlhpw
1.8,-3.29,0.25,mvejmejcxaxkbhncsjpmbezdoochlhpw
1.96,1.32,0.25,mvejmejcxaxkbhncsjpmbezdoochlhpw
1.95,1.38,0.25,mvejmejcxaxkbhncsjpmbezdoochlhpw
0.53,3.66,0.25,mvejmejcxaxkbhncsjpmbezdoochlhpw
0,-2.91,0.25,mvejmejcxaxkbhncsjpmbezdoochlhpw
1.23,1.35,0.25,mvejmejcxaxkbhncsjpmbezdoochlhpw
1.13,-0.67,0.25,mvejmejcxaxkbhncsjpmbezdoochlhpw
1.9,-1.5,0.25,mvejmejcxaxkbhncsjpmbezdoochlhpw
0.62,2.96,0.25,mvejmejcxaxkbhncsjpmbezdoochlhpw
0.5,-2.28,0.25,mvejmejcxaxkbhncsjpmbezdoochlhpw
0.2,-2.95,0.25,mvejmejcxaxkbhncsjpmbezdoochlhpw
1.61,2.31,0.25,mvejmejcxaxkbhncsjpmbezdoochlhpw
0.08,3.27,0.25,mvejmejcxaxkbhncsjpmbezdoochlhpw
1.39,2.97,0.25,mvejmejcxaxkbhncsjpmbezdoochlhpw
1.45,-2.41,0.25,mvejmejcxaxkbhncsjpmbezdoochlhpw
-0.42,3.43,0.25,mvejmejcxaxkbhncsjpmbezdoochlhpw
0.24,1.65,0.25,mvejmejcxaxkbhncsjpmbezdoochlhpw
0.83,-2.39,0.25,mvejmejcxaxkbhncsjpmbezdoochlhpw
0.22,-2.37,0.25,mvejmejcxaxkbhncsjpmbezdoochlhpw
-0.45,-3.02,0.25,mvejmejcxaxkbhncsjpmbezdoochlhpw
1.43,-2.31,0.25,mvejmejcxaxkbhncsjpmbezdoochlhpw
1.43,-1.24,0.25,mvejmejcxaxkbhncsjpmbezdoochlhpw
0.62,3.14,0.25,mvejmejcxaxkbhncsjpmbezdoochlhpw
0.43,-1,0.25,mvejmejcxaxkbhncsjpmbezdoochlhpw
1,0.7,0.25,mvejmejcxaxkbhncsjpmbezdoochlhpw
1.24,3.29,0.25,mvejmejcxaxkbhncsjpmbezdoochlhpw
0.18,-3.61,0.25,mvejmejcxaxkbhncsjpmbezdoochlhpw
0.79,-1.02,0.25,mvejmejcxaxkbhncsjpmbezdoochlhpw
-0.29,-3.48,0.25,mvejmejcxaxkbhncsjpmbezdoochlhpw
1.37,-1.96,0.25,mvejmejcxaxkbhncsjpmbezdoochlhpw
0.25,0.94,0.25,mvejmejcxaxkbhncsjpmbezdoochlhpw
1.32,-3.17,0.25,mvejmejcxaxkbhncsjpmbezdoochlhpw
0.31,1.65,0.25,mvejmejcxaxkbhncsjpmbezdoochlhpw
0.98,3.35,0.25,mvejmejcxaxkbhncsjpmbezdoochlhpw
1.2,3.54,0.25,mvejmejcxaxkbhncsjpmbezdoochlhpw
-0.43,3.13,0.25,mvejmejcxaxkbhncsjpmbezdoochlhpw
1.95,0.31,0.25,mvejmejcxaxkbhncsjpmbezdoochlhpw
0.75,-2.58,0.25,mvejmejcxaxkbhncsjpmbezdoochlhpw
1.63,-3.82,0.25,mvejmejcxaxkbhncsjpmbezdoochlhpw
0.49,-0.67,0.25,mvejmejcxaxkbhncsjpmbezdoochlhpw
1.74,2.33,0.25,mvejmejcxaxkbhncsjpmbezdoochlhpw
0.76,0.99,0.25,mvejmejcxaxkbhncsjpmbezdoochlhpw
1.22,0.44,0.25,mvejmejcxaxkbhncsjpmbezdoochlhpw
1.62,-1.72,0.25,mvejmejcxaxkbhncsjpmbezdoochlhpw
0.14,0.27,0.25,mvejmejcxaxkbhncsjpmbezdoochlhpw
0.68,3.21,0.25,mvejmejcxaxkbhncsjpmbezdoochlhpw
1.55,3.13,0.25,mvejmejcxaxkbhncsjpmbezdoochlhpw
-0.24,0.18,0.25,mvejmejcxaxkbhncsjpmbezdoochlhpw
0.33,-2.8,0.25,mvejmejcxaxkbhncsjpmbezdoochlhpw
1.28,-1.52,0.25,mvejmejcxaxkbhncsjpmbezdoochlhpw
1.19,-0.57,0.25,mvejmejcxaxkbhncsjpmbezdoochlhpw
0.44,-1.28,0.25,mvejmejcxaxkbhncsjpmbezdoochlhpw
1.91,0.93,0.25,mvejmejcxaxkbhncsjpmbezdoochlhpw
1.6,3.59,0.25,mvejmejcxaxkbhncsjpmbezdoochlhpw
1.64,2.87,0.25,mvejmejcxaxkbhncsjpmbezdoochlhpw
1.2,-2.23,0.25,mvejmejcxaxkbhncsjpmbezdoochlhpw
-0.48,0.92,0.25,mvejmejcxaxkbhncsjpmbezdoochlhpw
0.27,2.64,0.25,mvejmejcxaxkbhncsjpmbezdoochlhpw
-0.07,0.78,0.25,mvejmejcxaxkbhncsjpmbezdoochlhpw
0.39,2.36,0.25,mvejmejcxaxkbhncsjpmbezdoochlhpw
1.66,-2.05,0.25,mvejmejcxaxkbhncsjpmbezdoochlhpw
-0.05,3.6,0.25,mvejmejcxaxkbhncsjpmbezdoochlhpw
-0.44,3.08,0.25,mvejmejcxaxkbhncsjpmbezdoochlhpw
1.21,-0.28,0.25,mvejmejcxaxkbhncsjpmbezdoochlhpw
1.09,-2.93,0.25,mvejmejcxaxkbhncsjpmbezdoochlhpw
0.2,-1.77,0.25,mvejmejcxaxkbhncsjpmbezdoochlhpw
1.91,0.41,0.25,mvejmejcxaxkbhncsjpmbezdoochlhpw
1.16,-0.47,0.25,mvejmejcxaxkbhncsjpmbezdoochlhpw
0.83,-1.92,0.25,mvejmejcxaxkbhncsjpmbezdoochlhpw
1.12,3.76,0.25,mvejmejcxaxkbhncsjpmbezdoochlhpw
1.77,-2.38,0.25,mvejmejcxaxkbhncsjpmbezdoochlhpw
0.55,-2.16,0.25,mvejmejcxaxkbhncsjpmbezdoochlhpw
0.74,3,0.25,mvejmejcxaxkbhncsjpmbezdoochlhpw
0.13,1.47,0.25,mvejmejcxaxkbhncsjpmbezdoochlhpw
0.06,-3.18,0.25,mvejmejcxaxkbhncsjpmbezdoochlhpw
-0.47,2.02,0.25,mvejmejcxaxkbhncsjpmbezdoochlhpw
1.8,-3.31,0.25,mvejmejcxaxkbhncsjpmbezdoochlhpw
1.31,1.78,0.25,mvejmejcxaxkbhncsjpmbezdoochlhpw
0.22,0.27,0.25,mvejmejcxaxkbhncsjpmbezdoochlhpw
2,2.32,0.25,mvejmejcxaxkbhncsjpmbezdoochlhpw
-0.49,-0.09,0.25,mvejmejcxaxkbhncsjpmbezdoochlhpw
0.24,-0.26,0.25,mvejmejcxaxkbhncsjpmbezdoochlhpw
0.26,-2.19,0.25,mvejmejcxaxkbhncsjpmbezdoochlhpw
1,-1.54,0.25,mvejmejcxaxkbhncsjpmbezdoochlhpw
1.62,0.95,0.25,mvejmejcxaxkbhncsjpmbezdoochlhpw
0.93,-1.25,0.25,mvejmejcxaxkbhncsjpmbezdoochlhpw
0.38,-2.36,0.25,mvejmejcxaxkbhncsjpmbezdoochlhpw
1.14,-2.79,0.25,mvejmejcxaxkbhncsjpmbezdoochlhpw
-0.5,-1.41,0.25,mvejmejcxaxkbhncsjpmbezdoochlhpw
1.47,-2.54,0.25,mvejmejcxaxkbhncsjpmbezdoochlhpw
0.35,-2.36,0.25,mvejmejcxaxkbhncsjpmbezdoochlhpw
1.7,2.38,0.25,mvejmejcxaxkbhncsjpmbezdoochlhpw
1.21,-2.84,0.25,mvejmejcxaxkbhncsjpmbezdoochlhpw
1.68,-2.64,0.25,mvejmejcxaxkbhncsjpmbezdoochlhpw
0.26,3.81,0.25,mvejmejcxaxkbhncsjpmbezdoochlhpw
1.34,1.07,0.25,mvejmejcxaxkbhncsjpmbezdoochlhpw
-0.28,3.42,0.25,mvejmejcxaxkbhncsjpmbezdoochlhpw
0.97,-1.11,0.25,mvejmejcxaxkbhncsjpmbezdoochlhpw
-0.26,-0.99,0.25,mvejmejcxaxkbhncsjpmbezdoochlhpw
0.3,-1.34,0.25,mvejmejcxaxkbhncsjpmbezdoochlhpw
-0.01,0.84,0.25,mvejmejcxaxkbhncsjpmbezdoochlhpw
0.37,-2.07,0.25,mvejmejcxaxkbhncsjpmbezdoochlhpw
0.04,-3.78,0.25,mvejmejcxaxkbhncsjpmbezdoochlhpw
1.52,3.05,0.25,mvejmejcxaxkbhncsjpmbezdoochlhpw
1.28,-0.56,0.25,mvejmejcxaxkbhncsjpmbezdoochlhpw
0.51,-0.39,0.25,mvejmejcxaxkbhncsjpmbezdoochlhpw
0.88,-0.88,0.25,mvejmejcxaxkbhncsjpmbezdoochlhpw
-0.19,2.33,0.25,mvejmejcxaxkbhncsjpmbezdoochlhpw
0.41,-0.85,0.25,mvejmejcxaxkbhncsjpmbezdoochlhpw
0.02,2.58,0.25,mvejmejcxaxkbhncsjpmbezdoochlhpw
0.64,-3.18,0.25,mvejmejcxaxkbhncsjpmbezdoochlhpw
0.91,-0.5,0.25,mvejmejcxaxkbhncsjpmbezdoochlhpw
0.53,3.96,0.25,mvejmejcxaxkbhncsjpmbezdoochlhpw
-0.15,-3.85,0.25,mvejmejcxaxkbhncsjpmbezdoochlhpw
1.89,3.88,0.25,mvejmejcxaxkbhncsjpmbezdoochlhpw
1.62,1.79,0.25,mvejmejcxaxkbhncsjpmbezdoochlhpw
1.11,-2.91,0.25,mvejmejcxaxkbhncsjpmbezdoochlhpw
-0.2,-3.21,0.25,mvejmejcxaxkbhncsjpmbezdoochlhpw
0.69,-2.52,0.25,mvejmejcxaxkbhncsjpmbezdoochlhpw
-0.36,3.99,0.25,mvejmejcxaxkbhncsjpmbezdoochlhpw
0.72,1.87,0.25,mvejmejcxaxkbhncsjpmbezdoochlhpw
1.01,-1.37,0.25,mvejmejcxaxkbhncsjpmbezdoochlhpw
-0.48,3.63,0.25,mvejmejcxaxkbhncsjpmbezdoochlhpw
1.14,-1.78,0.25,mvejmejcxaxkbhncsjpmbezdoochlhpw
-0.02,1.66,0.25,mvejmejcxaxkbhncsjpmbezdoochlhpw
0.03,0.74,0.25,mvejmejcxaxkbhncsjpmbezdoochlhpw
0.15,-3.88,0.25,mvejmejcxaxkbhncsjpmbezdoochlhpw
0.48,2.51,0.25,mvejmejcxaxkbhncsjpmbezdoochlhpw
-0.12,3.07,0.25,mvejmejcxaxkbhncsjpmbezdoochlhpw
-0.37,2.49,0.25,mvejmejcxaxkbhncsjpmbezdoochlhpw
0.82,0.19,0.25,mvejmejcxaxkbhncsjpmbezdoochlhpw
-0.21,0.37,0.25,mvejmejcxaxkbhncsjpmbezdoochlhpw
0.19,2.2,0.25,mvejmejcxaxkbhncsjpmbezdoochlhpw
0.48,3.3,0.25,mvejmejcxaxkbhncsjpmbezdoochlhpw
-0.27,-2.63,0.25,mvejmejcxaxkbhncsjpmbezdoochlhpw
0.41,-1.82,0.25,mvejmejcxaxkbhncsjpmbezdoochlhpw
1.26,3.43,0.25,mvejmejcxaxkbhncsjpmbezdoochlhpw
0.03,-1.44,0.25,mvejmejcxaxkbhncsjpmbezdoochlhpw
1.05,-2.06,0.25,mvejmejcxaxkbhncsjpmbezdoochlhpw
0.71,-0.23,0.25,mvejmejcxaxkbhncsjpmbezdoochlhpw
0.46,3.45,0.25,mvejmejcxaxkbhncsjpmbezdoochlhpw
0.18,-3.88,0.25,mvejmejcxaxkbhncsjpmbezdoochlhpw
1.61,-2.5,0.25,mvejmejcxaxkbhncsjpmbezdoochlhpw
-0.13,1.05,0.25,mvejmejcxaxkbhncsjpmbezdoochlhpw
1.18,-2.23,0.25,mvejmejcxaxkbhncsjpmbezdoochlhpw
-0.39,-1.28,0.25,mvejmejcxaxkbhncsjpmbezdoochlhpw
1.41,-0.1,0.25,mvejmejcxaxkbhncsjpmbezdoochlhpw
0.3,-1.26,0.25,mvejmejcxaxkbhncsjpmbezdoochlhpw
0.57,-3.65,0.25,mvejmejcxaxkbhncsjpmbezdoochlhpw
-0.26,0.11,0.25,mvejmejcxaxkbhncsjpmbezdoochlhpw
1.53,-2.28,0.25,mvejmejcxaxkbhncsjpmbezdoochlhpw
1.32,-1.55,0.25,mvejmejcxaxkbhncsjpmbezdoochlhpw
0.53,-3.67,0.25,mvejmejcxaxkbhncsjpmbezdoochlhpw
0.18,0.3,0.25,mvejmejcxaxkbhncsjpmbezdoochlhpw
-0.34,3.12,0.25,mvejmejcxaxkbhncsjpmbezdoochlhpw
2,1.16,0.25,mvejmejcxaxkbhncsjpmbezdoochlhpw
1.37,1.89,0.25,mvejmejcxaxkbhncsjpmbezdoochlhpw
-0.13,-2.82,0.25,mvejmejcxaxkbhncsjpmbezdoochlhpw
1.8,-0.74,0.25,mvejmejcxaxkbhncsjpmbezdoochlhpw
0.88,-3.4,0.25,mvejmejcxaxkbhncsjpmbezdoochlhpw
0.79,-0.97,0.25,mvejmejcxaxkbhncsjpmbezdoochlhpw
1.7,0.49,0.25,mvejmejcxaxkbhncsjpmbezdoochlhpw
0.17,-2.86,0.25,mvejmejcxaxkbhncsjpmbezdoochlhpw
1.92,0.99,0.25,mvejmejcxaxkbhncsjpmbezdoochlhpw
1.81,2.72,0.25,mvejmejcxaxkbhncsjpmbezdoochlhpw
0.68,0.39,0.25,mvejmejcxaxkbhncsjpmbezdoochlhpw
-0.35,-0.99,0.25,mvejmejcxaxkbhncsjpmbezdoochlhpw
1.2,-3.57,0.25,mvejmejcxaxkbhncsjpmbezdoochlhpw
0.84,-2.9,0.25,mvejmejcxaxkbhncsjpmbezdoochlhpw
1.29,-1.47,0.25,mvejmejcxaxkbhncsjpmbezdoochlhpw
1.63,3.21,0.25,mvejmejcxaxkbhncsjpmbezdoochlhpw
1.2,-2.54,0.25,mvejmejcxaxkbhncsjpmbezdoochlhpw
-0.5,-3.33,0.25,mvejmejcxaxkbhncsjpmbezdoochlhpw
-0.19,3.37,0.25,mvejmejcxaxkbhncsjpmbezdoochlhpw
0.36,-0.24,0.25,mvejmejcxaxkbhncsjpmbezdoochlhpw
-0.44,-1.29,0.25,mvejmejcxaxkbhncsjpmbezdoochlhpw
1.37,0.95,0.25,mvejmejcxaxkbhncsjpmbezdoochlhpw
1.55,-1.35,0.25,mvejmejcxaxkbhncsjpmbezdoochlhpw
1.8,1.71,0.25,mvejmejcxaxkbhncsjpmbezdoochlhpw
1.17,-3.03,0.25,mvejmejcxaxkbhncsjpmbezdoochlhpw
-0.08,3.1,0.25,mvejmejcxaxkbhncsjpmbezdoochlhpw
-0.16,3.64,0.25,mvejmejcxaxkbhncsjpmbezdoochlhpw
0.04,-1.05,0.25,mvejmejcxaxkbhncsjpmbezdoochlhpw
-0.49,-2.02,0.25,mvejmejcxaxkbhncsjpmbezdoochlhpw
-0.02,-2.01,0.25,mvejmejcxaxkbhncsjpmbezdoochlhpw
0.03,2.15,0.25,mvejmejcxaxkbhncsjpmbezdoochlhpw
0.76,2.22,0.25,mvejmejcxaxkbhncsjpmbezdoochlhpw
1.44,-0.07,0.25,mvejmejcxaxkbhncsjpmbezdoochlhpw
-0.03,1.23,0.25,mvejmejcxaxkbhncsjpmbezdoochlhpw
1.99,0.98,0.25,mvejmejcxaxkbhncsjpmbezdoochlhpw
0.1,0.3,0.25,mvejmejcxaxkbhncsjpmbezdoochlhpw
0.54,-2.4,0.25,mvejmejcxaxkbhncsjpmbezdoochlhpw
-0.43,3,0.25,mvejmejcxaxkbhncsjpmbezdoochlhpw
-0.18,0.13,0.25,mvejmejcxaxkbhncsjpmbezdoochlhpw
0.6,1.2,0.25,mvejmejcxaxkbhncsjpmbezdoochlhpw
0.97,-1.44,0.25,mvejmejcxaxkbhncsjpmbezdoochlhpw
1.21,0.63,0.25,mvejmejcxaxkbhncsjpmbezdoochlhpw
0.89,2.41,0.25,mvejmejcxaxkbhncsjpmbezdoochlhpw
0.15,1.47,0.25,mvejmejcxaxkbhncsjpmbezdoochlhpw
-0.2,-0.3,0.25,mvejmejcxaxkbhncsjpmbezdoochlhpw
0.18,-1,0.25,mvejmejcxaxkbhncsjpmbezdoochlhpw
-0.02,-3.66,0.25,mvejmejcxaxkbhncsjpmbezdoochlhpw
1.18,-0.48,0.25,mvejmejcxaxkbhncsjpmbezdoochlhpw
1.87,-1.25,0.25,mvejmejcxaxkbhncsjpmbezdoochlhpw
1.21,-1.87,0.25,mvejmejcxaxkbhncsjpmbezdoochlhpw
-0.43,-3.66,0.25,mvejmejcxaxkbhncsjpmbezdoochlhpw
1.35,-1.84,0.25,mvejmejcxaxkbhncsjpmbezdoochlhpw
1.62,1.82,0.25,mvejmejcxaxkbhncsjpmbezdoochlhpw
1.58,1.64,0.25,mvejmejcxaxkbhncsjpmbezdoochlhpw
1.66,2.95,0.25,mvejmejcxaxkbhncsjpmbezdoochlhpw
-0.11,0.22,0.25,mvejmejcxaxkbhncsjpmbezdoochlhpw
-0.27,-2.05,0.25,mvejmejcxaxkbhncsjpmbezdoochlhpw
1.35,0.7,0.25,mvejmejcxaxkbhncsjpmbezdoochlhpw
0.62,-0.81,0.25,mvejmejcxaxkbhncsjpmbezdoochlhpw
0.29,-0.6,0.25,mvejmejcxaxkbhncsjpmbezdoochlhpw
1.54,3.57,0.25,mvejmejcxaxkbhncsjpmbezdoochlhpw
0.74,-2.35,0.25,mvejmejcxaxkbhncsjpmbezdoochlhpw
1.3,2.27,0.25,mvejmejcxaxkbhncsjpmbezdoochlhpw
0.52,-3.43,0.25,mvejmejcxaxkbhncsjpmbezdoochlhpw
-0.17,3.71,0.25,mvejmejcxaxkbhncsjpmbezdoochlhpw
0.92,0.01,0.25,mvejmejcxaxkbhncsjpmbezdoochlhpw
1.26,2.97,0.25,mvejmejcxaxkbhncsjpmbezdoochlhpw
0.8,-1.61,0.25,mvejmejcxaxkbhncsjpmbezdoochlhpw
0.32,2.08,0.25,mvejmejcxaxkbhncsjpmbezdoochlhpw
0.95,-0.55,0.25,mvejmejcxaxkbhncsjpmbezdoochlhpw
1.46,-2.87,0.25,mvejmejcxaxkbhncsjpmbezdoochlhpw
1.59,2.24,0.25,mvejmejcxaxkbhncsjpmbezdoochlhpw
0.67,-3.43,0.25,mvejmejcxaxkbhncsjpmbezdoochlhpw
0.02,-0.76,0.25,mvejmejcxaxkbhncsjpmbezdoochlhpw
0.42,2.08,0.25,mvejmejcxaxkbhncsjpmbezdoochlhpw
-0.06,-2.49,0.25,mvejmejcxaxkbhncsjpmbezdoochlhpw
0.12,1.15,0.25,mvejmejcxaxkbhncsjpmbezdoochlhpw
1.15,3.44,0.25,mvejmejcxaxkbhncsjpmbezdoochlhpw
1.8,0.89,0.25,mvejmejcxaxkbhncsjpmbezdoochlhpw
-0.24,-1.88,0.25,mvejmejcxaxkbhncsjpmbezdoochlhpw
0.34,0.88,0.25,mvejmejcxaxkbhncsjpmbezdoochlhpw
1.65,1.54,0.25,mvejmejcxaxkbhncsjpmbezdoochlhpw
0.87,-2.84,0.25,mvejmejcxaxkbhncsjpmbezdoochlhpw
0.99,2.13,0.25,mvejmejcxaxkbhncsjpmbezdoochlhpw
1.99,-0.91,0.25,mvejmejcxaxkbhncsjpmbezdoochlhpw
1.53,-1.01,0.25,mvejmejcxaxkbhncsjpmbezdoochlhpw
-0.3,-1.43,0.25,mvejmejcxaxkbhncsjpmbezdoochlhpw
0.71,0.6,0.25,mvejmejcxaxkbhncsjpmbezdoochlhpw
0.97,1.51,0.25,mvejmejcxaxkbhncsjpmbezdoochlhpw
-0.39,-1.25,0.25,mvejmejcxaxkbhncsjpmbezdoochlhpw
0.68,0.43,0.25,mvejmejcxaxkbhncsjpmbezdoochlhpw
-0.16,1.75,0.25,mvejmejcxaxkbhncsjpmbezdoochlhpw
1.37,-1.33,0.25,mvejmejcxaxkbhncsjpmbezdoochlhpw
0.23,-1.29,0.25,mvejmejcxaxkbhncsjpmbezdoochlhpw
0.67,-2.27,0.25,mvejmejcxaxkbhncsjpmbezdoochlhpw
-0.04,1.42,0.25,mvejmejcxaxkbhncsjpmbezdoochlhpw
-0.21,-1.7,0.25,mvejmejcxaxkbhncsjpmbezdoochlhpw
1.01,2.73,0.25,mvejmejcxaxkbhncsjpmbezdoochlhpw
1.82,3.55,0.25,mvejmejcxaxkbhncsjpmbezdoochlhpw
0.07,2.56,0.25,mvejmejcxaxkbhncsjpmbezdoochlhpw
-0.31,1.12,0.25,mvejmejcxaxkbhncsjpmbezdoochlhpw
0.61,-2.13,0.25,mvejmejcxaxkbhncsjpmbezdoochlhpw
0.63,-0.56,0.25,mvejmejcxaxkbhncsjpmbezdoochlhpw
-0.17,-2.33,0.25,mvejmejcxaxkbhncsjpmbezdoochlhpw
1.57,1.51,0.25,mvejmejcxaxkbhncsjpmbezdoochlhpw
1.71,-2.23,0.25,mvejmejcxaxkbhncsjpmbezdoochlhpw
0.13,-3.45,0.25,mvejmejcxaxkbhncsjpmbezdoochlhpw
0.72,0.81,0.25,mvejmejcxaxkbhncsjpmbezdoochlhpw
1.84,3.92,0.25,mvejmejcxaxkbhncsjpmbezdoochlhpw
0.32,-3.45,0.25,mvejmejcxaxkbhncsjpmbezdoochlhpw
0.89,-1.83,0.25,mvejmejcxaxkbhncsjpmbezdoochlhpw
1.65,3.67,0.25,mvejmejcxaxkbhncsjpmbezdoochlhpw
0.04,-0.73,0.25,mvejmejcxaxkbhncsjpmbezdoochlhpw
1.97,-2.97,0.25,mvejmejcxaxkbhncsjpmbezdoochlhpw
0.54,0.43,0.25,mvejmejcxaxkbhncsjpmbezdoochlhpw
1.11,-2.65,0.25,mvejmejcxaxkbhncsjpmbezdoochlhpw
0.2,-2.45,0.25,mvejmejcxaxkbhncsjpmbezdoochlhpw
0.77,3.54,0.25,mvejmejcxaxkbhncsjpmbezdoochlhpw
-0.16,-1.07,0.25,mvejmejcxaxkbhncsjpmbezdoochlhpw
0,0.35,0.25,mvejmejcxaxkbhncsjpmbezdoochlhpw
-0.12,0.3,0.25,mvejmejcxaxkbhncsjpmbezdoochlhpw
1.32,2.8,0.25,mvejmejcxaxkbhncsjpmbezdoochlhpw
0.46,-3.71,0.25,mvejmejcxaxkbhncsjpmbezdoochlhpw
0.94,-3.9,0.25,mvejmejcxaxkbhncsjpmbezdoochlhpw
1.77,2.01,0.25,mvejmejcxaxkbhncsjpmbezdoochlhpw
-0.19,3.39,0.25,mvejmejcxaxkbhncsjpmbezdoochlhpw
0.32,2.27,0.25,mvejmejcxaxkbhncsjpmbezdoochlhpw
1.58,-3.25,0.25,mvejmejcxaxkbhncsjpmbezdoochlhpw
1.29,-3.84,0.25,mvejmejcxaxkbhncsjpmbezdoochlhpw
-0.26,0.87,0.25,mvejmejcxaxkbhncsjpmbezdoochlhpw
1.42,1.2,0.25,mvejmejcxaxkbhncsjpmbezdoochlhpw
0.22,3.43,0.25,mvejmejcxaxkbhncsjpmbezdoochlhpw
0.71,-2.96,0.25,mvejmejcxaxkbhncsjpmbezdoochlhpw
1.56,-3.5,0.25,mvejmejcxaxkbhncsjpmbezdoochlhpw
0.09,2.73,0.25,mvejmejcxaxkbhncsjpmbezdoochlhpw
1.52,2.33,0.25,mvejmejcxaxkbhncsjpmbezdoochlhpw
-0.11,-0.48,0.25,mvejmejcxaxkbhncsjpmbezdoochlhpw
1.7,-1.52,0.25,mvejmejcxaxkbhncsjpmbezdoochlhpw
0.24,-1.77,0.25,mvejmejcxaxkbhncsjpmbezdoochlhpw
0.36,-2.18,0.25,mvejmejcxaxkbhncsjpmbezdoochlhpw
1.67,-0.85,0.25,mvejmejcxaxkbhncsjpmbezdoochlhpw
0.29,2.78,0.25,mvejmejcxaxkbhncsjpmbezdoochlhpw
-0.36,-2.52,0.25,mvejmejcxaxkbhncsjpmbezdoochlhpw
1.28,3.03,0.25,mvejmejcxaxkbhncsjpmbezdoochlhpw
0.03,3.74,0.25,mvejmejcxaxkbhncsjpmbezdoochlhpw
-0.01,2.51,0.25,mvejmejcxaxkbhncsjpmbezdoochlhpw
0.57,3.68,0.25,mvejmejcxaxkbhncsjpmbezdoochlhpw
-0.29,0.31,0.25,mvejmejcxaxkbhncsjpmbezdoochlhpw
0.49,2.97,0.25,mvejmejcxaxkbhncsjpmbezdoochlhpw
0.09,-3.44,0.25,mvejmejcxaxkbhncsjpmbezdoochlhpw
1.73,0.54,0.25,mvejmejcxaxkbhncsjpmbezdoochlhpw
0.45,-3.93,0.25,mvejmejcxaxkbhncsjpmbezdoochlhpw
0.08,-3.77,0.25,mvejmejcxaxkbhncsjpmbezdoochlhpw
-0.09,-1.97,0.25,mvejmejcxaxkbhncsjpmbezdoochlhpw
0.54,0.13,0.25,mvejmejcxaxkbhncsjpmbezdoochlhpw
1.53,-1.06,0.25,mvejmejcxaxkbhncsjpmbezdoochlhpw
1.13,2.5,0.25,mvejmejcxaxkbhncsjpmbezdoochlhpw
0.32,-2.06,0.25,mvejmejcxaxkbhncsjpmbezdoochlhpw
-0.19,-3.27,0.25,mvejmejcxaxkbhncsjpmbezdoochlhpw
1.44,-0.31,0.25,mvejmejcxaxkbhncsjpmbezdoochlhpw
0.06,3.71,0.25,mvejmejcxaxkbhncsjpmbezdoochlhpw
1.68,-3.47,0.25,mvejmejcxaxkbhncsjpmbezdoochlhpw
-0.15,-0.97,0.25,mvejmejcxaxkbhncsjpmbezdoochlhpw
1.16,-3.88,0.25,mvejmejcxaxkbhncsjpmbezdoochlhpw
1.93,-1.33,0.25,mvejmejcxaxkbhncsjpmbezdoochlhpw
0.4,-1.48,0.25,mvejmejcxaxkbhncsjpmbezdoochlhpw
0.37,-1,0.25,mvejmejcxaxkbhncsjpmbezdoochlhpw
0.98,-1.36,0.25,mvejmejcxaxkbhncsjpmbezdoochlhpw
1.24,0.96,0.25,mvejmejcxaxkbhncsjpmbezdoochlhpw
1.88,-1.72,0.25,mvejmejcxaxkbhncsjpmbezdoochlhpw
1.08,2.51,0.25,mvejmejcxaxkbhncsjpmbezdoochlhpw
0.62,1.05,0.25,mvejmejcxaxkbhncsjpmbezdoochlhpw
-0.31,-0.71,0.25,mvejmejcxaxkbhncsjpmbezdoochlhpw
0.19,-0.58,0.25,mvejmejcxaxkbhncsjpmbezdoochlhpw
0.03,1.51,0.25,mvejmejcxaxkbhncsjpmbezdoochlhpw
1.66,1.88,0.25,mvejmejcxaxkbhncsjpmbezdoochlhpw
0.84,1.12,0.25,mvejmejcxaxkbhncsjpmbezdoochlhpw
0.12,3.45,0.25,mvejmejcxaxkbhncsjpmbezdoochlhpw
0.53,-0.56,0.25,mvejmejcxaxkbhncsjpmbezdoochlhpw
1.16,-3.05,0.25,mvejmejcxaxkbhncsjpmbezdoochlhpw
-0.3,2.6,0.25,mvejmejcxaxkbhncsjpmbezdoochlhpw
-0.24,-3.56,0.25,mvejmejcxaxkbhncsjpmbezdoochlhpw
0.98,-0.91,0.25,mvejmejcxaxkbhncsjpmbezdoochlhpw
0.76,1.08,0.25,mvejmejcxaxkbhncsjpmbezdoochlhpw
0.89,-3.04,0.25,mvejmejcxaxkbhncsjpmbezdoochlhpw
-0.4,3.49,0.25,mvejmejcxaxkbhncsjpmbezdoochlhpw
-0.21,-1.95,0.25,mvejmejcxaxkbhncsjpmbezdoochlhpw
1.02,-0.61,0.25,mvejmejcxaxkbhncsjpmbezdoochlhpw
1.13,-0.46,0.25,mvejmejcxaxkbhncsjpmbezdoochlhpw
1.17,0.04,0.25,mvejmejcxaxkbhncsjpmbezdoochlhpw
0.71,-2.59,0.25,mvejmejcxaxkbhncsjpmbezdoochlhpw
0.39,0.09,0.25,mvejmejcxaxkbhncsjpmbezdoochlhpw
1.62,-3.74,0.25,mvejmejcxaxkbhncsjpmbezdoochlhpw
1.18,1.02,0.25,mvejmejcxaxkbhncsjpmbezdoochlhpw
1.61,-3.53,0.25,mvejmejcxaxkbhncsjpmbezdoochlhpw
1.4,3.2,0.25,mvejmejcxaxkbhncsjpmbezdoochlhpw
-0.39,-0.12,0.25,mvejmejcxaxkbhncsjpmbezdoochlhpw
1.8,-0.59,0.25,mvejmejcxaxkbhncsjpmbezdoochlhpw
0.01,3.33,0.25,mvejmejcxaxkbhncsjpmbezdoochlhpw
1.62,-1.69,0.25,mvejmejcxaxkbhncsjpmbezdoochlhpw
1.01,-3.93,0.25,mvejmejcxaxkbhncsjpmbezdoochlhpw
0.81,-0.16,0.25,mvejmejcxaxkbhncsjpmbezdoochlhpw
1.79,-3.13,0.25,mvejmejcxaxkbhncsjpmbezdoochlhpw
1.67,-2.08,0.25,mvejmejcxaxkbhncsjpmbezdoochlhpw
0.94,1.4,0.25,mvejmejcxaxkbhncsjpmbezdoochlhpw
1.35,-3.12,0.25,mvejmejcxaxkbhncsjpmbezdoochlhpw
1.99,-3.89,0.25,mvejmejcxaxkbhncsjpmbezdoochlhpw
1.45,-1.83,0.25,mvejmejcxaxkbhncsjpmbezdoochlhpw
1.97,-1.38,0.25,mvejmejcxaxkbhncsjpmbezdoochlhpw
0.9,2.53,0.25,mvejmejcxaxkbhncsjpmbezdoochlhpw
1.52,-3.64,0.25,mvejmejcxaxkbhncsjpmbezdoochlhpw
1.11,1.06,0.25,mvejmejcxaxkbhncsjpmbezdoochlhpw
1.6,1.87,0.25,mvejmejcxaxkbhncsjpmbezdoochlhpw
1.93,-0.3,0.25,mvejmejcxaxkbhncsjpmbezdoochlhpw
1.37,2.43,0.25,mvejmejcxaxkbhncsjpmbezdoochlhpw
1.77,-2.63,0.25,mvejmejcxaxkbhncsjpmbezdoochlhpw
-0.42,-2.73,0.25,mvejmejcxaxkbhncsjpmbezdoochlhpw
1.6,2.79,0.25,mvejmejcxaxkbhncsjpmbezdoochlhpw
1.67,-0.75,0.25,mvejmejcxaxkbhncsjpmbezdoochlhpw
1.82,-1.68,0.25,mvejmejcxaxkbhncsjpmbezdoochlhpw
0.22,0,0.25,mvejmejcxaxkbhncsjpmbezdoochlhpw
-0.07,0.56,0.25,mvejmejcxaxkbhncsjpmbezdoochlhpw
1.97,-3.97,0.25,mvejmejcxaxkbhncsjpmbezdoochlhpw
-0.29,1.31,0.25,mvejmejcxaxkbhncsjpmbezdoochlhpw
0.51,0.31,0.25,mvejmejcxaxkbhncsjpmbezdoochlhpw
0.67,-1.11,0.25,mvejmejcxaxkbhncsjpmbezdoochlhpw
-0.06,1.12,0.25,mvejmejcxaxkbhncsjpmbezdoochlhpw
0.48,3.11,0.25,mvejmejcxaxkbhncsjpmbezdoochlhpw
0.78,-2.46,0.25,mvejmejcxaxkbhncsjpmbezdoochlhpw
1.07,2.97,0.25,mvejmejcxaxkbhncsjpmbezdoochlhpw
1.16,-2.14,0.25,mvejmejcxaxkbhncsjpmbezdoochlhpw
0.66,2.39,0.25,mvejmejcxaxkbhncsjpmbezdoochlhpw
1.22,3.99,0.25,mvejmejcxaxkbhncsjpmbezdoochlhpw
0.69,3.22,0.25,mvejmejcxaxkbhncsjpmbezdoochlhpw
0.21,-0.9,0.25,mvejmejcxaxkbhncsjpmbezdoochlhpw
1.13,-2.33,0.25,mvejmejcxaxkbhncsjpmbezdoochlhpw
0.47,-3.51,0.25,mvejmejcxaxkbhncsjpmbezdoochlhpw
1.16,-1.83,0.25,mvejmejcxaxkbhncsjpmbezdoochlhpw
0.78,3.18,0.25,mvejmejcxaxkbhncsjpmbezdoochlhpw
1.24,3.12,0.25,mvejmejcxaxkbhncsjpmbezdoochlhpw
0.88,1.08,0.25,mvejmejcxaxkbhncsjpmbezdoochlhpw
0.75,3.85,0.25,mvejmejcxaxkbhncsjpmbezdoochlhpw
-0.33,-2.2,0.25,mvejmejcxaxkbhncsjpmbezdoochlhpw
0.04,1.16,0.25,mvejmejcxaxkbhncsjpmbezdoochlhpw
0.66,-3.25,0.25,mvejmejcxaxkbhncsjpmbezdoochlhpw
-0.45,-0.02,0.25,mvejmejcxaxkbhncsjpmbezdoochlhpw
1.98,0.05,0.25,mvejmejcxaxkbhncsjpmbezdoochlhpw
1.6,-3.12,0.25,mvejmejcxaxkbhncsjpmbezdoochlhpw
1.81,2.49,0.25,mvejmejcxaxkbhncsjpmbezdoochlhpw
0.63,-0.25,0.25,mvejmejcxaxkbhncsjpmbezdoochlhpw
0.09,-2.37,0.25,mvejmejcxaxkbhncsjpmbezdoochlhpw
1.52,-1.06,0.25,mvejmejcxaxkbhncsjpmbezdoochlhpw
1.51,2.23,0.25,mvejmejcxaxkbhncsjpmbezdoochlhpw
1.88,2.37,0.25,mvejmejcxaxkbhncsjpmbezdoochlhpw
-0.2,3.59,0.25,mvejmejcxaxkbhncsjpmbezdoochlhpw
-0.38,-2.03,0.25,mvejmejcxaxkbhncsjpmbezdoochlhpw
-0.22,-1.52,0.25,mvejmejcxaxkbhncsjpmbezdoochlhpw
1.9,0.75,0.25,mvejmejcxaxkbhncsjpmbezdoochlhpw
-0.12,1.09,0.25,mvejmejcxaxkbhncsjpmbezdoochlhpw
-0.46,2.73,0.25,mvejmejcxaxkbhncsjpmbezdoochlhpw
1.8,1.14,0.25,mvejmejcxaxkbhncsjpmbezdoochlhpw
1.05,-0.02,0.25,mvejmejcxaxkbhncsjpmbezdoochlhpw
-0.1,2.33,0.25,mvejmejcxaxkbhncsjpmbezdoochlhpw
1.41,-0.03,0.25,mvejmejcxaxkbhncsjpmbezdoochlhpw
0.14,-1.44,0.25,mvejmejcxaxkbhncsjpmbezdoochlhpw
0.97,0.66,0.25,mvejmejcxaxkbhncsjpmbezdoochlhpw
0.64,-1.13,0.25,mvejmejcxaxkbhncsjpmbezdoochlhpw
1.17,-2.86,0.25,mvejmejcxaxkbhncsjpmbezdoochlhpw
0.62,-1.16,0.25,mvejmejcxaxkbhncsjpmbezdoochlhpw
-0.44,-2.51,0.25,mvejmejcxaxkbhncsjpmbezdoochlhpw
-0.29,-3.84,0.25,mvejmejcxaxkbhncsjpmbezdoochlhpw
1.97,2.32,0.25,mvejmejcxaxkbhncsjpmbezdoochlhpw
-0.01,1.57,0.25,mvejmejcxaxkbhncsjpmbezdoochlhpw
-0.1,-2.96,0.25,mvejmejcxaxkbhncsjpmbezdoochlhpw
-0.16,1.15,0.25,mvejmejcxaxkbhncsjpmbezdoochlhpw
-0.04,-2.72,0.25,mvejmejcxaxkbhncsjpmbezdoochlhpw
1.15,1.03,0.25,mvejmejcxaxkbhncsjpmbezdoochlhpw
1.24,-3.87,0.25,mvejmejcxaxkbhncsjpmbezdoochlhpw
1.3,-1.37,0.25,mvejmejcxaxkbhncsjpmbezdoochlhpw
0.16,-3.06,0.25,mvejmejcxaxkbhncsjpmbezdoochlhpw
-0.01,2.42,0.25,mvejmejcxaxkbhncsjpmbezdoochlhpw
0.9,-2.44,0.25,mvejmejcxaxkbhncsjpmbezdoochlhpw
1.31,-2.13,0.25,mvejmejcxaxkbhncsjpmbezdoochlhpw
-0.4,-0.78,0.25,mvejmejcxaxkbhncsjpmbezdoochlhpw
0.05,0.54,0.25,mvejmejcxaxkbhncsjpmbezdoochlhpw
0.27,0.91,0.25,mvejmejcxaxkbhncsjpmbezdoochlhpw
0.36,-0.88,0.25,mvejmejcxaxkbhncsjpmbezdoochlhpw
1.28,-2.69,0.25,mvejmejcxaxkbhncsjpmbezdoochlhpw
0.41,-2.44,0.25,mvejmejcxaxkbhncsjpmbezdoochlhpw
1.41,-1.41,0.25,mvejmejcxaxkbhncsjpmbezdoochlhpw
1.27,-2.57,0.25,mvejmejcxaxkbhncsjpmbezdoochlhpw
0.03,0.86,0.25,mvejmejcxaxkbhncsjpmbezdoochlhpw
0.42,0.89,0.25,mvejmejcxaxkbhncsjpmbezdoochlhpw
-0.2,1.87,0.25,mvejmejcxaxkbhncsjpmbezdoochlhpw
0.92,-0.21,0.25,mvejmejcxaxkbhncsjpmbezdoochlhpw
1.96,-3.85,0.25,mvejmejcxaxkbhncsjpmbezdoochlhpw
0.57,-3.35,0.25,mvejmejcxaxkbhncsjpmbezdoochlhpw
1.49,2.29,0.25,mvejmejcxaxkbhncsjpmbezdoochlhpw
-0.49,-2.63,0.25,mvejmejcxaxkbhncsjpmbezdoochlhpw
0.43,-3.45,0.25,mvejmejcxaxkbhncsjpmbezdoochlhpw
0.92,3.74,0.25,mvejmejcxaxkbhncsjpmbezdoochlhpw
1.11,1.7,0.25,mvejmejcxaxkbhncsjpmbezdoochlhpw
-0.38,0.26,0.25,mvejmejcxaxkbhncsjpmbezdoochlhpw
-0.27,-2.42,0.25,mvejmejcxaxkbhncsjpmbezdoochlhpw
1.91,3.5,0.25,mvejmejcxaxkbhncsjpmbezdoochlhpw
-0.44,2.11,0.25,mvejmejcxaxkbhncsjpmbezdoochlhpw
0.34,-2.14,0.25,mvejmejcxaxkbhncsjpmbezdoochlhpw
1.01,1.55,0.25,mvejmejcxaxkbhncsjpmbezdoochlhpw
-0.24,2.37,0.25,mvejmejcxaxkbhncsjpmbezdoochlhpw
0.44,-1.34,0.25,mvejmejcxaxkbhncsjpmbezdoochlhpw
0.16,-3.41,0.25,mvejmejcxaxkbhncsjpmbezdoochlhpw
0.57,-2.8,0.25,mvejmejcxaxkbhncsjpmbezdoochlhpw
1.05,3.97,0.25,mvejmejcxaxkbhncsjpmbezdoochlhpw
0.32,-1.1,0.25,mvejmejcxaxkbhncsjpmbezdoochlhpw
1.8,-0.12,0.25,mvejmejcxaxkbhncsjpmbezdoochlhpw
1.14,0.89,0.25,mvejmejcxaxkbhncsjpmbezdoochlhpw
0.63,-0.64,0.25,mvejmejcxaxkbhncsjpmbezdoochlhpw
1.3,-2.38,0.25,mvejmejcxaxkbhncsjpmbezdoochlhpw
1.58,0.01,0.25,mvejmejcxaxkbhncsjpmbezdoochlhpw
0.56,-1.68,0.25,mvejmejcxaxkbhncsjpmbezdoochlhpw
-0.26,1.88,0.25,mvejmejcxaxkbhncsjpmbezdoochlhpw
1.2,-2.26,0.25,mvejmejcxaxkbhncsjpmbezdoochlhpw
1.23,-0.98,0.25,mvejmejcxaxkbhncsjpmbezdoochlhpw
0.39,1.52,0.25,mvejmejcxaxkbhncsjpmbezdoochlhpw
0.5,-3.55,0.25,mvejmejcxaxkbhncsjpmbezdoochlhpw
-0.2,1.1,0.25,mvejmejcxaxkbhncsjpmbezdoochlhpw
0.05,-2.95,0.25,mvejmejcxaxkbhncsjpmbezdoochlhpw
0.81,-0.98,0.25,mvejmejcxaxkbhncsjpmbezdoochlhpw
1.27,-1.68,0.25,mvejmejcxaxkbhncsjpmbezdoochlhpw
1.5,-3.41,0.25,mvejmejcxaxkbhncsjpmbezdoochlhpw
1.33,0.01,0.25,mvejmejcxaxkbhncsjpmbezdoochlhpw
0.76,3.77,0.25,mvejmejcxaxkbhncsjpmbezdoochlhpw
0.76,-3.01,0.25,mvejmejcxaxkbhncsjpmbezdoochlhpw
0.39,-3.42,0.25,mvejmejcxaxkbhncsjpmbezdoochlhpw
1.7,-1.65,0.25,mvejmejcxaxkbhncsjpmbezdoochlhpw
1.49,-2.56,0.25,mvejmejcxaxkbhncsjpmbezdoochlhpw
1.27,-3.33,0.25,mvejmejcxaxkbhncsjpmbezdoochlhpw
1.3,-3.03,0.25,mvejmejcxaxkbhncsjpmbezdoochlhpw
1.45,-0.3,0.25,mvejmejcxaxkbhncsjpmbezdoochlhpw
-0.29,2.2,0.25,mvejmejcxaxkbhncsjpmbezdoochlhpw
0.51,0.79,0.25,mvejmejcxaxkbhncsjpmbezdoochlhpw
-0.34,0.77,0.25,mvejmejcxaxkbhncsjpmbezdoochlhpw
0.73,1.51,0.25,mvejmejcxaxkbhncsjpmbezdoochlhpw
-0.2,-3.64,0.25,mvejmejcxaxkbhncsjpmbezdoochlhpw
1.79,-3.31,0.25,mvejmejcxaxkbhncsjpmbezdoochlhpw
1.96,-3.3,0.25,mvejmejcxaxkbhncsjpmbezdoochlhpw
1.82,0.56,0.25,mvejmejcxaxkbhncsjpmbezdoochlhpw
0.82,-1.99,0.25,mvejmejcxaxkbhncsjpmbezdoochlhpw
1.55,2.97,0.25,mvejmejcxaxkbhncsjpmbezdoochlhpw
1.25,-3.1,0.25,mvejmejcxaxkbhncsjpmbezdoochlhpw
0.05,-3.64,0.25,mvejmejcxaxkbhncsjpmbezdoochlhpw
0.33,0.98,0.25,mvejmejcxaxkbhncsjpmbezdoochlhpw
0.13,-2.69,0.25,mvejmejcxaxkbhncsjpmbezdoochlhpw
-0.07,-2.21,0.25,mvejmejcxaxkbhncsjpmbezdoochlhpw
1.3,-3.87,0.25,mvejmejcxaxkbhncsjpmbezdoochlhpw
1.17,-2.88,0.25,mvejmejcxaxkbhncsjpmbezdoochlhpw
1.63,1.17,0.25,mvejmejcxaxkbhncsjpmbezdoochlhpw
1.06,-0.85,0.25,mvejmejcxaxkbhncsjpmbezdoochlhpw
0.26,-3.45,0.25,mvejmejcxaxkbhncsjpmbezdoochlhpw
1.99,0.63,0.25,mvejmejcxaxkbhncsjpmbezdoochlhpw
-0.17,-3.45,0.25,mvejmejcxaxkbhncsjpmbezdoochlhpw
0.81,1.7,0.25,mvejmejcxaxkbhncsjpmbezdoochlhpw
-0.32,-3.45,0.25,mvejmejcxaxkbhncsjpmbezdoochlhpw
0.9,-0.84,0.25,mvejmejcxaxkbhncsjpmbezdoochlhpw
1.26,2.81,0.25,mvejmejcxaxkbhncsjpmbezdoochlhpw
0.1,1.06,0.25,mvejmejcxaxkbhncsjpmbezdoochlhpw
1.42,-1.41,0.25,mvejmejcxaxkbhncsjpmbezdoochlhpw
0.36,2.61,0.25,mvejmejcxaxkbhncsjpmbezdoochlhpw
1.86,-0.06,0.25,mvejmejcxaxkbhncsjpmbezdoochlhpw
1.25,-0.08,0.25,mvejmejcxaxkbhncsjpmbezdoochlhpw
1.49,-0.24,0.25,mvejmejcxaxkbhncsjpmbezdoochlhpw
0.9,-1.48,0.25,mvejmejcxaxkbhncsjpmbezdoochlhpw
0.01,-2.27,0.25,mvejmejcxaxkbhncsjpmbezdoochlhpw
1.41,-1.76,0.25,mvejmejcxaxkbhncsjpmbezdoochlhpw
0.29,2.62,0.25,mvejmejcxaxkbhncsjpmbezdoochlhpw
0.81,2.29,0.25,mvejmejcxaxkbhncsjpmbezdoochlhpw
0.21,1.59,0.25,mvejmejcxaxkbhncsjpmbezdoochlhpw
0.01,-3.11,0.25,mvejmejcxaxkbhncsjpmbezdoochlhpw
0.73,0.87,0.25,mvejmejcxaxkbhncsjpmbezdoochlhpw
-0.04,-3.31,0.25,mvejmejcxaxkbhncsjpmbezdoochlhpw
0.87,-2.34,0.25,mvejmejcxaxkbhncsjpmbezdoochlhpw
1.03,2.01,0.25,mvejmejcxaxkbhncsjpmbezdoochlhpw
1.25,-2.81,0.25,mvejmejcxaxkbhncsjpmbezdoochlhpw
0.41,-2.01,0.25,mvejmejcxaxkbhncsjpmbezdoochlhpw
0,-3.5,0.25,mvejmejcxaxkbhncsjpmbezdoochlhpw
0.12,-3.11,0.25,mvejmejcxaxkbhncsjpmbezdoochlhpw
1.44,-3.5,0.25,mvejmejcxaxkbhncsjpmbezdoochlhpw
1.53,-3,0.25,mvejmejcxaxkbhncsjpmbezdoochlhpw
0.04,-3.09,0.25,mvejmejcxaxkbhncsjpmbezdoochlhpw
0.53,-2.97,0.25,mvejmejcxaxkbhncsjpmbezdoochlhpw
-0.26,-0.59,0.25,mvejmejcxaxkbhncsjpmbezdoochlhpw
0.22,2.55,0.25,mvejmejcxaxkbhncsjpmbezdoochlhpw
0.75,0.04,0.25,mvejmejcxaxkbhncsjpmbezdoochlhpw
1.28,-1.21,0.25,mvejmejcxaxkbhncsjpmbezdoochlhpw
0.51,-1.69,0.25,mvejmejcxaxkbhncsjpmbezdoochlhpw
1.26,-0.71,0.25,mvejmejcxaxkbhncsjpmbezdoochlhpw
-0.13,-3.8,0.25,mvejmejcxaxkbhncsjpmbezdoochlhpw
-0.22,2.78,0.25,mvejmejcxaxkbhncsjpmbezdoochlhpw
1.53,-3.28,0.25,mvejmejcxaxkbhncsjpmbezdoochlhpw
1.42,1.78,0.25,mvejmejcxaxkbhncsjpmbezdoochlhpw
1.17,-0.09,0.25,mvejmejcxaxkbhncsjpmbezdoochlhpw
1.71,-0.1,0.25,mvejmejcxaxkbhncsjpmbezdoochlhpw
-0.36,3.25,0.25,mvejmejcxaxkbhncsjpmbezdoochlhpw
1.64,-1.6,0.25,mvejmejcxaxkbhncsjpmbezdoochlhpw
0.01,3.96,0.25,mvejmejcxaxkbhncsjpmbezdoochlhpw
-0.25,-3.84,0.25,mvejmejcxaxkbhncsjpmbezdoochlhpw
0.28,3.76,0.25,mvejmejcxaxkbhncsjpmbezdoochlhpw
0.21,2.41,0.25,mvejmejcxaxkbhncsjpmbezdoochlhpw
1.8,0.99,0.25,mvejmejcxaxkbhncsjpmbezdoochlhpw
1.68,-2.48,0.25,mvejmejcxaxkbhncsjpmbezdoochlhpw
1.73,3.95,0.25,mvejmejcxaxkbhncsjpmbezdoochlhpw
-0.04,0.53,0.25,mvejmejcxaxkbhncsjpmbezdoochlhpw
1.1,-1.44,0.25,mvejmejcxaxkbhncsjpmbezdoochlhpw
1.68,-0.92,0.25,mvejmejcxaxkbhncsjpmbezdoochlhpw
1.52,-3.75,0.25,mvejmejcxaxkbhncsjpmbezdoochlhpw
1.6,-2.57,0.25,mvejmejcxaxkbhncsjpmbezdoochlhpw
0.06,-1.89,0.25,mvejmejcxaxkbhncsjpmbezdoochlhpw
1.57,1.75,0.25,mvejmejcxaxkbhncsjpmbezdoochlhpw
-0.17,-0.92,0.25,mvejmejcxaxkbhncsjpmbezdoochlhpw
1.06,-0.5,0.25,mvejmejcxaxkbhncsjpmbezdoochlhpw
0.33,-1.58,0.25,mvejmejcxaxkbhncsjpmbezdoochlhpw
0.94,0.82,0.25,mvejmejcxaxkbhncsjpmbezdoochlhpw
1.1,-2.33,0.25,mvejmejcxaxkbhncsjpmbezdoochlhpw
0.72,0.29,0.25,mvejmejcxaxkbhncsjpmbezdoochlhpw
0.49,-2.11,0.25,mvejmejcxaxkbhncsjpmbezdoochlhpw
0.95,-0.7,0.25,mvejmejcxaxkbhncsjpmbezdoochlhpw
1.17,0.73,0.25,mvejmejcxaxkbhncsjpmbezdoochlhpw
1.38,-1.12,0.25,mvejmejcxaxkbhncsjpmbezdoochlhpw
-0.18,-2.85,0.25,mvejmejcxaxkbhncsjpmbezdoochlhpw
1.88,2.93,0.25,mvejmejcxaxkbhncsjpmbezdoochlhpw
1.37,1.69,0.25,mvejmejcxaxkbhncsjpmbezdoochlhpw
-0.47,-1.89,0.25,mvejmejcxaxkbhncsjpmbezdoochlhpw
-0.4,-3.86,0.25,mvejmejcxaxkbhncsjpmbezdoochlhpw
0.43,-1.34,0.25,mvejmejcxaxkbhncsjpmbezdoochlhpw
1.36,0.4,0.25,mvejmejcxaxkbhncsjpmbezdoochlhpw
1.87,-1.44,0.25,mvejmejcxaxkbhncsjpmbezdoochlhpw
0.18,-0.42,0.25,mvejmejcxaxkbhncsjpmbezdoochlhpw
1.01,-0.4,0.25,mvejmejcxaxkbhncsjpmbezdoochlhpw
-0.27,-3.89,0.25,mvejmejcxaxkbhncsjpmbezdoochlhpw
0.19,-2.87,0.25,mvejmejcxaxkbhncsjpmbezdoochlhpw
1.36,2.28,0.25,mvejmejcxaxkbhncsjpmbezdoochlhpw
0.06,-0.17,0.25,mvejmejcxaxkbhncsjpmbezdoochlhpw
0.06,-2.42,0.25,mvejmejcxaxkbhncsjpmbezdoochlhpw
-0.41,1.59,0.25,mvejmejcxaxkbhncsjpmbezdoochlhpw
1.74,-2.45,0.25,mvejmejcxaxkbhncsjpmbezdoochlhpw
1.03,2.93,0.25,mvejmejcxaxkbhncsjpmbezdoochlhpw
0.17,2.72,0.25,mvejmejcxaxkbhncsjpmbezdoochlhpw
1.67,2.74,0.25,mvejmejcxaxkbhncsjpmbezdoochlhpw
1.56,-3.39,0.25,mvejmejcxaxkbhncsjpmbezdoochlhpw
-0.07,1.84,0.25,mvejmejcxaxkbhncsjpmbezdoochlhpw
0.61,0,0.25,mvejmejcxaxkbhncsjpmbezdoochlhpw
-0.49,1.29,0.25,mvejmejcxaxkbhncsjpmbezdoochlhpw
1.44,1.73,0.25,mvejmejcxaxkbhncsjpmbezdoochlhpw
1.24,2.46,0.25,mvejmejcxaxkbhncsjpmbezdoochlhpw
0.3,-3.09,0.25,mvejmejcxaxkbhncsjpmbezdoochlhpw
0.64,-1.81,0.25,mvejmejcxaxkbhncsjpmbezdoochlhpw
1.98,-2.65,0.25,mvejmejcxaxkbhncsjpmbezdoochlhpw
1.07,1.14,0.25,mvejmejcxaxkbhncsjpmbezdoochlhpw
1.92,-3.01,0.25,mvejmejcxaxkbhncsjpmbezdoochlhpw
1.08,-3.08,0.25,mvejmejcxaxkbhncsjpmbezdoochlhpw
-0.22,-1.39,0.25,mvejmejcxaxkbhncsjpmbezdoochlhpw
0.74,2.73,0.25,mvejmejcxaxkbhncsjpmbezdoochlhpw
1.04,0.26,0.25,mvejmejcxaxkbhncsjpmbezdoochlhpw
0.45,3.62,0.25,mvejmejcxaxkbhncsjpmbezdoochlhpw
-0.06,0.17,0.25,mvejmejcxaxkbhncsjpmbezdoochlhpw
1.32,1.89,0.25,mvejmejcxaxkbhncsjpmbezdoochlhpw
-0.22,3.04,0.25,mvejmejcxaxkbhncsjpmbezdoochlhpw
0.08,3.97,0.25,mvejmejcxaxkbhncsjpmbezdoochlhpw
0.04,-2.56,0.25,mvejmejcxaxkbhncsjpmbezdoochlhpw
1.5,1.4,0.25,mvejmejcxaxkbhncsjpmbezdoochlhpw
0.04,-0.14,0.25,mvejmejcxaxkbhncsjpmbezdoochlhpw
1.6,1.76,0.25,mvejmejcxaxkbhncsjpmbezdoochlhpw
1.95,-0.48,0.25,mvejmejcxaxkbhncsjpmbezdoochlhpw
0.67,0.67,0.25,mvejmejcxaxkbhncsjpmbezdoochlhpw
0.66,3.61,0.25,mvejmejcxaxkbhncsjpmbezdoochlhpw
-0.1,0.15,0.25,mvejmejcxaxkbhncsjpmbezdoochlhpw
1.79,1.62,0.25,mvejmejcxaxkbhncsjpmbezdoochlhpw
0.89,0.8,0.25,mvejmejcxaxkbhncsjpmbezdoochlhpw
1.52,-3.29,0.25,mvejmejcxaxkbhncsjpmbezdoochlhpw
1.82,-1.09,0.25,mvejmejcxaxkbhncsjpmbezdoochlhpw
-0.28,-2.92,0.25,mvejmejcxaxkbhncsjpmbezdoochlhpw
0.46,-0.77,0.25,mvejmejcxaxkbhncsjpmbezdoochlhpw
-0.43,-3.91,0.25,mvejmejcxaxkbhncsjpmbezdoochlhpw
1.98,-3.72,0.25,mvejmejcxaxkbhncsjpmbezdoochlhpw
1.68,3.82,0.25,mvejmejcxaxkbhncsjpmbezdoochlhpw
0.66,-2.81,0.25,mvejmejcxaxkbhncsjpmbezdoochlhpw
1.99,-3.3,0.25,mvejmejcxaxkbhncsjpmbezdoochlhpw
0.8,2.51,0.25,mvejmejcxaxkbhncsjpmbezdoochlhpw
1.34,2.75,0.25,mvejmejcxaxkbhncsjpmbezdoochlhpw
0.11,-0.6,0.25,mvejmejcxaxkbhncsjpmbezdoochlhpw
1.65,-0.51,0.25,mvejmejcxaxkbhncsjpmbezdoochlhpw
1.83,0.75,0.25,mvejmejcxaxkbhncsjpmbezdoochlhpw
-0.33,1.97,0.25,mvejmejcxaxkbhncsjpmbezdoochlhpw
-0.15,2.1,0.25,mvejmejcxaxkbhncsjpmbezdoochlhpw
1.34,1.38,0.25,mvejmejcxaxkbhncsjpmbezdoochlhpw
-0.46,0.67,0.25,mvejmejcxaxkbhncsjpmbezdoochlhpw
-0.02,3.13,0.25,mvejmejcxaxkbhncsjpmbezdoochlhpw
1.72,-3.79,0.25,mvejmejcxaxkbhncsjpmbezdoochlhpw
0.81,-0.68,0.25,mvejmejcxaxkbhncsjpmbezdoochlhpw
0.64,1.86,0.25,mvejmejcxaxkbhncsjpmbezdoochlhpw
-0.03,0.56,0.25,mvejmejcxaxkbhncsjpmbezdoochlhpw
-0.43,1.83,0.25,mvejmejcxaxkbhncsjpmbezdoochlhpw
0.92,2.7,0.25,mvejmejcxaxkbhncsjpmbezdoochlhpw
1.14,-0.65,0.25,mvejmejcxaxkbhncsjpmbezdoochlhpw
1.26,0.5,0.25,mvejmejcxaxkbhncsjpmbezdoochlhpw
-0.49,3.09,0.25,mvejmejcxaxkbhncsjpmbezdoochlhpw
0.19,-0.83,0.25,mvejmejcxaxkbhncsjpmbezdoochlhpw
1.73,-0.25,0.25,mvejmejcxaxkbhncsjpmbezdoochlhpw
-0.01,2.41,0.25,mvejmejcxaxkbhncsjpmbezdoochlhpw
1.07,0.93,0.25,mvejmejcxaxkbhncsjpmbezdoochlhpw
1.47,-0.26,0.25,mvejmejcxaxkbhncsjpmbezdoochlhpw
0.83,1.79,0.25,mvejmejcxaxkbhncsjpmbezdoochlhpw
1.13,-0.42,0.25,mvejmejcxaxkbhncsjpmbezdoochlhpw
0.41,-2.46,0.25,mvejmejcxaxkbhncsjpmbezdoochlhpw
0,-0.98,0.25,mvejmejcxaxkbhncsjpmbezdoochlhpw
0.35,-2.01,0.25,mvejmejcxaxkbhncsjpmbezdoochlhpw
0.3,2.24,0.25,mvejmejcxaxkbhncsjpmbezdoochlhpw
1.37,3.62,0.25,mvejmejcxaxkbhncsjpmbezdoochlhpw
0.65,2.02,0.25,mvejmejcxaxkbhncsjpmbezdoochlhpw
1.4,-3.18,0.25,mvejmejcxaxkbhncsjpmbezdoochlhpw
-0.03,-1.6,0.25,mvejmejcxaxkbhncsjpmbezdoochlhpw
0.24,-3.58,0.25,mvejmejcxaxkbhncsjpmbezdoochlhpw
0.52,-3.8,0.25,mvejmejcxaxkbhncsjpmbezdoochlhpw
1.04,-1.07,0.25,mvejmejcxaxkbhncsjpmbezdoochlhpw
1.44,3.39,0.25,mvejmejcxaxkbhncsjpmbezdoochlhpw
0.22,-3.19,0.25,mvejmejcxaxkbhncsjpmbezdoochlhpw
1.81,-1.35,0.25,mvejmejcxaxkbhncsjpmbezdoochlhpw
-0.29,0.85,0.25,mvejmejcxaxkbhncsjpmbezdoochlhpw
0.43,3.06,0.25,mvejmejcxaxkbhncsjpmbezdoochlhpw
1.37,-1.92,0.25,mvejmejcxaxkbhncsjpmbezdoochlhpw
1.78,2.4,0.25,mvejmejcxaxkbhncsjpmbezdoochlhpw
0.75,-2.8,0.25,mvejmejcxaxkbhncsjpmbezdoochlhpw
-0.4,3.33,0.25,mvejmejcxaxkbhncsjpmbezdoochlhpw
0.65,1.99,0.25,mvejmejcxaxkbhncsjpmbezdoochlhpw
1.12,3.96,0.25,mvejmejcxaxkbhncsjpmbezdoochlhpw
-0.07,-2.15,0.25,mvejmejcxaxkbhncsjpmbezdoochlhpw
0.35,0.64,0.25,mvejmejcxaxkbhncsjpmbezdoochlhpw
1.51,0.43,0.25,mvejmejcxaxkbhncsjpmbezdoochlhpw
0.24,3.52,0.25,mvejmejcxaxkbhncsjpmbezdoochlhpw
1.81,1.6,0.25,mvejmejcxaxkbhncsjpmbezdoochlhpw
1.35,-1.48,0.25,mvejmejcxaxkbhncsjpmbezdoochlhpw
0.18,-0.74,0.25,mvejmejcxaxkbhncsjpmbezdoochlhpw
0.32,-2.71,0.25,mvejmejcxaxkbhncsjpmbezdoochlhpw
0.57,-1.88,0.25,mvejmejcxaxkbhncsjpmbezdoochlhpw
0.27,2.43,0.25,mvejmejcxaxkbhncsjpmbezdoochlhpw
-0.41,-1.62,0.25,mvejmejcxaxkbhncsjpmbezdoochlhpw
-0.12,-3.67,0.25,mvejmejcxaxkbhncsjpmbezdoochlhpw
-0.22,-1.54,0.25,mvejmejcxaxkbhncsjpmbezdoochlhpw
0.95,3.23,0.25,mvejmejcxaxkbhncsjpmbezdoochlhpw
1.2,2.77,0.25,mvejmejcxaxkbhncsjpmbezdoochlhpw
0.56,-3.22,0.25,mvejmejcxaxkbhncsjpmbezdoochlhpw
0.11,-2.17,0.25,mvejmejcxaxkbhncsjpmbezdoochlhpw
0.87,-0.82,0.25,mvejmejcxaxkbhncsjpmbezdoochlhpw
0.46,-3.35,0.25,mvejmejcxaxkbhncsjpmbezdoochlhpw
1.1,0.42,0.25,mvejmejcxaxkbhncsjpmbezdoochlhpw
-0.43,3.73,0.25,mvejmejcxaxkbhncsjpmbezdoochlhpw
-0.05,-2.39,0.25,mvejmejcxaxkbhncsjpmbezdoochlhpw
0.01,1.61,0.25,mvejmejcxaxkbhncsjpmbezdoochlhpw
0.79,-2.74,0.25,mvejmejcxaxkbhncsjpmbezdoochlhpw
0.82,0.27,0.25,mvejmejcxaxkbhncsjpmbezdoochlhpw
1.92,-1.21,0.25,mvejmejcxaxkbhncsjpmbezdoochlhpw
-0.04,0.72,0.25,mvejmejcxaxkbhncsjpmbezdoochlhpw
1.5,1.2,0.25,mvejmejcxaxkbhncsjpmbezdoochlhpw
-0.42,0.67,0.25,mvejmejcxaxkbhncsjpmbezdoochlhpw
0.13,-0.02,0.25,mvejmejcxaxkbhncsjpmbezdoochlhpw
0.21,3.26,0.25,mvejmejcxaxkbhncsjpmbezdoochlhpw
0.79,-2.28,0.25,mvejmejcxaxkbhncsjpmbezdoochlhpw
1.33,-2.27,0.25,mvejmejcxaxkbhncsjpmbezdoochlhpw
0.98,-1.28,0.25,mvejmejcxaxkbhncsjpmbezdoochlhpw
1.04,-1.5,0.25,mvejmejcxaxkbhncsjpmbezdoochlhpw
-0.2,-1.07,0.25,mvejmejcxaxkbhncsjpmbezdoochlhpw
1.68,-1.1,0.25,mvejmejcxaxkbhncsjpmbezdoochlhpw
1.71,0.16,0.25,mvejmejcxaxkbhncsjpmbezdoochlhpw
1.64,1.76,0.25,mvejmejcxaxkbhncsjpmbezdoochlhpw
-0.24,-3.94,0.25,mvejmejcxaxkbhncsjpmbezdoochlhpw
0.99,-0.93,0.25,mvejmejcxaxkbhncsjpmbezdoochlhpw
0.9,1.33,0.25,mvejmejcxaxkbhncsjpmbezdoochlhpw
0.54,3.05,0.25,mvejmejcxaxkbhncsjpmbezdoochlhpw
1.58,-2.68,0.25,mvejmejcxaxkbhncsjpmbezdoochlhpw
1.57,3.07,0.25,mvejmejcxaxkbhncsjpmbezdoochlhpw
1.24,2.18,0.25,mvejmejcxaxkbhncsjpmbezdoochlhpw
-0.48,-2.55,0.25,mvejmejcxaxkbhncsjpmbezdoochlhpw
1.16,0.01,0.25,mvejmejcxaxkbhncsjpmbezdoochlhpw
0.19,3.66,0.25,mvejmejcxaxkbhncsjpmbezdoochlhpw
1.07,1.01,0.25,mvejmejcxaxkbhncsjpmbezdoochlhpw
-0.43,-2.33,0.25,mvejmejcxaxkbhncsjpmbezdoochlhpw
0.69,-3.57,0.25,mvejmejcxaxkbhncsjpmbezdoochlhpw
0.28,3.42,0.25,mvejmejcxaxkbhncsjpmbezdoochlhpw
0.25,-2.52,0.25,mvejmejcxaxkbhncsjpmbezdoochlhpw
-0.47,-2.28,0.25,mvejmejcxaxkbhncsjpmbezdoochlhpw
1.48,3.44,0.25,mvejmejcxaxkbhncsjpmbezdoochlhpw
1.64,-1.43,0.25,mvejmejcxaxkbhncsjpmbezdoochlhpw
-0.33,3.1,0.25,mvejmejcxaxkbhncsjpmbezdoochlhpw
1.78,1.44,0.25,mvejmejcxaxkbhncsjpmbezdoochlhpw
1.2,0.76,0.25,mvejmejcxaxkbhncsjpmbezdoochlhpw
1.42,-0.07,0.25,mvejmejcxaxkbhncsjpmbezdoochlhpw
1.08,3.64,0.25,mvejmejcxaxkbhncsjpmbezdoochlhpw
0.06,0.6,0.25,mvejmejcxaxkbhncsjpmbezdoochlhpw
1.37,-2.13,0.25,mvejmejcxaxkbhncsjpmbezdoochlhpw
0.19,-1.69,0.25,mvejmejcxaxkbhncsjpmbezdoochlhpw
0.96,-1.08,0.25,mvejmejcxaxkbhncsjpmbezdoochlhpw
0.41,-0.89,0.25,mvejmejcxaxkbhncsjpmbezdoochlhpw
-0.13,-2.53,0.25,mvejmejcxaxkbhncsjpmbezdoochlhpw
0.92,3.32,0.25,mvejmejcxaxkbhncsjpmbezdoochlhpw
1.64,-3.81,0.25,mvejmejcxaxkbhncsjpmbezdoochlhpw
0.44,2.75,0.25,mvejmejcxaxkbhncsjpmbezdoochlhpw
1.89,-0.32,0.25,mvejmejcxaxkbhncsjpmbezdoochlhpw
-0.16,2.74,0.25,mvejmejcxaxkbhncsjpmbezdoochlhpw
0.59,0.87,0.25,mvejmejcxaxkbhncsjpmbezdoochlhpw
1.02,2.74,0.25,mvejmejcxaxkbhncsjpmbezdoochlhpw
1.46,-2.36,0.25,mvejmejcxaxkbhncsjpmbezdoochlhpw
1.68,-2.09,0.25,mvejmejcxaxkbhncsjpmbezdoochlhpw
-0.1,3.83,0.25,mvejmejcxaxkbhncsjpmbezdoochlhpw
-0.45,0.63,0.25,mvejmejcxaxkbhncsjpmbezdoochlhpw
0.42,-0.52,0.25,mvejmejcxaxkbhncsjpmbezdoochlhpw
1.21,-3.23,0.25,mvejmejcxaxkbhncsjpmbezdoochlhpw
0.57,0.99,0.25,mvejmejcxaxkbhncsjpmbezdoochlhpw
0.45,1.67,0.25,mvejmejcxaxkbhncsjpmbezdoochlhpw
0.33,1.61,0.25,mvejmejcxaxkbhncsjpmbezdoochlhpw
1.6,-3.88,0.25,mvejmejcxaxkbhncsjpmbezdoochlhpw
1.08,1.05,0.25,mvejmejcxaxkbhncsjpmbezdoochlhpw
1.57,1.78,0.25,mvejmejcxaxkbhncsjpmbezdoochlhpw
1.87,-1.14,0.25,mvejmejcxaxkbhncsjpmbezdoochlhpw
-0.43,2.85,0.25,mvejmejcxaxkbhncsjpmbezdoochlhpw
1,-1.31,0.25,mvejmejcxaxkbhncsjpmbezdoochlhpw
1.21,-1.53,0.25,mvejmejcxaxkbhncsjpmbezdoochlhpw
1.95,2.56,0.25,mvejmejcxaxkbhncsjpmbezdoochlhpw
-0.4,3.7,0.25,mvejmejcxaxkbhncsjpmbezdoochlhpw
0.28,-0.46,0.25,mvejmejcxaxkbhncsjpmbezdoochlhpw
0.25,-2.73,0.25,mvejmejcxaxkbhncsjpmbezdoochlhpw
-0.15,0.27,0.25,mvejmejcxaxkbhncsjpmbezdoochlhpw
0.89,2.85,0.25,mvejmejcxaxkbhncsjpmbezdoochlhpw
0.16,1.52,0.25,mvejmejcxaxkbhncsjpmbezdoochlhpw
0.98,-1.44,0.25,mvejmejcxaxkbhncsjpmbezdoochlhpw
0.42,0.34,0.25,mvejmejcxaxkbhncsjpmbezdoochlhpw
0.77,0.88,0.25,mvejmejcxaxkbhncsjpmbezdoochlhpw
1.6,1.67,0.25,mvejmejcxaxkbhncsjpmbezdoochlhpw
0.03,1.58,0.25,mvejmejcxaxkbhncsjpmbezdoochlhpw
-0.09,3.87,0.25,mvejmejcxaxkbhncsjpmbezdoochlhpw
0.29,2.13,0.25,mvejmejcxaxkbhncsjpmbezdoochlhpw
1.34,2.07,0.25,mvejmejcxaxkbhncsjpmbezdoochlhpw
1.84,-3.77,0.25,mvejmejcxaxkbhncsjpmbezdoochlhpw
0.95,-3.67,0.25,mvejmejcxaxkbhncsjpmbezdoochlhpw
-0.34,3.22,0.25,mvejmejcxaxkbhncsjpmbezdoochlhpw
1.77,-2.31,0.25,mvejmejcxaxkbhncsjpmbezdoochlhpw
1.2,-1.99,0.25,mvejmejcxaxkbhncsjpmbezdoochlhpw
1.87,-2.7,0.25,mvejmejcxaxkbhncsjpmbezdoochlhpw
0.41,2.33,0.25,mvejmejcxaxkbhncsjpmbezdoochlhpw
1.32,-0.71,0.25,mvejmejcxaxkbhncsjpmbezdoochlhpw
0.75,-0.02,0.25,mvejmejcxaxkbhncsjpmbezdoochlhpw
-0.17,-3.17,0.25,mvejmejcxaxkbhncsjpmbezdoochlhpw
-0.17,-1.18,0.25,mvejmejcxaxkbhncsjpmbezdoochlhpw
1.88,-3.67,0.25,mvejmejcxaxkbhncsjpmbezdoochlhpw
0.07,1.13,0.25,mvejmejcxaxkbhncsjpmbezdoochlhpw
1.05,2.42,0.25,mvejmejcxaxkbhncsjpmbezdoochlhpw
0.67,-3.13,0.25,mvejmejcxaxkbhncsjpmbezdoochlhpw
-0.37,-1.29,0.25,mvejmejcxaxkbhncsjpmbezdoochlhpw
-0.24,-3.87,0.25,mvejmejcxaxkbhncsjpmbezdoochlhpw
1.33,1.28,0.25,mvejmejcxaxkbhncsjpmbezdoochlhpw
-0.18,2.98,0.25,mvejmejcxaxkbhncsjpmbezdoochlhpw
0.73,2.28,0.25,mvejmejcxaxkbhncsjpmbezdoochlhpw
0.32,1.72,0.25,mvejmejcxaxkbhncsjpmbezdoochlhpw
0.5,-2.29,0.25,mvejmejcxaxkbhncsjpmbezdoochlhpw
1.28,0.65,0.25,mvejmejcxaxkbhncsjpmbezdoochlhpw
-0.19,0.44,0.25,mvejmejcxaxkbhncsjpmbezdoochlhpw
1.92,3.67,0.25,mvejmejcxaxkbhncsjpmbezdoochlhpw
1.54,-3.8,0.25,mvejmejcxaxkbhncsjpmbezdoochlhpw
0.5,2.11,0.25,mvejmejcxaxkbhncsjpmbezdoochlhpw
0.68,1.13,0.25,mvejmejcxaxkbhncsjpmbezdoochlhpw
1.88,-3.47,0.25,mvejmejcxaxkbhncsjpmbezdoochlhpw
0.83,0.74,0.25,mvejmejcxaxkbhncsjpmbezdoochlhpw
-0.43,-2.35,0.25,mvejmejcxaxkbhncsjpmbezdoochlhpw
0.28,-0.49,0.25,mvejmejcxaxkbhncsjpmbezdoochlhpw
-0.28,-2.53,0.25,mvejmejcxaxkbhncsjpmbezdoochlhpw
0.27,-1.25,0.25,mvejmejcxaxkbhncsjpmbezdoochlhpw
1.99,1.36,0.25,mvejmejcxaxkbhncsjpmbezdoochlhpw
1.35,-3.15,0.25,mvejmejcxaxkbhncsjpmbezdoochlhpw
-0.05,-1.38,0.25,mvejmejcxaxkbhncsjpmbezdoochlhpw
0.33,-1.04,0.25,mvejmejcxaxkbhncsjpmbezdoochlhpw
-0.4,3.56,0.25,mvejmejcxaxkbhncsjpmbezdoochlhpw
0.75,-2.66,0.25,mvejmejcxaxkbhncsjpmbezdoochlhpw
0.7,2.47,0.25,mvejmejcxaxkbhncsjpmbezdoochlhpw
-0.36,-0.56,0.25,mvejmejcxaxkbhncsjpmbezdoochlhpw
0.38,0.07,0.25,mvejmejcxaxkbhncsjpmbezdoochlhpw
1.14,-1.21,0.25,mvejmejcxaxkbhncsjpmbezdoochlhpw
0.18,1.05,0.25,mvejmejcxaxkbhncsjpmbezdoochlhpw
-0.41,-3.97,0.25,mvejmejcxaxkbhncsjpmbezdoochlhpw
-0.46,-2.52,0.25,mvejmejcxaxkbhncsjpmbezdoochlhpw
0.07,1.94,0.25,mvejmejcxaxkbhncsjpmbezdoochlhpw
0.6,3.08,0.25,mvejmejcxaxkbhncsjpmbezdoochlhpw
1.04,-3.82,0.25,mvejmejcxaxkbhncsjpmbezdoochlhpw
-0.37,-3.83,0.25,mvejmejcxaxkbhncsjpmbezdoochlhpw
0.66,3.45,0.25,mvejmejcxaxkbhncsjpmbezdoochlhpw
0.39,-1.86,0.25,mvejmejcxaxkbhncsjpmbezdoochlhpw
1.82,2.09,0.25,mvejmejcxaxkbhncsjpmbezdoochlhpw
1.76,-3.77,0.25,mvejmejcxaxkbhncsjpmbezdoochlhpw
0.94,2.12,0.25,mvejmejcxaxkbhncsjpmbezdoochlhpw
1.08,0.87,0.25,mvejmejcxaxkbhncsjpmbezdoochlhpw
1.74,2.8,0.25,mvejmejcxaxkbhncsjpmbezdoochlhpw
1.25,-1.27,0.25,mvejmejcxaxkbhncsjpmbezdoochlhpw
-0.14,-1.47,0.25,mvejmejcxaxkbhncsjpmbezdoochlhpw
-0.32,-2.12,0.25,mvejmejcxaxkbhncsjpmbezdoochlhpw
-0.31,2.86,0.25,mvejmejcxaxkbhncsjpmbezdoochlhpw
-0.25,-2.3,0.25,mvejmejcxaxkbhncsjpmbezdoochlhpw
1.75,0.31,0.25,mvejmejcxaxkbhncsjpmbezdoochlhpw
0.11,3.91,0.25,mvejmejcxaxkbhncsjpmbezdoochlhpw
1.22,-2.96,0.25,mvejmejcxaxkbhncsjpmbezdoochlhpw
-0.24,-0.56,0.25,mvejmejcxaxkbhncsjpmbezdoochlhpw
0.35,3.88,0.25,mvejmejcxaxkbhncsjpmbezdoochlhpw
1.28,2.51,0.25,mvejmejcxaxkbhncsjpmbezdoochlhpw
-0.18,-2.34,0.25,mvejmejcxaxkbhncsjpmbezdoochlhpw
1.53,-0.33,0.25,mvejmejcxaxkbhncsjpmbezdoochlhpw
-0.13,2.01,0.25,mvejmejcxaxkbhncsjpmbezdoochlhpw
0.69,-0.08,0.25,mvejmejcxaxkbhncsjpmbezdoochlhpw
0.29,2.74,0.25,mvejmejcxaxkbhncsjpmbezdoochlhpw
1.14,-1.19,0.25,mvejmejcxaxkbhncsjpmbezdoochlhpw
-0.04,-0.21,0.25,mvejmejcxaxkbhncsjpmbezdoochlhpw
0.94,-1.74,0.25,mvejmejcxaxkbhncsjpmbezdoochlhpw
1.57,-0.13,0.25,mvejmejcxaxkbhncsjpmbezdoochlhpw
-0.02,-3.87,0.25,mvejmejcxaxkbhncsjpmbezdoochlhpw
-0.43,0.4,0.25,mvejmejcxaxkbhncsjpmbezdoochlhpw
1.99,3.48,0.25,mvejmejcxaxkbhncsjpmbezdoochlhpw
0.68,0.9,0.25,mvejmejcxaxkbhncsjpmbezdoochlhpw
0.81,-3.62,0.25,mvejmejcxaxkbhncsjpmbezdoochlhpw
0.98,-2.91,0.25,mvejmejcxaxkbhncsjpmbezdoochlhpw
0.19,-2.18,0.25,mvejmejcxaxkbhncsjpmbezdoochlhpw
0.46,0.18,0.25,mvejmejcxaxkbhncsjpmbezdoochlhpw
-0.35,0.08,0.25,mvejmejcxaxkbhncsjpmbezdoochlhpw
1.73,1.83,0.25,mvejmejcxaxkbhncsjpmbezdoochlhpw
1.19,3.59,0.25,mvejmejcxaxkbhncsjpmbezdoochlhpw
0.37,-3.12,0.25,mvejmejcxaxkbhncsjpmbezdoochlhpw
0.26,2.32,0.25,mvejmejcxaxkbhncsjpmbezdoochlhpw
-0.02,3.22,0.25,mvejmejcxaxkbhncsjpmbezdoochlhpw
0.24,-0.62,0.25,mvejmejcxaxkbhncsjpmbezdoochlhpw
-0.38,-1.59,0.25,mvejmejcxaxkbhncsjpmbezdoochlhpw
0.13,3.38,0.25,mvejmejcxaxkbhncsjpmbezdoochlhpw
0.13,-2.44,0.25,mvejmejcxaxkbhncsjpmbezdoochlhpw
0.59,-0.39,0.25,mvejmejcxaxkbhncsjpmbezdoochlhpw
0.7,0.61,0.25,mvejmejcxaxkbhncsjpmbezdoochlhpw
1.1,-0.47,0.25,mvejmejcxaxkbhncsjpmbezdoochlhpw
1.16,-1.93,0.25,mvejmejcxaxkbhncsjpmbezdoochlhpw
0.56,-3.21,0.25,mvejmejcxaxkbhncsjpmbezdoochlhpw
0.9,3.46,0.25,mvejmejcxaxkbhncsjpmbezdoochlhpw
-0.12,-3.03,0.25,mvejmejcxaxkbhncsjpmbezdoochlhpw
0.5,-2.21,0.25,mvejmejcxaxkbhncsjpmbezdoochlhpw
-0.02,1.89,0.25,mvejmejcxaxkbhncsjpmbezdoochlhpw
-0.1,1.49,0.25,mvejmejcxaxkbhncsjpmbezdoochlhpw
1.28,-2.74,0.25,mvejmejcxaxkbhncsjpmbezdoochlhpw
0.04,-0.99,0.25,mvejmejcxaxkbhncsjpmbezdoochlhpw
-0.27,-0.81,0.25,mvejmejcxaxkbhncsjpmbezdoochlhpw
0.34,-0.18,0.25,mvejmejcxaxkbhncsjpmbezdoochlhpw
1.28,-2.22,0.25,mvejmejcxaxkbhncsjpmbezdoochlhpw
-0.08,-2.62,0.25,mvejmejcxaxkbhncsjpmbezdoochlhpw
0.24,0.02,0.25,mvejmejcxaxkbhncsjpmbezdoochlhpw
0.72,0.78,0.25,mvejmejcxaxkbhncsjpmbezdoochlhpw
1.27,-0.83,0.25,mvejmejcxaxkbhncsjpmbezdoochlhpw
0.52,-1.92,0.25,mvejmejcxaxkbhncsjpmbezdoochlhpw
-0.23,-1.36,0.25,mvejmejcxaxkbhncsjpmbezdoochlhpw
0.14,1.97,0.25,mvejmejcxaxkbhncsjpmbezdoochlhpw
0.91,0.43,0.25,mvejmejcxaxkbhncsjpmbezdoochlhpw
0.74,3.62,0.25,mvejmejcxaxkbhncsjpmbezdoochlhpw
1.97,-1.17,0.25,mvejmejcxaxkbhncsjpmbezdoochlhpw
0.36,-3.61,0.25,mvejmejcxaxkbhncsjpmbezdoochlhpw
0.84,-2.17,0.25,mvejmejcxaxkbhncsjpmbezdoochlhpw
0.24,-2.85,0.25,mvejmejcxaxkbhncsjpmbezdoochlhpw
-0.23,-1.98,0.25,mvejmejcxaxkbhncsjpmbezdoochlhpw
0.6,-2.4,0.25,mvejmejcxaxkbhncsjpmbezdoochlhpw
1.74,-1.26,0.25,mvejmejcxaxkbhncsjpmbezdoochlhpw
1.75,0.34,0.25,mvejmejcxaxkbhncsjpmbezdoochlhpw
-0.12,3.59,0.25,mvejmejcxaxkbhncsjpmbezdoochlhpw
1.83,2.65,0.25,mvejmejcxaxkbhncsjpmbezdoochlhpw
-0.39,0.35,0.25,mvejmejcxaxkbhncsjpmbezdoochlhpw
0.54,0.67,0.25,mvejmejcxaxkbhncsjpmbezdoochlhpw
0.62,-1.44,0.25,mvejmejcxaxkbhncsjpmbezdoochlhpw
-0.45,-0.72,0.25,mvejmejcxaxkbhncsjpmbezdoochlhpw
1.31,-0.9,0.25,mvejmejcxaxkbhncsjpmbezdoochlhpw
1.24,-0.77,0.25,mvejmejcxaxkbhncsjpmbezdoochlhpw
1.49,-3.21,0.25,mvejmejcxaxkbhncsjpmbezdoochlhpw
1.02,-3.55,0.25,mvejmejcxaxkbhncsjpmbezdoochlhpw
-0.42,-4,0.25,mvejmejcxaxkbhncsjpmbezdoochlhpw
1.21,0.23,0.25,mvejmejcxaxkbhncsjpmbezdoochlhpw
0.27,-0.15,0.25,mvejmejcxaxkbhncsjpmbezdoochlhpw
-0.17,3.66,0.25,mvejmejcxaxkbhncsjpmbezdoochlhpw
0.5,3.16,0.25,mvejmejcxaxkbhncsjpmbezdoochlhpw
-0.23,-2.82,0.25,mvejmejcxaxkbhncsjpmbezdoochlhpw
0.59,0.18,0.25,mvejmejcxaxkbhncsjpmbezdoochlhpw
1.24,0.19,0.25,mvejmejcxaxkbhncsjpmbezdoochlhpw
0.12,2.25,0.25,mvejmejcxaxkbhncsjpmbezdoochlhpw
0.11,-2.23,0.25,mvejmejcxaxkbhncsjpmbezdoochlhpw
1.9,1.12,0.25,mvejmejcxaxkbhncsjpmbezdoochlhpw
1.59,0.24,0.25,mvejmejcxaxkbhncsjpmbezdoochlhpw
0.86,1.65,0.25,mvejmejcxaxkbhncsjpmbezdoochlhpw
1.82,2.36,0.25,mvejmejcxaxkbhncsjpmbezdoochlhpw
0.44,-3.87,0.25,mvejmejcxaxkbhncsjpmbezdoochlhpw
0.66,-3.54,0.25,mvejmejcxaxkbhncsjpmbezdoochlhpw
0.84,-0.64,0.25,mvejmejcxaxkbhncsjpmbezdoochlhpw
1.2,-1.42,0.25,mvejmejcxaxkbhncsjpmbezdoochlhpw
1.43,0.28,0.25,mvejmejcxaxkbhncsjpmbezdoochlhpw
0.66,2.63,0.25,mvejmejcxaxkbhncsjpmbezdoochlhpw
1.54,-3.99,0.25,mvejmejcxaxkbhncsjpmbezdoochlhpw
1.35,1.95,0.25,mvejmejcxaxkbhncsjpmbezdoochlhpw
0.91,-2.53,0.25,mvejmejcxaxkbhncsjpmbezdoochlhpw
1.25,3.94,0.25,mvejmejcxaxkbhncsjpmbezdoochlhpw
1.15,-3.57,0.25,mvejmejcxaxkbhncsjpmbezdoochlhpw
0.53,1.09,0.25,mvejmejcxaxkbhncsjpmbezdoochlhpw
1.42,3.62,0.25,mvejmejcxaxkbhncsjpmbezdoochlhpw
1.14,-0.37,0.25,mvejmejcxaxkbhncsjpmbezdoochlhpw
0.03,-2.74,0.25,mvejmejcxaxkbhncsjpmbezdoochlhpw
0.09,1.88,0.25,mvejmejcxaxkbhncsjpmbezdoochlhpw
1.44,1.35,0.25,mvejmejcxaxkbhncsjpmbezdoochlhpw
0.14,3.63,0.25,mvejmejcxaxkbhncsjpmbezdoochlhpw
0.38,0.31,0.25,mvejmejcxaxkbhncsjpmbezdoochlhpw
1.16,1.91,0.25,mvejmejcxaxkbhncsjpmbezdoochlhpw
1.46,2.79,0.25,mvejmejcxaxkbhncsjpmbezdoochlhpw
0.88,-1.6,0.25,mvejmejcxaxkbhncsjpmbezdoochlhpw
0.98,-1.14,0.25,mvejmejcxaxkbhncsjpmbezdoochlhpw
0.16,2.52,0.25,mvejmejcxaxkbhncsjpmbezdoochlhpw
1.32,3.84,0.25,mvejmejcxaxkbhncsjpmbezdoochlhpw
-0.33,-1.85,0.25,mvejmejcxaxkbhncsjpmbezdoochlhpw
0.82,3.22,0.25,mvejmejcxaxkbhncsjpmbezdoochlhpw
0.47,-2.34,0.25,mvejmejcxaxkbhncsjpmbezdoochlhpw
-0.38,-3.35,0.25,mvejmejcxaxkbhncsjpmbezdoochlhpw
-0.13,3.51,0.25,mvejmejcxaxkbhncsjpmbezdoochlhpw
-0.44,3.69,0.25,mvejmejcxaxkbhncsjpmbezdoochlhpw
1.58,-3.87,0.25,mvejmejcxaxkbhncsjpmbezdoochlhpw
0.67,1.91,0.25,mvejmejcxaxkbhncsjpmbezdoochlhpw
0.11,2.44,0.25,mvejmejcxaxkbhncsjpmbezdoochlhpw
0.9,-2.33,0.25,mvejmejcxaxkbhncsjpmbezdoochlhpw
-0.11,-0.28,0.25,mvejmejcxaxkbhncsjpmbezdoochlhpw
1.44,3.51,0.25,mvejmejcxaxkbhncsjpmbezdoochlhpw
0.47,2.74,0.25,mvejmejcxaxkbhncsjpmbezdoochlhpw
1.94,-3.56,0.25,mvejmejcxaxkbhncsjpmbezdoochlhpw
1.17,-1.67,0.25,mvejmejcxaxkbhncsjpmbezdoochlhpw
-0.46,-3.17,0.25,mvejmejcxaxkbhncsjpmbezdoochlhpw
0.72,3.11,0.25,mvejmejcxaxkbhncsjpmbezdoochlhpw
0.25,1.72,0.25,mvejmejcxaxkbhncsjpmbezdoochlhpw
1.55,2.91,0.25,mvejmejcxaxkbhncsjpmbezdoochlhpw
1.58,-3.62,0.25,mvejmejcxaxkbhncsjpmbezdoochlhpw
0.81,1.64,0.25,mvejmejcxaxkbhncsjpmbezdoochlhpw
-0.28,-0.74,0.25,mvejmejcxaxkbhncsjpmbezdoochlhpw
-0.06,-0.55,0.25,mvejmejcxaxkbhncsjpmbezdoochlhpw
-0.39,1.28,0.25,mvejmejcxaxkbhncsjpmbezdoochlhpw
0.52,-3.89,0.25,mvejmejcxaxkbhncsjpmbezdoochlhpw
1.34,-0.19,0.25,mvejmejcxaxkbhncsjpmbezdoochlhpw
-0.48,-1.22,0.25,mvejmejcxaxkbhncsjpmbezdoochlhpw
0.9,-0.62,0.25,mvejmejcxaxkbhncsjpmbezdoochlhpw
1.06,2.11,0.25,mvejmejcxaxkbhncsjpmbezdoochlhpw
-0.24,-1.48,0.25,mvejmejcxaxkbhncsjpmbezdoochlhpw
-0.37,-1.09,0.25,mvejmejcxaxkbhncsjpmbezdoochlhpw
0.56,-2.54,0.25,mvejmejcxaxkbhncsjpmbezdoochlhpw
-0.41,3.83,0.25,mvejmejcxaxkbhncsjpmbezdoochlhpw
1.51,-3.68,0.25,mvejmejcxaxkbhncsjpmbezdoochlhpw
1.97,3.91,0.25,mvejmejcxaxkbhncsjpmbezdoochlhpw
-0.28,-1.08,0.25,mvejmejcxaxkbhncsjpmbezdoochlhpw
-0.01,-0.72,0.25,mvejmejcxaxkbhncsjpmbezdoochlhpw
0.33,-1.24,0.25,mvejmejcxaxkbhncsjpmbezdoochlhpw
1.43,-1.03,0.25,mvejmejcxaxkbhncsjpmbezdoochlhpw
0.24,3.83,0.25,mvejmejcxaxkbhncsjpmbezdoochlhpw
0.31,0.52,0.25,mvejmejcxaxkbhncsjpmbezdoochlhpw
0.72,3.49,0.25,mvejmejcxaxkbhncsjpmbezdoochlhpw
0.8,2.02,0.25,mvejmejcxaxkbhncsjpmbezdoochlhpw
1.44,-3.54,0.25,mvejmejcxaxkbhncsjpmbezdoochlhpw
0.49,-1.76,0.25,mvejmejcxaxkbhncsjpmbezdoochlhpw
0.59,-3.39,0.25,mvejmejcxaxkbhncsjpmbezdoochlhpw
1.94,3.22,0.25,mvejmejcxaxkbhncsjpmbezdoochlhpw
0.7,2.03,0.25,mvejmejcxaxkbhncsjpmbezdoochlhpw
1.41,3.3,0.25,mvejmejcxaxkbhncsjpmbezdoochlhpw
0.22,2.43,0.25,mvejmejcxaxkbhncsjpmbezdoochlhpw
-0.26,-2.33,0.25,mvejmejcxaxkbhncsjpmbezdoochlhpw
0.15,-3.98,0.25,mvejmejcxaxkbhncsjpmbezdoochlhpw
1.37,2.67,0.25,mvejmejcxaxkbhncsjpmbezdoochlhpw
1.12,-2.2,0.25,mvejmejcxaxkbhncsjpmbezdoochlhpw
-0.43,1.73,0.25,mvejmejcxaxkbhncsjpmbezdoochlhpw
1.81,1.53,0.25,mvejmejcxaxkbhncsjpmbezdoochlhpw
0.32,3.42,0.25,mvejmejcxaxkbhncsjpmbezdoochlhpw
0.58,-0.25,0.25,mvejmejcxaxkbhncsjpmbezdoochlhpw
1.41,0.61,0.25,mvejmejcxaxkbhncsjpmbezdoochlhpw
0.95,-0.07,0.25,mvejmejcxaxkbhncsjpmbezdoochlhpw
1.78,3.34,0.25,mvejmejcxaxkbhncsjpmbezdoochlhpw
0.42,-0.03,0.25,mvejmejcxaxkbhncsjpmbezdoochlhpw
1.22,-2.97,0.25,mvejmejcxaxkbhncsjpmbezdoochlhpw
-0.21,1.83,0.25,mvejmejcxaxkbhncsjpmbezdoochlhpw
-0.31,2.85,0.25,mvejmejcxaxkbhncsjpmbezdoochlhpw
1.42,-0.5,0.25,mvejmejcxaxkbhncsjpmbezdoochlhpw
1.26,-1.05,0.25,mvejmejcxaxkbhncsjpmbezdoochlhpw
-0.18,-1.67,0.25,mvejmejcxaxkbhncsjpmbezdoochlhpw
1.66,0.44,0.25,mvejmejcxaxkbhncsjpmbezdoochlhpw
0.88,-2.35,0.25,mvejmejcxaxkbhncsjpmbezdoochlhpw
0.54,2.72,0.25,mvejmejcxaxkbhncsjpmbezdoochlhpw
0,-1.23,0.25,mvejmejcxaxkbhncsjpmbezdoochlhpw
1.39,-3.21,0.25,mvejmejcxaxkbhncsjpmbezdoochlhpw
0.54,-0.47,0.25,mvejmejcxaxkbhncsjpmbezdoochlhpw
-0.2,0.71,0.25,mvejmejcxaxkbhncsjpmbezdoochlhpw
0.28,0.41,0.25,mvejmejcxaxkbhncsjpmbezdoochlhpw
1.97,-0.98,0.25,mvejmejcxaxkbhncsjpmbezdoochlhpw
1.34,-2.41,0.25,mvejmejcxaxkbhncsjpmbezdoochlhpw
1.35,-1.19,0.25,mvejmejcxaxkbhncsjpmbezdoochlhpw
0.13,1.09,0.25,mvejmejcxaxkbhncsjpmbezdoochlhpw
1.78,3.84,0.25,mvejmejcxaxkbhncsjpmbezdoochlhpw
-0.04,-2.97,0.25,mvejmejcxaxkbhncsjpmbezdoochlhpw
-0.01,2.41,0.25,mvejmejcxaxkbhncsjpmbezdoochlhpw
0.44,1.85,0.25,mvejmejcxaxkbhncsjpmbezdoochlhpw
0,-1.83,0.25,mvejmejcxaxkbhncsjpmbezdoochlhpw
0.6,-2.63,0.25,mvejmejcxaxkbhncsjpmbezdoochlhpw
-0.05,-3.65,0.25,mvejmejcxaxkbhncsjpmbezdoochlhpw
1.9,-2.11,0.25,mvejmejcxaxkbhncsjpmbezdoochlhpw
-0.35,-2.61,0.25,mvejmejcxaxkbhncsjpmbezdoochlhpw
1.99,3.3,0.25,mvejmejcxaxkbhncsjpmbezdoochlhpw
-0.09,-2.39,0.25,mvejmejcxaxkbhncsjpmbezdoochlhpw
0.31,-3.61,0.25,mvejmejcxaxkbhncsjpmbezdoochlhpw
0.49,-0.27,0.25,mvejmejcxaxkbhncsjpmbezdoochlhpw
0.69,3.8,0.25,mvejmejcxaxkbhncsjpmbezdoochlhpw
1.82,0.4,0.25,mvejmejcxaxkbhncsjpmbezdoochlhpw
-0.49,-2.76,0.25,mvejmejcxaxkbhncsjpmbezdoochlhpw
0.12,-0.97,0.25,mvejmejcxaxkbhncsjpmbezdoochlhpw
0.7,-2.89,0.25,mvejmejcxaxkbhncsjpmbezdoochlhpw
0.91,3.17,0.25,mvejmejcxaxkbhncsjpmbezdoochlhpw
-0.4,3.85,0.25,mvejmejcxaxkbhncsjpmbezdoochlhpw
0.87,-2.16,0.25,mvejmejcxaxkbhncsjpmbezdoochlhpw
0.24,1.09,0.25,mvejmejcxaxkbhncsjpmbezdoochlhpw
-0.15,3.3,0.25,mvejmejcxaxkbhncsjpmbezdoochlhpw
1.21,0.01,0.25,mvejmejcxaxkbhncsjpmbezdoochlhpw
-0.3,-1.44,0.25,mvejmejcxaxkbhncsjpmbezdoochlhpw
1.46,-3.45,0.25,mvejmejcxaxkbhncsjpmbezdoochlhpw
-0.32,-2.81,0.25,mvejmejcxaxkbhncsjpmbezdoochlhpw
1.24,2.79,0.25,mvejmejcxaxkbhncsjpmbezdoochlhpw
0.18,-2.81,0.25,mvejmejcxaxkbhncsjpmbezdoochlhpw
0.49,-3.73,0.25,mvejmejcxaxkbhncsjpmbezdoochlhpw
0.84,2.61,0.25,mvejmejcxaxkbhncsjpmbezdoochlhpw
1.84,-3.72,0.25,mvejmejcxaxkbhncsjpmbezdoochlhpw
1.53,2.66,0.25,mvejmejcxaxkbhncsjpmbezdoochlhpw
1.92,0.21,0.25,mvejmejcxaxkbhncsjpmbezdoochlhpw
-0.29,-0.33,0.25,mvejmejcxaxkbhncsjpmbezdoochlhpw
0.77,-2.32,0.25,mvejmejcxaxkbhncsjpmbezdoochlhpw
1.66,-3.66,0.25,mvejmejcxaxkbhncsjpmbezdoochlhpw
1.74,0.66,0.25,mvejmejcxaxkbhncsjpmbezdoochlhpw
0.51,-1.48,0.25,mvejmejcxaxkbhncsjpmbezdoochlhpw
0.72,0.33,0.25,mvejmejcxaxkbhncsjpmbezdoochlhpw
-0.25,3.42,0.25,mvejmejcxaxkbhncsjpmbezdoochlhpw
0.8,-2.97,0.25,mvejmejcxaxkbhncsjpmbezdoochlhpw
-0.15,1.85,0.25,mvejmejcxaxkbhncsjpmbezdoochlhpw
0.02,1.91,0.25,mvejmejcxaxkbhncsjpmbezdoochlhpw
1,3.38,0.25,mvejmejcxaxkbhncsjpmbezdoochlhpw
1.32,-3.39,0.25,mvejmejcxaxkbhncsjpmbezdoochlhpw
1.5,-3.17,0.25,mvejmejcxaxkbhncsjpmbezdoochlhpw
2,0.31,0.25,mvejmejcxaxkbhncsjpmbezdoochlhpw
-0.21,3.22,0.25,mvejmejcxaxkbhncsjpmbezdoochlhpw
0.6,-3.11,0.25,mvejmejcxaxkbhncsjpmbezdoochlhpw
1.35,0.6,0.25,mvejmejcxaxkbhncsjpmbezdoochlhpw
-0.43,2.34,0.25,mvejmejcxaxkbhncsjpmbezdoochlhpw
0.46,1.49,0.25,mvejmejcxaxkbhncsjpmbezdoochlhpw
-0.44,-0.3,0.25,mvejmejcxaxkbhncsjpmbezdoochlhpw
1.66,3.3,0.25,mvejmejcxaxkbhncsjpmbezdoochlhpw
-0.31,0.87,0.25,mvejmejcxaxkbhncsjpmbezdoochlhpw
1.29,-3.55,0.25,mvejmejcxaxkbhncsjpmbezdoochlhpw
1.07,0.94,0.25,mvejmejcxaxkbhncsjpmbezdoochlhpw
0.33,-0.64,0.25,mvejmejcxaxkbhncsjpmbezdoochlhpw
0.59,0.78,0.25,mvejmejcxaxkbhncsjpmbezdoochlhpw
0.07,-2.18,0.25,mvejmejcxaxkbhncsjpmbezdoochlhpw
0.78,2.28,0.25,mvejmejcxaxkbhncsjpmbezdoochlhpw
1.3,3.86,0.25,mvejmejcxaxkbhncsjpmbezdoochlhpw
-0.35,1.35,0.25,mvejmejcxaxkbhncsjpmbezdoochlhpw
0.84,3.2,0.25,mvejmejcxaxkbhncsjpmbezdoochlhpw
-0.35,1.24,0.25,mvejmejcxaxkbhncsjpmbezdoochlhpw
0.51,1.29,0.25,mvejmejcxaxkbhncsjpmbezdoochlhpw
0.55,-3.12,0.25,mvejmejcxaxkbhncsjpmbezdoochlhpw
1.23,-3.12,0.25,mvejmejcxaxkbhncsjpmbezdoochlhpw
0.95,2.75,0.25,mvejmejcxaxkbhncsjpmbezdoochlhpw
1.02,-2.07,0.25,mvejmejcxaxkbhncsjpmbezdoochlhpw
1.13,3.04,0.25,mvejmejcxaxkbhncsjpmbezdoochlhpw
1.3,-3.64,0.25,mvejmejcxaxkbhncsjpmbezdoochlhpw
1.34,1.51,0.25,mvejmejcxaxkbhncsjpmbezdoochlhpw
1.55,-2.95,0.25,mvejmejcxaxkbhncsjpmbezdoochlhpw
0.05,3.54,0.25,mvejmejcxaxkbhncsjpmbezdoochlhpw
-0.35,-3.5,0.25,mvejmejcxaxkbhncsjpmbezdoochlhpw
-0.02,1.24,0.25,mvejmejcxaxkbhncsjpmbezdoochlhpw
1.33,-2.61,0.25,mvejmejcxaxkbhncsjpmbezdoochlhpw
1.61,1.02,0.25,mvejmejcxaxkbhncsjpmbezdoochlhpw
0.98,-3.2,0.25,mvejmejcxaxkbhncsjpmbezdoochlhpw
-0.02,-1.57,0.25,mvejmejcxaxkbhncsjpmbezdoochlhpw
1.71,0.81,0.25,mvejmejcxaxkbhncsjpmbezdoochlhpw
-0.1,3.27,0.25,mvejmejcxaxkbhncsjpmbezdoochlhpw
1.82,-3.33,0.25,mvejmejcxaxkbhncsjpmbezdoochlhpw
0.5,-0.18,0.25,mvejmejcxaxkbhncsjpmbezdoochlhpw
1.79,-3.52,0.25,mvejmejcxaxkbhncsjpmbezdoochlhpw
1.76,0.46,0.25,mvejmejcxaxkbhncsjpmbezdoochlhpw
0.6,2.61,0.25,mvejmejcxaxkbhncsjpmbezdoochlhpw
0.24,-3.06,0.25,mvejmejcxaxkbhncsjpmbezdoochlhpw
0.96,1.7,0.25,mvejmejcxaxkbhncsjpmbezdoochlhpw
0.66,1.62,0.25,mvejmejcxaxkbhncsjpmbezdoochlhpw
1.1,1.21,0.25,mvejmejcxaxkbhncsjpmbezdoochlhpw
0.78,-3.97,0.25,mvejmejcxaxkbhncsjpmbezdoochlhpw
-0.38,1.2,0.25,mvejmejcxaxkbhncsjpmbezdoochlhpw
-0.07,-2.85,0.25,mvejmejcxaxkbhncsjpmbezdoochlhpw
1.81,1.22,0.25,mvejmejcxaxkbhncsjpmbezdoochlhpw
1.48,2.25,0.25,mvejmejcxaxkbhncsjpmbezdoochlhpw
1.11,-2.45,0.25,mvejmejcxaxkbhncsjpmbezdoochlhpw
0.37,-1.7,0.25,mvejmejcxaxkbhncsjpmbezdoochlhpw
0.31,-0.86,0.25,mvejmejcxaxkbhncsjpmbezdoochlhpw
1.44,-0.18,0.25,mvejmejcxaxkbhncsjpmbezdoochlhpw
1.09,0.48,0.25,mvejmejcxaxkbhncsjpmbezdoochlhpw
-0.08,0.4,0.25,mvejmejcxaxkbhncsjpmbezdoochlhpw
0.75,-0.67,0.25,mvejmejcxaxkbhncsjpmbezdoochlhpw
1.12,-3.06,0.25,mvejmejcxaxkbhncsjpmbezdoochlhpw
0.81,-3.47,0.25,mvejmejcxaxkbhncsjpmbezdoochlhpw
-0.35,3.97,0.25,mvejmejcxaxkbhncsjpmbezdoochlhpw
0.43,0.04,0.25,mvejmejcxaxkbhncsjpmbezdoochlhpw
1.42,-3.63,0.25,mvejmejcxaxkbhncsjpmbezdoochlhpw
0.73,-0.6,0.25,mvejmejcxaxkbhncsjpmbezdoochlhpw
0.46,-0.51,0.25,mvejmejcxaxkbhncsjpmbezdoochlhpw
1.11,-1.12,0.25,mvejmejcxaxkbhncsjpmbezdoochlhpw
0.81,1,0.25,mvejmejcxaxkbhncsjpmbezdoochlhpw
1.66,-0.21,0.25,mvejmejcxaxkbhncsjpmbezdoochlhpw
1.14,-2.14,0.25,mvejmejcxaxkbhncsjpmbezdoochlhpw
1.92,-1.91,0.25,mvejmejcxaxkbhncsjpmbezdoochlhpw
0.39,-3.95,0.25,mvejmejcxaxkbhncsjpmbezdoochlhpw
-0.03,1.14,0.25,mvejmejcxaxkbhncsjpmbezdoochlhpw
0.57,-1.87,0.25,mvejmejcxaxkbhncsjpmbezdoochlhpw
0.77,-3.86,0.25,mvejmejcxaxkbhncsjpmbezdoochlhpw
-0.48,-3.06,0.25,mvejmejcxaxkbhncsjpmbezdoochlhpw
0.79,-2.42,0.25,mvejmejcxaxkbhncsjpmbezdoochlhpw
0.06,-1.49,0.25,mvejmejcxaxkbhncsjpmbezdoochlhpw
-0.02,-0.19,0.25,mvejmejcxaxkbhncsjpmbezdoochlhpw
1.63,-3.89,0.25,mvejmejcxaxkbhncsjpmbezdoochlhpw
1.92,-1.63,0.25,mvejmejcxaxkbhncsjpmbezdoochlhpw
-0.46,2.12,0.25,mvejmejcxaxkbhncsjpmbezdoochlhpw
0.75,1.85,0.25,mvejmejcxaxkbhncsjpmbezdoochlhpw
-0.13,1.3,0.25,mvejmejcxaxkbhncsjpmbezdoochlhpw
0.95,-0.48,0.25,mvejmejcxaxkbhncsjpmbezdoochlhpw
0.82,3.37,0.25,mvejmejcxaxkbhncsjpmbezdoochlhpw
1.14,3.83,0.25,mvejmejcxaxkbhncsjpmbezdoochlhpw
0.06,-1.55,0.25,mvejmejcxaxkbhncsjpmbezdoochlhpw
1.53,-0.37,0.25,mvejmejcxaxkbhncsjpmbezdoochlhpw
1.99,3.85,0.25,mvejmejcxaxkbhncsjpmbezdoochlhpw
0.88,-1.98,0.25,mvejmejcxaxkbhncsjpmbezdoochlhpw
-0.23,-3.54,0.25,mvejmejcxaxkbhncsjpmbezdoochlhpw
1.18,-2.83,0.25,mvejmejcxaxkbhncsjpmbezdoochlhpw
0.64,-2.07,0.25,mvejmejcxaxkbhncsjpmbezdoochlhpw
1.78,1.58,0.25,mvejmejcxaxkbhncsjpmbezdoochlhpw
1.89,0.43,0.25,mvejmejcxaxkbhncsjpmbezdoochlhpw
-0.48,0.02,0.25,mvejmejcxaxkbhncsjpmbezdoochlhpw
-0.18,-1.91,0.25,mvejmejcxaxkbhncsjpmbezdoochlhpw
0.18,-2.87,0.25,mvejmejcxaxkbhncsjpmbezdoochlhpw
0.57,-0.03,0.25,mvejmejcxaxkbhncsjpmbezdoochlhpw
1.79,3.89,0.25,mvejmejcxaxkbhncsjpmbezdoochlhpw
0.37,-3.61,0.25,mvejmejcxaxkbhncsjpmbezdoochlhpw
-0.01,2.02,0.25,mvejmejcxaxkbhncsjpmbezdoochlhpw
-0.06,-3.23,0.25,mvejmejcxaxkbhncsjpmbezdoochlhpw
0.79,3.33,0.25,mvejmejcxaxkbhncsjpmbezdoochlhpw
-0.07,-1.19,0.25,mvejmejcxaxkbhncsjpmbezdoochlhpw
1.51,0.11,0.25,mvejmejcxaxkbhncsjpmbezdoochlhpw
1.91,-2.68,0.25,mvejmejcxaxkbhncsjpmbezdoochlhpw
1.85,-1.81,0.25,mvejmejcxaxkbhncsjpmbezdoochlhpw
0.51,1.84,0.25,mvejmejcxaxkbhncsjpmbezdoochlhpw
-0.36,-2.26,0.25,mvejmejcxaxkbhncsjpmbezdoochlhpw
1.28,-3.42,0.25,mvejmejcxaxkbhncsjpmbezdoochlhpw
-0.23,-3.13,0.25,mvejmejcxaxkbhncsjpmbezdoochlhpw
-0.26,2.79,0.25,mvejmejcxaxkbhncsjpmbezdoochlhpw
1.54,-1.34,0.25,mvejmejcxaxkbhncsjpmbezdoochlhpw
1.49,1.75,0.25,mvejmejcxaxkbhncsjpmbezdoochlhpw
-0.23,-2.47,0.25,mvejmejcxaxkbhncsjpmbezdoochlhpw
0.89,3.71,0.25,mvejmejcxaxkbhncsjpmbezdoochlhpw
1.67,1.48,0.25,mvejmejcxaxkbhncsjpmbezdoochlhpw
-0.26,-3.33,0.25,mvejmejcxaxkbhncsjpmbezdoochlhpw
1.05,-1.03,0.25,mvejmejcxaxkbhncsjpmbezdoochlhpw
-0.06,-3.27,0.25,mvejmejcxaxkbhncsjpmbezdoochlhpw
1.62,1.96,0.25,mvejmejcxaxkbhncsjpmbezdoochlhpw
0.36,-0.28,0.25,mvejmejcxaxkbhncsjpmbezdoochlhpw
0.05,2.08,0.25,mvejmejcxaxkbhncsjpmbezdoochlhpw
0.71,2.62,0.25,mvejmejcxaxkbhncsjpmbezdoochlhpw
0.81,-0.24,0.25,mvejmejcxaxkbhncsjpmbezdoochlhpw
0.2,-3.55,0.25,mvejmejcxaxkbhncsjpmbezdoochlhpw
0.31,-1.48,0.25,mvejmejcxaxkbhncsjpmbezdoochlhpw
1.26,-0.11,0.25,mvejmejcxaxkbhncsjpmbezdoochlhpw
1.62,-1.1,0.25,mvejmejcxaxkbhncsjpmbezdoochlhpw
0.03,-0.1,0.25,mvejmejcxaxkbhncsjpmbezdoochlhpw
0.11,1.28,0.25,mvejmejcxaxkbhncsjpmbezdoochlhpw
1.71,2.3,0.25,mvejmejcxaxkbhncsjpmbezdoochlhpw
0.96,1.07,0.25,mvejmejcxaxkbhncsjpmbezdoochlhpw
0.21,-3.58,0.25,mvejmejcxaxkbhncsjpmbezdoochlhpw
0.1,-2.79,0.25,mvejmejcxaxkbhncsjpmbezdoochlhpw
2,-1.13,0.25,mvejmejcxaxkbhncsjpmbezdoochlhpw
0,0.19,0.25,mvejmejcxaxkbhncsjpmbezdoochlhpw
1.59,2.55,0.25,mvejmejcxaxkbhncsjpmbezdoochlhpw
1.2,0.24,0.25,mvejmejcxaxkbhncsjpmbezdoochlhpw
0.62,-3.87,0.25,mvejmejcxaxkbhncsjpmbezdoochlhpw
-0.13,2.47,0.25,mvejmejcxaxkbhncsjpmbezdoochlhpw
0.28,-3.79,0.25,mvejmejcxaxkbhncsjpmbezdoochlhpw
0.93,3.42,0.25,mvejmejcxaxkbhncsjpmbezdoochlhpw
1.39,-2.42,0.25,mvejmejcxaxkbhncsjpmbezdoochlhpw
1.69,-0.08,0.25,mvejmejcxaxkbhncsjpmbezdoochlhpw
1.7,0.35,0.25,mvejmejcxaxkbhncsjpmbezdoochlhpw
1.45,-0.01,0.25,mvejmejcxaxkbhncsjpmbezdoochlhpw
1.85,2.94,0.25,mvejmejcxaxkbhncsjpmbezdoochlhpw
0.75,2.63,0.25,mvejmejcxaxkbhncsjpmbezdoochlhpw
1.65,0.29,0.25,mvejmejcxaxkbhncsjpmbezdoochlhpw
0.2,1.64,0.25,mvejmejcxaxkbhncsjpmbezdoochlhpw
-0.34,3.57,0.25,mvejmejcxaxkbhncsjpmbezdoochlhpw
-0.43,0.56,0.25,mvejmejcxaxkbhncsjpmbezdoochlhpw
1.58,-1.54,0.25,mvejmejcxaxkbhncsjpmbezdoochlhpw
0.79,3.89,0.25,mvejmejcxaxkbhncsjpmbezdoochlhpw
1.88,1.82,0.25,mvejmejcxaxkbhncsjpmbezdoochlhpw
1.52,-2.75,0.25,mvejmejcxaxkbhncsjpmbezdoochlhpw
-0.37,-1.36,0.25,mvejmejcxaxkbhncsjpmbezdoochlhpw
1.5,1.96,0.25,mvejmejcxaxkbhncsjpmbezdoochlhpw
0.26,0.9,0.25,mvejmejcxaxkbhncsjpmbezdoochlhpw
0.73,-1.07,0.25,mvejmejcxaxkbhncsjpmbezdoochlhpw
0.49,-3.05,0.25,mvejmejcxaxkbhncsjpmbezdoochlhpw
0.54,0.73,0.25,mvejmejcxaxkbhncsjpmbezdoochlhpw
1.85,-0.72,0.25,mvejmejcxaxkbhncsjpmbezdoochlhpw
-0.06,-3.46,0.25,mvejmejcxaxkbhncsjpmbezdoochlhpw
1.08,-1.02,0.25,mvejmejcxaxkbhncsjpmbezdoochlhpw
1.87,1.12,0.25,mvejmejcxaxkbhncsjpmbezdoochlhpw
1.42,3.78,0.25,mvejmejcxaxkbhncsjpmbezdoochlhpw
1.45,-1.52,0.25,mvejmejcxaxkbhncsjpmbezdoochlhpw
1.6,0.05,0.25,mvejmejcxaxkbhncsjpmbezdoochlhpw
-0.17,1.63,0.25,mvejmejcxaxkbhncsjpmbezdoochlhpw
0.53,-1.49,0.25,mvejmejcxaxkbhncsjpmbezdoochlhpw
1.84,1.82,0.25,mvejmejcxaxkbhncsjpmbezdoochlhpw
-0.2,3.01,0.25,mvejmejcxaxkbhncsjpmbezdoochlhpw
1.91,-3.66,0.25,mvejmejcxaxkbhncsjpmbezdoochlhpw
1.53,-1.12,0.25,mvejmejcxaxkbhncsjpmbezdoochlhpw
1.57,2.42,0.25,mvejmejcxaxkbhncsjpmbezdoochlhpw
1.03,-1.8,0.25,mvejmejcxaxkbhncsjpmbezdoochlhpw
1.19,3.71,0.25,mvejmejcxaxkbhncsjpmbezdoochlhpw
0.08,3.08,0.25,mvejmejcxaxkbhncsjpmbezdoochlhpw
0.3,-2.53,0.25,mvejmejcxaxkbhncsjpmbezdoochlhpw
0.15,0.22,0.25,mvejmejcxaxkbhncsjpmbezdoochlhpw
1.23,1.92,0.25,mvejmejcxaxkbhncsjpmbezdoochlhpw
0.66,0.13,0.25,mvejmejcxaxkbhncsjpmbezdoochlhpw
1.29,0.79,0.25,mvejmejcxaxkbhncsjpmbezdoochlhpw
1.55,0.15,0.25,mvejmejcxaxkbhncsjpmbezdoochlhpw
1.46,-3.56,0.25,mvejmejcxaxkbhncsjpmbezdoochlhpw
1.46,0.52,0.25,mvejmejcxaxkbhncsjpmbezdoochlhpw
1.33,0.89,0.25,mvejmejcxaxkbhncsjpmbezdoochlhpw
-0.43,0.41,0.25,mvejmejcxaxkbhncsjpmbezdoochlhpw
0.29,2.94,0.25,mvejmejcxaxkbhncsjpmbezdoochlhpw
1.98,-3.14,0.25,mvejmejcxaxkbhncsjpmbezdoochlhpw
1.58,2.33,0.25,mvejmejcxaxkbhncsjpmbezdoochlhpw
0.65,-0.15,0.25,mvejmejcxaxkbhncsjpmbezdoochlhpw
1.66,0.04,0.25,mvejmejcxaxkbhncsjpmbezdoochlhpw
-0.04,3.45,0.25,mvejmejcxaxkbhncsjpmbezdoochlhpw
-0.34,0.7,0.25,mvejmejcxaxkbhncsjpmbezdoochlhpw
1.98,-1.79,0.25,mvejmejcxaxkbhncsjpmbezdoochlhpw
-0.06,0.49,0.25,mvejmejcxaxkbhncsjpmbezdoochlhpw
1.16,0.09,0.25,mvejmejcxaxkbhncsjpmbezdoochlhpw
1.74,1,0.25,mvejmejcxaxkbhncsjpmbezdoochlhpw
1.99,1.88,0.25,mvejmejcxaxkbhncsjpmbezdoochlhpw
-0.18,-0.54,0.25,mvejmejcxaxkbhncsjpmbezdoochlhpw
1.04,-3.87,0.25,mvejmejcxaxkbhncsjpmbezdoochlhpw
1.88,0.25,0.25,mvejmejcxaxkbhncsjpmbezdoochlhpw
0.56,-2.15,0.25,mvejmejcxaxkbhncsjpmbezdoochlhpw
-0.44,-1.42,0.25,mvejmejcxaxkbhncsjpmbezdoochlhpw
-0.23,-1.13,0.25,mvejmejcxaxkbhncsjpmbezdoochlhpw
0.05,0.23,0.25,mvejmejcxaxkbhncsjpmbezdoochlhpw
1.2,-2.42,0.25,mvejmejcxaxkbhncsjpmbezdoochlhpw
0.34,-3.48,0.25,mvejmejcxaxkbhncsjpmbezdoochlhpw
0.47,3.58,0.25,mvejmejcxaxkbhncsjpmbezdoochlhpw
0.09,1.85,0.25,mvejmejcxaxkbhncsjpmbezdoochlhpw
0.77,-2.76,0.25,mvejmejcxaxkbhncsjpmbezdoochlhpw
-0.45,-1.34,0.25,mvejmejcxaxkbhncsjpmbezdoochlhpw
0.88,3.06,0.25,mvejmejcxaxkbhncsjpmbezdoochlhpw
-0.46,-1.12,0.25,mvejmejcxaxkbhncsjpmbezdoochlhpw
-0.02,0.7,0.25,mvejmejcxaxkbhncsjpmbezdoochlhpw
2,2.74,0.25,mvejmejcxaxkbhncsjpmbezdoochlhpw
0.19,0.11,0.25,mvejmejcxaxkbhncsjpmbezdoochlhpw
-0.11,2.53,0.25,mvejmejcxaxkbhncsjpmbezdoochlhpw
0.69,1.68,0.25,mvejmejcxaxkbhncsjpmbezdoochlhpw
1.97,2.96,0.25,mvejmejcxaxkbhncsjpmbezdoochlhpw
-0.08,3.95,0.25,mvejmejcxaxkbhncsjpmbezdoochlhpw
0.78,-0.2,0.25,mvejmejcxaxkbhncsjpmbezdoochlhpw
0.16,2.87,0.25,mvejmejcxaxkbhncsjpmbezdoochlhpw
0.67,-1.08,0.25,mvejmejcxaxkbhncsjpmbezdoochlhpw
0.25,-1.92,0.25,mvejmejcxaxkbhncsjpmbezdoochlhpw
1.22,3.88,0.25,mvejmejcxaxkbhncsjpmbezdoochlhpw
1.83,1.8,0.25,mvejmejcxaxkbhncsjpmbezdoochlhpw
1.76,3.91,0.25,mvejmejcxaxkbhncsjpmbezdoochlhpw
1.43,1.79,0.25,mvejmejcxaxkbhncsjpmbezdoochlhpw
1.02,3.38,0.25,mvejmejcxaxkbhncsjpmbezdoochlhpw
0.91,1.45,0.25,mvejmejcxaxkbhncsjpmbezdoochlhpw
0.9,-4,0.25,mvejmejcxaxkbhncsjpmbezdoochlhpw
-0.45,2.7,0.25,mvejmejcxaxkbhncsjpmbezdoochlhpw
0.02,-0.29,0.25,mvejmejcxaxkbhncsjpmbezdoochlhpw
1.7,-2.09,0.25,mvejmejcxaxkbhncsjpmbezdoochlhpw
1.53,3.25,0.25,mvejmejcxaxkbhncsjpmbezdoochlhpw
0.04,2.21,0.25,mvejmejcxaxkbhncsjpmbezdoochlhpw
1.7,0.39,0.25,mvejmejcxaxkbhncsjpmbezdoochlhpw
1.06,-1.07,0.25,mvejmejcxaxkbhncsjpmbezdoochlhpw
1.47,-3.92,0.25,mvejmejcxaxkbhncsjpmbezdoochlhpw
1.91,1.77,0.25,mvejmejcxaxkbhncsjpmbezdoochlhpw
0.92,-3.67,0.25,mvejmejcxaxkbhncsjpmbezdoochlhpw
-0.3,3.4,0.25,mvejmejcxaxkbhncsjpmbezdoochlhpw
1.12,-0.87,0.25,mvejmejcxaxkbhncsjpmbezdoochlhpw
1.83,-1.65,0.25,mvejmejcxaxkbhncsjpmbezdoochlhpw
0.65,0.73,0.25,mvejmejcxaxkbhncsjpmbezdoochlhpw
1.65,-1.26,0.25,mvejmejcxaxkbhncsjpmbezdoochlhpw
-0.34,3.15,0.25,mvejmejcxaxkbhncsjpmbezdoochlhpw
0.37,-0.35,0.25,mvejmejcxaxkbhncsjpmbezdoochlhpw
-0.29,2.99,0.25,mvejmejcxaxkbhncsjpmbezdoochlhpw
0.21,-3.4,0.25,mvejmejcxaxkbhncsjpmbezdoochlhpw
0.48,-2.12,0.25,mvejmejcxaxkbhncsjpmbezdoochlhpw
0.95,3.48,0.25,mvejmejcxaxkbhncsjpmbezdoochlhpw
0.23,-0.48,0.25,mvejmejcxaxkbhncsjpmbezdoochlhpw
-0.37,1.88,0.25,mvejmejcxaxkbhncsjpmbezdoochlhpw
1.08,-1.55,0.25,mvejmejcxaxkbhncsjpmbezdoochlhpw
-0.03,-0.52,0.25,mvejmejcxaxkbhncsjpmbezdoochlhpw
-0.11,-1.44,0.25,mvejmejcxaxkbhncsjpmbezdoochlhpw
1.98,-3.58,0.25,mvejmejcxaxkbhncsjpmbezdoochlhpw
1.05,3.78,0.25,mvejmejcxaxkbhncsjpmbezdoochlhpw
0.69,-1.6,0.25,mvejmejcxaxkbhncsjpmbezdoochlhpw
0.81,0.2,0.25,mvejmejcxaxkbhncsjpmbezdoochlhpw
1.58,1.11,0.25,mvejmejcxaxkbhncsjpmbezdoochlhpw
1.37,-0.01,0.25,mvejmejcxaxkbhncsjpmbezdoochlhpw
1.19,-3.92,0.25,mvejmejcxaxkbhncsjpmbezdoochlhpw
-0.18,-2.61,0.25,mvejmejcxaxkbhncsjpmbezdoochlhpw
-0.28,0.98,0.25,mvejmejcxaxkbhncsjpmbezdoochlhpw
1.97,-0.96,0.25,mvejmejcxaxkbhncsjpmbezdoochlhpw
1.63,3.97,0.25,mvejmejcxaxkbhncsjpmbezdoochlhpw
-0.01,3.02,0.25,mvejmejcxaxkbhncsjpmbezdoochlhpw
0.85,-3.34,0.25,mvejmejcxaxkbhncsjpmbezdoochlhpw
0.98,-0.56,0.25,mvejmejcxaxkbhncsjpmbezdoochlhpw
1.08,0.8,0.25,mvejmejcxaxkbhncsjpmbezdoochlhpw
1.23,2.46,0.25,mvejmejcxaxkbhncsjpmbezdoochlhpw
0.07,2.09,0.25,mvejmejcxaxkbhncsjpmbezdoochlhpw
1.6,2.77,0.25,mvejmejcxaxkbhncsjpmbezdoochlhpw
-0.19,2.5,0.25,mvejmejcxaxkbhncsjpmbezdoochlhpw
1.5,-0.32,0.25,mvejmejcxaxkbhncsjpmbezdoochlhpw
0.1,0.71,0.25,mvejmejcxaxkbhncsjpmbezdoochlhpw
0.61,2.79,0.25,mvejmejcxaxkbhncsjpmbezdoochlhpw
0.94,-0.98,0.25,mvejmejcxaxkbhncsjpmbezdoochlhpw
1.34,-0.45,0.25,mvejmejcxaxkbhncsjpmbezdoochlhpw
0.03,2.17,0.25,mvejmejcxaxkbhncsjpmbezdoochlhpw
-0.24,0.99,0.25,mvejmejcxaxkbhncsjpmbezdoochlhpw
1.47,-3.77,0.25,mvejmejcxaxkbhncsjpmbezdoochlhpw
-0.34,0.03,0.25,mvejmejcxaxkbhncsjpmbezdoochlhpw
1.12,-1.83,0.25,mvejmejcxaxkbhncsjpmbezdoochlhpw
0.68,-1.81,0.25,mvejmejcxaxkbhncsjpmbezdoochlhpw
-0.01,-3.97,0.25,mvejmejcxaxkbhncsjpmbezdoochlhpw
0.04,1.49,0.25,mvejmejcxaxkbhncsjpmbezdoochlhpw
0.83,-0.09,0.25,mvejmejcxaxkbhncsjpmbezdoochlhpw
0.34,-3.59,0.25,mvejmejcxaxkbhncsjpmbezdoochlhpw
0.33,-1.67,0.25,mvejmejcxaxkbhncsjpmbezdoochlhpw
0.94,1.81,0.25,mvejmejcxaxkbhncsjpmbezdoochlhpw
-0.01,2,0.25,mvejmejcxaxkbhncsjpmbezdoochlhpw
0.26,2.8,0.25,mvejmejcxaxkbhncsjpmbezdoochlhpw
1.33,-0.59,0.25,mvejmejcxaxkbhncsjpmbezdoochlhpw
-0.14,-2.6,0.25,mvejmejcxaxkbhncsjpmbezdoochlhpw
-0.24,-1.21,0.25,mvejmejcxaxkbhncsjpmbezdoochlhpw
0.58,-2.1,0.25,mvejmejcxaxkbhncsjpmbezdoochlhpw
-0.1,-1.62,0.25,mvejmejcxaxkbhncsjpmbezdoochlhpw
0.41,2.77,0.25,mvejmejcxaxkbhncsjpmbezdoochlhpw
0.54,2.61,0.25,mvejmejcxaxkbhncsjpmbezdoochlhpw
-0.06,-3.19,0.25,mvejmejcxaxkbhncsjpmbezdoochlhpw
1.34,-1.73,0.25,mvejmejcxaxkbhncsjpmbezdoochlhpw
1.15,-2.84,0.25,mvejmejcxaxkbhncsjpmbezdoochlhpw
1.35,2.32,0.25,mvejmejcxaxkbhncsjpmbezdoochlhpw
-0.35,0.84,0.25,mvejmejcxaxkbhncsjpmbezdoochlhpw
-0.1,-1.23,0.25,mvejmejcxaxkbhncsjpmbezdoochlhpw
-0.4,-1.48,0.25,mvejmejcxaxkbhncsjpmbezdoochlhpw
1.55,-3.77,0.25,mvejmejcxaxkbhncsjpmbezdoochlhpw
-0.25,1.5,0.25,mvejmejcxaxkbhncsjpmbezdoochlhpw
0.65,-3.4,0.25,mvejmejcxaxkbhncsjpmbezdoochlhpw
-0.09,-1.29,0.25,mvejmejcxaxkbhncsjpmbezdoochlhpw
0.2,2.62,0.25,mvejmejcxaxkbhncsjpmbezdoochlhpw
0.21,-1.37,0.25,mvejmejcxaxkbhncsjpmbezdoochlhpw
1.48,0.46,0.25,mvejmejcxaxkbhncsjpmbezdoochlhpw
1.64,-2.84,0.25,mvejmejcxaxkbhncsjpmbezdoochlhpw
0.54,1.81,0.25,mvejmejcxaxkbhncsjpmbezdoochlhpw
0.56,2.41,0.25,mvejmejcxaxkbhncsjpmbezdoochlhpw
-0.25,2.13,0.25,mvejmejcxaxkbhncsjpmbezdoochlhpw
-0.13,-2.43,0.25,mvejmejcxaxkbhncsjpmbezdoochlhpw
-0.42,3.82,0.25,mvejmejcxaxkbhncsjpmbezdoochlhpw
0.14,-3.58,0.25,mvejmejcxaxkbhncsjpmbezdoochlhpw
2,-0.98,0.25,mvejmejcxaxkbhncsjpmbezdoochlhpw
0.64,2.62,0.25,mvejmejcxaxkbhncsjpmbezdoochlhpw
1.53,-2.81,0.25,mvejmejcxaxkbhncsjpmbezdoochlhpw
0.62,-3.69,0.25,mvejmejcxaxkbhncsjpmbezdoochlhpw
1.67,-3.86,0.25,mvejmejcxaxkbhncsjpmbezdoochlhpw
1.98,-0.37,0.25,mvejmejcxaxkbhncsjpmbezdoochlhpw
1.43,0.14,0.25,mvejmejcxaxkbhncsjpmbezdoochlhpw
0.97,-3.85,0.25,mvejmejcxaxkbhncsjpmbezdoochlhpw
0.62,2.37,0.25,mvejmejcxaxkbhncsjpmbezdoochlhpw
0.58,1.42,0.25,mvejmejcxaxkbhncsjpmbezdoochlhpw
0.35,-1.38,0.25,mvejmejcxaxkbhncsjpmbezdoochlhpw
1.91,1.84,0.25,mvejmejcxaxkbhncsjpmbezdoochlhpw
-0.45,0.14,0.25,mvejmejcxaxkbhncsjpmbezdoochlhpw
1.92,2.13,0.25,mvejmejcxaxkbhncsjpmbezdoochlhpw
1.65,-0.68,0.25,mvejmejcxaxkbhncsjpmbezdoochlhpw
1.54,-0.36,0.25,mvejmejcxaxkbhncsjpmbezdoochlhpw
1.36,-0.77,0.25,mvejmejcxaxkbhncsjpmbezdoochlhpw
1.61,-2.9,0.25,mvejmejcxaxkbhncsjpmbezdoochlhpw
1.32,0.25,0.25,mvejmejcxaxkbhncsjpmbezdoochlhpw
0.58,-0.79,0.25,mvejmejcxaxkbhncsjpmbezdoochlhpw
0.31,0.21,0.25,mvejmejcxaxkbhncsjpmbezdoochlhpw
1.62,3.04,0.25,mvejmejcxaxkbhncsjpmbezdoochlhpw
1.34,1.59,0.25,mvejmejcxaxkbhncsjpmbezdoochlhpw
0.4,1.48,0.25,mvejmejcxaxkbhncsjpmbezdoochlhpw
0.37,1.54,0.25,mvejmejcxaxkbhncsjpmbezdoochlhpw
0.05,-0.42,0.25,mvejmejcxaxkbhncsjpmbezdoochlhpw
1.59,0.2,0.25,mvejmejcxaxkbhncsjpmbezdoochlhpw
1.55,3.79,0.25,mvejmejcxaxkbhncsjpmbezdoochlhpw
0.47,1.19,0.25,mvejmejcxaxkbhncsjpmbezdoochlhpw
